Making all in gsl
Making all in utils
libtool: compile:  /usr/bin/cc -DHAVE_CONFIG_H -I. -I/home/evgeniy/MPI-PI_Monte_Karlo/build/gsl_build/src/gsl_external/gsl-2.8/utils -I.. -g -O2 -MT placeholder.lo -MD -MP -MF .deps/placeholder.Tpo -c /home/evgeniy/MPI-PI_Monte_Karlo/build/gsl_build/src/gsl_external/gsl-2.8/utils/placeholder.c -o placeholder.o
libtool: link: ar cr .libs/libutils.a  placeholder.o
libtool: link: ranlib .libs/libutils.a
libtool: link: ( cd ".libs" && rm -f "libutils.la" && ln -s "../libutils.la" "libutils.la" )
Making all in sys
libtool: compile:  /usr/bin/cc -DHAVE_CONFIG_H -I. -I/home/evgeniy/MPI-PI_Monte_Karlo/build/gsl_build/src/gsl_external/gsl-2.8/sys -I.. -I/home/evgeniy/MPI-PI_Monte_Karlo/build/gsl_build/src/gsl_external/gsl-2.8 -g -O2 -MT minmax.lo -MD -MP -MF .deps/minmax.Tpo -c /home/evgeniy/MPI-PI_Monte_Karlo/build/gsl_build/src/gsl_external/gsl-2.8/sys/minmax.c -o minmax.o
libtool: compile:  /usr/bin/cc -DHAVE_CONFIG_H -I. -I/home/evgeniy/MPI-PI_Monte_Karlo/build/gsl_build/src/gsl_external/gsl-2.8/sys -I.. -I/home/evgeniy/MPI-PI_Monte_Karlo/build/gsl_build/src/gsl_external/gsl-2.8 -g -O2 -MT prec.lo -MD -MP -MF .deps/prec.Tpo -c /home/evgeniy/MPI-PI_Monte_Karlo/build/gsl_build/src/gsl_external/gsl-2.8/sys/prec.c -o prec.o
libtool: compile:  /usr/bin/cc -DHAVE_CONFIG_H -I. -I/home/evgeniy/MPI-PI_Monte_Karlo/build/gsl_build/src/gsl_external/gsl-2.8/sys -I.. -I/home/evgeniy/MPI-PI_Monte_Karlo/build/gsl_build/src/gsl_external/gsl-2.8 -g -O2 -MT hypot.lo -MD -MP -MF .deps/hypot.Tpo -c /home/evgeniy/MPI-PI_Monte_Karlo/build/gsl_build/src/gsl_external/gsl-2.8/sys/hypot.c -o hypot.o
libtool: compile:  /usr/bin/cc -DHAVE_CONFIG_H -I. -I/home/evgeniy/MPI-PI_Monte_Karlo/build/gsl_build/src/gsl_external/gsl-2.8/sys -I.. -I/home/evgeniy/MPI-PI_Monte_Karlo/build/gsl_build/src/gsl_external/gsl-2.8 -g -O2 -MT log1p.lo -MD -MP -MF .deps/log1p.Tpo -c /home/evgeniy/MPI-PI_Monte_Karlo/build/gsl_build/src/gsl_external/gsl-2.8/sys/log1p.c -o log1p.o
libtool: compile:  /usr/bin/cc -DHAVE_CONFIG_H -I. -I/home/evgeniy/MPI-PI_Monte_Karlo/build/gsl_build/src/gsl_external/gsl-2.8/sys -I.. -I/home/evgeniy/MPI-PI_Monte_Karlo/build/gsl_build/src/gsl_external/gsl-2.8 -g -O2 -MT expm1.lo -MD -MP -MF .deps/expm1.Tpo -c /home/evgeniy/MPI-PI_Monte_Karlo/build/gsl_build/src/gsl_external/gsl-2.8/sys/expm1.c -o expm1.o
libtool: compile:  /usr/bin/cc -DHAVE_CONFIG_H -I. -I/home/evgeniy/MPI-PI_Monte_Karlo/build/gsl_build/src/gsl_external/gsl-2.8/sys -I.. -I/home/evgeniy/MPI-PI_Monte_Karlo/build/gsl_build/src/gsl_external/gsl-2.8 -g -O2 -MT coerce.lo -MD -MP -MF .deps/coerce.Tpo -c /home/evgeniy/MPI-PI_Monte_Karlo/build/gsl_build/src/gsl_external/gsl-2.8/sys/coerce.c -o coerce.o
libtool: compile:  /usr/bin/cc -DHAVE_CONFIG_H -I. -I/home/evgeniy/MPI-PI_Monte_Karlo/build/gsl_build/src/gsl_external/gsl-2.8/sys -I.. -I/home/evgeniy/MPI-PI_Monte_Karlo/build/gsl_build/src/gsl_external/gsl-2.8 -g -O2 -MT invhyp.lo -MD -MP -MF .deps/invhyp.Tpo -c /home/evgeniy/MPI-PI_Monte_Karlo/build/gsl_build/src/gsl_external/gsl-2.8/sys/invhyp.c -o invhyp.o
libtool: compile:  /usr/bin/cc -DHAVE_CONFIG_H -I. -I/home/evgeniy/MPI-PI_Monte_Karlo/build/gsl_build/src/gsl_external/gsl-2.8/sys -I.. -I/home/evgeniy/MPI-PI_Monte_Karlo/build/gsl_build/src/gsl_external/gsl-2.8 -g -O2 -MT pow_int.lo -MD -MP -MF .deps/pow_int.Tpo -c /home/evgeniy/MPI-PI_Monte_Karlo/build/gsl_build/src/gsl_external/gsl-2.8/sys/pow_int.c -o pow_int.o
libtool: compile:  /usr/bin/cc -DHAVE_CONFIG_H -I. -I/home/evgeniy/MPI-PI_Monte_Karlo/build/gsl_build/src/gsl_external/gsl-2.8/sys -I.. -I/home/evgeniy/MPI-PI_Monte_Karlo/build/gsl_build/src/gsl_external/gsl-2.8 -g -O2 -MT infnan.lo -MD -MP -MF .deps/infnan.Tpo -c /home/evgeniy/MPI-PI_Monte_Karlo/build/gsl_build/src/gsl_external/gsl-2.8/sys/infnan.c -o infnan.o
libtool: compile:  /usr/bin/cc -DHAVE_CONFIG_H -I. -I/home/evgeniy/MPI-PI_Monte_Karlo/build/gsl_build/src/gsl_external/gsl-2.8/sys -I.. -I/home/evgeniy/MPI-PI_Monte_Karlo/build/gsl_build/src/gsl_external/gsl-2.8 -g -O2 -MT fdiv.lo -MD -MP -MF .deps/fdiv.Tpo -c /home/evgeniy/MPI-PI_Monte_Karlo/build/gsl_build/src/gsl_external/gsl-2.8/sys/fdiv.c -o fdiv.o
libtool: compile:  /usr/bin/cc -DHAVE_CONFIG_H -I. -I/home/evgeniy/MPI-PI_Monte_Karlo/build/gsl_build/src/gsl_external/gsl-2.8/sys -I.. -I/home/evgeniy/MPI-PI_Monte_Karlo/build/gsl_build/src/gsl_external/gsl-2.8 -g -O2 -MT fcmp.lo -MD -MP -MF .deps/fcmp.Tpo -c /home/evgeniy/MPI-PI_Monte_Karlo/build/gsl_build/src/gsl_external/gsl-2.8/sys/fcmp.c -o fcmp.o
libtool: compile:  /usr/bin/cc -DHAVE_CONFIG_H -I. -I/home/evgeniy/MPI-PI_Monte_Karlo/build/gsl_build/src/gsl_external/gsl-2.8/sys -I.. -I/home/evgeniy/MPI-PI_Monte_Karlo/build/gsl_build/src/gsl_external/gsl-2.8 -g -O2 -MT ldfrexp.lo -MD -MP -MF .deps/ldfrexp.Tpo -c /home/evgeniy/MPI-PI_Monte_Karlo/build/gsl_build/src/gsl_external/gsl-2.8/sys/ldfrexp.c -o ldfrexp.o
libtool: link: ar cr .libs/libgslsys.a  minmax.o prec.o hypot.o log1p.o expm1.o coerce.o invhyp.o pow_int.o infnan.o fdiv.o fcmp.o ldfrexp.o
libtool: link: ranlib .libs/libgslsys.a
libtool: link: ( cd ".libs" && rm -f "libgslsys.la" && ln -s "../libgslsys.la" "libgslsys.la" )
Making all in test
libtool: compile:  /usr/bin/cc -DHAVE_CONFIG_H -I. -I/home/evgeniy/MPI-PI_Monte_Karlo/build/gsl_build/src/gsl_external/gsl-2.8/test -I.. -g -O2 -MT results.lo -MD -MP -MF .deps/results.Tpo -c /home/evgeniy/MPI-PI_Monte_Karlo/build/gsl_build/src/gsl_external/gsl-2.8/test/results.c -o results.o
libtool: link: ar cr .libs/libgsltest.a  results.o
libtool: link: ranlib .libs/libgsltest.a
libtool: link: ( cd ".libs" && rm -f "libgsltest.la" && ln -s "../libgsltest.la" "libgsltest.la" )
Making all in err
libtool: compile:  /usr/bin/cc -DHAVE_CONFIG_H -I. -I/home/evgeniy/MPI-PI_Monte_Karlo/build/gsl_build/src/gsl_external/gsl-2.8/err -I.. -g -O2 -MT error.lo -MD -MP -MF .deps/error.Tpo -c /home/evgeniy/MPI-PI_Monte_Karlo/build/gsl_build/src/gsl_external/gsl-2.8/err/error.c -o error.o
libtool: compile:  /usr/bin/cc -DHAVE_CONFIG_H -I. -I/home/evgeniy/MPI-PI_Monte_Karlo/build/gsl_build/src/gsl_external/gsl-2.8/err -I.. -g -O2 -MT stream.lo -MD -MP -MF .deps/stream.Tpo -c /home/evgeniy/MPI-PI_Monte_Karlo/build/gsl_build/src/gsl_external/gsl-2.8/err/stream.c -o stream.o
libtool: compile:  /usr/bin/cc -DHAVE_CONFIG_H -I. -I/home/evgeniy/MPI-PI_Monte_Karlo/build/gsl_build/src/gsl_external/gsl-2.8/err -I.. -g -O2 -MT message.lo -MD -MP -MF .deps/message.Tpo -c /home/evgeniy/MPI-PI_Monte_Karlo/build/gsl_build/src/gsl_external/gsl-2.8/err/message.c -o message.o
libtool: compile:  /usr/bin/cc -DHAVE_CONFIG_H -I. -I/home/evgeniy/MPI-PI_Monte_Karlo/build/gsl_build/src/gsl_external/gsl-2.8/err -I.. -g -O2 -MT strerror.lo -MD -MP -MF .deps/strerror.Tpo -c /home/evgeniy/MPI-PI_Monte_Karlo/build/gsl_build/src/gsl_external/gsl-2.8/err/strerror.c -o strerror.o
libtool: link: ar cr .libs/libgslerr.a  error.o stream.o message.o strerror.o
libtool: link: ranlib .libs/libgslerr.a
libtool: link: ( cd ".libs" && rm -f "libgslerr.la" && ln -s "../libgslerr.la" "libgslerr.la" )
Making all in bst
libtool: compile:  /usr/bin/cc -DHAVE_CONFIG_H -I. -I/home/evgeniy/MPI-PI_Monte_Karlo/build/gsl_build/src/gsl_external/gsl-2.8/bst -I.. -I/home/evgeniy/MPI-PI_Monte_Karlo/build/gsl_build/src/gsl_external/gsl-2.8 -g -O2 -MT avl.lo -MD -MP -MF .deps/avl.Tpo -c /home/evgeniy/MPI-PI_Monte_Karlo/build/gsl_build/src/gsl_external/gsl-2.8/bst/avl.c -o avl.o
libtool: compile:  /usr/bin/cc -DHAVE_CONFIG_H -I. -I/home/evgeniy/MPI-PI_Monte_Karlo/build/gsl_build/src/gsl_external/gsl-2.8/bst -I.. -I/home/evgeniy/MPI-PI_Monte_Karlo/build/gsl_build/src/gsl_external/gsl-2.8 -g -O2 -MT bst.lo -MD -MP -MF .deps/bst.Tpo -c /home/evgeniy/MPI-PI_Monte_Karlo/build/gsl_build/src/gsl_external/gsl-2.8/bst/bst.c -o bst.o
libtool: compile:  /usr/bin/cc -DHAVE_CONFIG_H -I. -I/home/evgeniy/MPI-PI_Monte_Karlo/build/gsl_build/src/gsl_external/gsl-2.8/bst -I.. -I/home/evgeniy/MPI-PI_Monte_Karlo/build/gsl_build/src/gsl_external/gsl-2.8 -g -O2 -MT rb.lo -MD -MP -MF .deps/rb.Tpo -c /home/evgeniy/MPI-PI_Monte_Karlo/build/gsl_build/src/gsl_external/gsl-2.8/bst/rb.c -o rb.o
libtool: compile:  /usr/bin/cc -DHAVE_CONFIG_H -I. -I/home/evgeniy/MPI-PI_Monte_Karlo/build/gsl_build/src/gsl_external/gsl-2.8/bst -I.. -I/home/evgeniy/MPI-PI_Monte_Karlo/build/gsl_build/src/gsl_external/gsl-2.8 -g -O2 -MT trav.lo -MD -MP -MF .deps/trav.Tpo -c /home/evgeniy/MPI-PI_Monte_Karlo/build/gsl_build/src/gsl_external/gsl-2.8/bst/trav.c -o trav.o
libtool: link: ar cr .libs/libgslbst.a  avl.o bst.o rb.o trav.o
libtool: link: ranlib .libs/libgslbst.a
libtool: link: ( cd ".libs" && rm -f "libgslbst.la" && ln -s "../libgslbst.la" "libgslbst.la" )
Making all in const
Making all in complex
libtool: compile:  /usr/bin/cc -DHAVE_CONFIG_H -I. -I/home/evgeniy/MPI-PI_Monte_Karlo/build/gsl_build/src/gsl_external/gsl-2.8/complex -I.. -I/home/evgeniy/MPI-PI_Monte_Karlo/build/gsl_build/src/gsl_external/gsl-2.8 -g -O2 -MT math.lo -MD -MP -MF .deps/math.Tpo -c /home/evgeniy/MPI-PI_Monte_Karlo/build/gsl_build/src/gsl_external/gsl-2.8/complex/math.c -o math.o
libtool: compile:  /usr/bin/cc -DHAVE_CONFIG_H -I. -I/home/evgeniy/MPI-PI_Monte_Karlo/build/gsl_build/src/gsl_external/gsl-2.8/complex -I.. -I/home/evgeniy/MPI-PI_Monte_Karlo/build/gsl_build/src/gsl_external/gsl-2.8 -g -O2 -MT inline.lo -MD -MP -MF .deps/inline.Tpo -c /home/evgeniy/MPI-PI_Monte_Karlo/build/gsl_build/src/gsl_external/gsl-2.8/complex/inline.c -o inline.o
libtool: link: ar cr .libs/libgslcomplex.a  math.o inline.o
libtool: link: ranlib .libs/libgslcomplex.a
libtool: link: ( cd ".libs" && rm -f "libgslcomplex.la" && ln -s "../libgslcomplex.la" "libgslcomplex.la" )
Making all in cheb
libtool: compile:  /usr/bin/cc -DHAVE_CONFIG_H -I. -I/home/evgeniy/MPI-PI_Monte_Karlo/build/gsl_build/src/gsl_external/gsl-2.8/cheb -I.. -I/home/evgeniy/MPI-PI_Monte_Karlo/build/gsl_build/src/gsl_external/gsl-2.8 -g -O2 -MT deriv.lo -MD -MP -MF .deps/deriv.Tpo -c /home/evgeniy/MPI-PI_Monte_Karlo/build/gsl_build/src/gsl_external/gsl-2.8/cheb/deriv.c -o deriv.o
libtool: compile:  /usr/bin/cc -DHAVE_CONFIG_H -I. -I/home/evgeniy/MPI-PI_Monte_Karlo/build/gsl_build/src/gsl_external/gsl-2.8/cheb -I.. -I/home/evgeniy/MPI-PI_Monte_Karlo/build/gsl_build/src/gsl_external/gsl-2.8 -g -O2 -MT eval.lo -MD -MP -MF .deps/eval.Tpo -c /home/evgeniy/MPI-PI_Monte_Karlo/build/gsl_build/src/gsl_external/gsl-2.8/cheb/eval.c -o eval.o
libtool: compile:  /usr/bin/cc -DHAVE_CONFIG_H -I. -I/home/evgeniy/MPI-PI_Monte_Karlo/build/gsl_build/src/gsl_external/gsl-2.8/cheb -I.. -I/home/evgeniy/MPI-PI_Monte_Karlo/build/gsl_build/src/gsl_external/gsl-2.8 -g -O2 -MT init.lo -MD -MP -MF .deps/init.Tpo -c /home/evgeniy/MPI-PI_Monte_Karlo/build/gsl_build/src/gsl_external/gsl-2.8/cheb/init.c -o init.o
libtool: compile:  /usr/bin/cc -DHAVE_CONFIG_H -I. -I/home/evgeniy/MPI-PI_Monte_Karlo/build/gsl_build/src/gsl_external/gsl-2.8/cheb -I.. -I/home/evgeniy/MPI-PI_Monte_Karlo/build/gsl_build/src/gsl_external/gsl-2.8 -g -O2 -MT integ.lo -MD -MP -MF .deps/integ.Tpo -c /home/evgeniy/MPI-PI_Monte_Karlo/build/gsl_build/src/gsl_external/gsl-2.8/cheb/integ.c -o integ.o
libtool: link: ar cr .libs/libgslcheb.a  deriv.o eval.o init.o integ.o
libtool: link: ranlib .libs/libgslcheb.a
libtool: link: ( cd ".libs" && rm -f "libgslcheb.la" && ln -s "../libgslcheb.la" "libgslcheb.la" )
Making all in block
libtool: compile:  /usr/bin/cc -DHAVE_CONFIG_H -I. -I/home/evgeniy/MPI-PI_Monte_Karlo/build/gsl_build/src/gsl_external/gsl-2.8/block -I.. -I/home/evgeniy/MPI-PI_Monte_Karlo/build/gsl_build/src/gsl_external/gsl-2.8 -g -O2 -MT init.lo -MD -MP -MF .deps/init.Tpo -c /home/evgeniy/MPI-PI_Monte_Karlo/build/gsl_build/src/gsl_external/gsl-2.8/block/init.c -o init.o
libtool: compile:  /usr/bin/cc -DHAVE_CONFIG_H -I. -I/home/evgeniy/MPI-PI_Monte_Karlo/build/gsl_build/src/gsl_external/gsl-2.8/block -I.. -I/home/evgeniy/MPI-PI_Monte_Karlo/build/gsl_build/src/gsl_external/gsl-2.8 -g -O2 -MT file.lo -MD -MP -MF .deps/file.Tpo -c /home/evgeniy/MPI-PI_Monte_Karlo/build/gsl_build/src/gsl_external/gsl-2.8/block/file.c -o file.o
libtool: compile:  /usr/bin/cc -DHAVE_CONFIG_H -I. -I/home/evgeniy/MPI-PI_Monte_Karlo/build/gsl_build/src/gsl_external/gsl-2.8/block -I.. -I/home/evgeniy/MPI-PI_Monte_Karlo/build/gsl_build/src/gsl_external/gsl-2.8 -g -O2 -MT block.lo -MD -MP -MF .deps/block.Tpo -c /home/evgeniy/MPI-PI_Monte_Karlo/build/gsl_build/src/gsl_external/gsl-2.8/block/block.c -o block.o
libtool: link: ar cr .libs/libgslblock.a  init.o file.o block.o
libtool: link: ranlib .libs/libgslblock.a
libtool: link: ( cd ".libs" && rm -f "libgslblock.la" && ln -s "../libgslblock.la" "libgslblock.la" )
Making all in vector
libtool: compile:  /usr/bin/cc -DHAVE_CONFIG_H -I. -I/home/evgeniy/MPI-PI_Monte_Karlo/build/gsl_build/src/gsl_external/gsl-2.8/vector -I.. -I/home/evgeniy/MPI-PI_Monte_Karlo/build/gsl_build/src/gsl_external/gsl-2.8 -g -O2 -MT init.lo -MD -MP -MF .deps/init.Tpo -c /home/evgeniy/MPI-PI_Monte_Karlo/build/gsl_build/src/gsl_external/gsl-2.8/vector/init.c -o init.o
libtool: compile:  /usr/bin/cc -DHAVE_CONFIG_H -I. -I/home/evgeniy/MPI-PI_Monte_Karlo/build/gsl_build/src/gsl_external/gsl-2.8/vector -I.. -I/home/evgeniy/MPI-PI_Monte_Karlo/build/gsl_build/src/gsl_external/gsl-2.8 -g -O2 -MT file.lo -MD -MP -MF .deps/file.Tpo -c /home/evgeniy/MPI-PI_Monte_Karlo/build/gsl_build/src/gsl_external/gsl-2.8/vector/file.c -o file.o
libtool: compile:  /usr/bin/cc -DHAVE_CONFIG_H -I. -I/home/evgeniy/MPI-PI_Monte_Karlo/build/gsl_build/src/gsl_external/gsl-2.8/vector -I.. -I/home/evgeniy/MPI-PI_Monte_Karlo/build/gsl_build/src/gsl_external/gsl-2.8 -g -O2 -MT vector.lo -MD -MP -MF .deps/vector.Tpo -c /home/evgeniy/MPI-PI_Monte_Karlo/build/gsl_build/src/gsl_external/gsl-2.8/vector/vector.c -o vector.o
libtool: compile:  /usr/bin/cc -DHAVE_CONFIG_H -I. -I/home/evgeniy/MPI-PI_Monte_Karlo/build/gsl_build/src/gsl_external/gsl-2.8/vector -I.. -I/home/evgeniy/MPI-PI_Monte_Karlo/build/gsl_build/src/gsl_external/gsl-2.8 -g -O2 -MT copy.lo -MD -MP -MF .deps/copy.Tpo -c /home/evgeniy/MPI-PI_Monte_Karlo/build/gsl_build/src/gsl_external/gsl-2.8/vector/copy.c -o copy.o
libtool: compile:  /usr/bin/cc -DHAVE_CONFIG_H -I. -I/home/evgeniy/MPI-PI_Monte_Karlo/build/gsl_build/src/gsl_external/gsl-2.8/vector -I.. -I/home/evgeniy/MPI-PI_Monte_Karlo/build/gsl_build/src/gsl_external/gsl-2.8 -g -O2 -MT swap.lo -MD -MP -MF .deps/swap.Tpo -c /home/evgeniy/MPI-PI_Monte_Karlo/build/gsl_build/src/gsl_external/gsl-2.8/vector/swap.c -o swap.o
libtool: compile:  /usr/bin/cc -DHAVE_CONFIG_H -I. -I/home/evgeniy/MPI-PI_Monte_Karlo/build/gsl_build/src/gsl_external/gsl-2.8/vector -I.. -I/home/evgeniy/MPI-PI_Monte_Karlo/build/gsl_build/src/gsl_external/gsl-2.8 -g -O2 -MT prop.lo -MD -MP -MF .deps/prop.Tpo -c /home/evgeniy/MPI-PI_Monte_Karlo/build/gsl_build/src/gsl_external/gsl-2.8/vector/prop.c -o prop.o
libtool: compile:  /usr/bin/cc -DHAVE_CONFIG_H -I. -I/home/evgeniy/MPI-PI_Monte_Karlo/build/gsl_build/src/gsl_external/gsl-2.8/vector -I.. -I/home/evgeniy/MPI-PI_Monte_Karlo/build/gsl_build/src/gsl_external/gsl-2.8 -g -O2 -MT minmax.lo -MD -MP -MF .deps/minmax.Tpo -c /home/evgeniy/MPI-PI_Monte_Karlo/build/gsl_build/src/gsl_external/gsl-2.8/vector/minmax.c -o minmax.o
libtool: compile:  /usr/bin/cc -DHAVE_CONFIG_H -I. -I/home/evgeniy/MPI-PI_Monte_Karlo/build/gsl_build/src/gsl_external/gsl-2.8/vector -I.. -I/home/evgeniy/MPI-PI_Monte_Karlo/build/gsl_build/src/gsl_external/gsl-2.8 -g -O2 -MT oper.lo -MD -MP -MF .deps/oper.Tpo -c /home/evgeniy/MPI-PI_Monte_Karlo/build/gsl_build/src/gsl_external/gsl-2.8/vector/oper.c -o oper.o
libtool: compile:  /usr/bin/cc -DHAVE_CONFIG_H -I. -I/home/evgeniy/MPI-PI_Monte_Karlo/build/gsl_build/src/gsl_external/gsl-2.8/vector -I.. -I/home/evgeniy/MPI-PI_Monte_Karlo/build/gsl_build/src/gsl_external/gsl-2.8 -g -O2 -MT reim.lo -MD -MP -MF .deps/reim.Tpo -c /home/evgeniy/MPI-PI_Monte_Karlo/build/gsl_build/src/gsl_external/gsl-2.8/vector/reim.c -o reim.o
libtool: compile:  /usr/bin/cc -DHAVE_CONFIG_H -I. -I/home/evgeniy/MPI-PI_Monte_Karlo/build/gsl_build/src/gsl_external/gsl-2.8/vector -I.. -I/home/evgeniy/MPI-PI_Monte_Karlo/build/gsl_build/src/gsl_external/gsl-2.8 -g -O2 -MT subvector.lo -MD -MP -MF .deps/subvector.Tpo -c /home/evgeniy/MPI-PI_Monte_Karlo/build/gsl_build/src/gsl_external/gsl-2.8/vector/subvector.c -o subvector.o
libtool: compile:  /usr/bin/cc -DHAVE_CONFIG_H -I. -I/home/evgeniy/MPI-PI_Monte_Karlo/build/gsl_build/src/gsl_external/gsl-2.8/vector -I.. -I/home/evgeniy/MPI-PI_Monte_Karlo/build/gsl_build/src/gsl_external/gsl-2.8 -g -O2 -MT view.lo -MD -MP -MF .deps/view.Tpo -c /home/evgeniy/MPI-PI_Monte_Karlo/build/gsl_build/src/gsl_external/gsl-2.8/vector/view.c -o view.o
libtool: link: ar cr .libs/libgslvector.a  init.o file.o vector.o copy.o swap.o prop.o minmax.o oper.o reim.o subvector.o view.o
libtool: link: ranlib .libs/libgslvector.a
libtool: link: ( cd ".libs" && rm -f "libgslvector.la" && ln -s "../libgslvector.la" "libgslvector.la" )
Making all in matrix
libtool: compile:  /usr/bin/cc -DHAVE_CONFIG_H -I. -I/home/evgeniy/MPI-PI_Monte_Karlo/build/gsl_build/src/gsl_external/gsl-2.8/matrix -I.. -I/home/evgeniy/MPI-PI_Monte_Karlo/build/gsl_build/src/gsl_external/gsl-2.8 -g -O2 -MT init.lo -MD -MP -MF .deps/init.Tpo -c /home/evgeniy/MPI-PI_Monte_Karlo/build/gsl_build/src/gsl_external/gsl-2.8/matrix/init.c -o init.o
libtool: compile:  /usr/bin/cc -DHAVE_CONFIG_H -I. -I/home/evgeniy/MPI-PI_Monte_Karlo/build/gsl_build/src/gsl_external/gsl-2.8/matrix -I.. -I/home/evgeniy/MPI-PI_Monte_Karlo/build/gsl_build/src/gsl_external/gsl-2.8 -g -O2 -MT matrix.lo -MD -MP -MF .deps/matrix.Tpo -c /home/evgeniy/MPI-PI_Monte_Karlo/build/gsl_build/src/gsl_external/gsl-2.8/matrix/matrix.c -o matrix.o
libtool: compile:  /usr/bin/cc -DHAVE_CONFIG_H -I. -I/home/evgeniy/MPI-PI_Monte_Karlo/build/gsl_build/src/gsl_external/gsl-2.8/matrix -I.. -I/home/evgeniy/MPI-PI_Monte_Karlo/build/gsl_build/src/gsl_external/gsl-2.8 -g -O2 -MT file.lo -MD -MP -MF .deps/file.Tpo -c /home/evgeniy/MPI-PI_Monte_Karlo/build/gsl_build/src/gsl_external/gsl-2.8/matrix/file.c -o file.o
libtool: compile:  /usr/bin/cc -DHAVE_CONFIG_H -I. -I/home/evgeniy/MPI-PI_Monte_Karlo/build/gsl_build/src/gsl_external/gsl-2.8/matrix -I.. -I/home/evgeniy/MPI-PI_Monte_Karlo/build/gsl_build/src/gsl_external/gsl-2.8 -g -O2 -MT rowcol.lo -MD -MP -MF .deps/rowcol.Tpo -c /home/evgeniy/MPI-PI_Monte_Karlo/build/gsl_build/src/gsl_external/gsl-2.8/matrix/rowcol.c -o rowcol.o
libtool: compile:  /usr/bin/cc -DHAVE_CONFIG_H -I. -I/home/evgeniy/MPI-PI_Monte_Karlo/build/gsl_build/src/gsl_external/gsl-2.8/matrix -I.. -I/home/evgeniy/MPI-PI_Monte_Karlo/build/gsl_build/src/gsl_external/gsl-2.8 -g -O2 -MT swap.lo -MD -MP -MF .deps/swap.Tpo -c /home/evgeniy/MPI-PI_Monte_Karlo/build/gsl_build/src/gsl_external/gsl-2.8/matrix/swap.c -o swap.o
libtool: compile:  /usr/bin/cc -DHAVE_CONFIG_H -I. -I/home/evgeniy/MPI-PI_Monte_Karlo/build/gsl_build/src/gsl_external/gsl-2.8/matrix -I.. -I/home/evgeniy/MPI-PI_Monte_Karlo/build/gsl_build/src/gsl_external/gsl-2.8 -g -O2 -MT copy.lo -MD -MP -MF .deps/copy.Tpo -c /home/evgeniy/MPI-PI_Monte_Karlo/build/gsl_build/src/gsl_external/gsl-2.8/matrix/copy.c -o copy.o
libtool: compile:  /usr/bin/cc -DHAVE_CONFIG_H -I. -I/home/evgeniy/MPI-PI_Monte_Karlo/build/gsl_build/src/gsl_external/gsl-2.8/matrix -I.. -I/home/evgeniy/MPI-PI_Monte_Karlo/build/gsl_build/src/gsl_external/gsl-2.8 -g -O2 -MT minmax.lo -MD -MP -MF .deps/minmax.Tpo -c /home/evgeniy/MPI-PI_Monte_Karlo/build/gsl_build/src/gsl_external/gsl-2.8/matrix/minmax.c -o minmax.o
libtool: compile:  /usr/bin/cc -DHAVE_CONFIG_H -I. -I/home/evgeniy/MPI-PI_Monte_Karlo/build/gsl_build/src/gsl_external/gsl-2.8/matrix -I.. -I/home/evgeniy/MPI-PI_Monte_Karlo/build/gsl_build/src/gsl_external/gsl-2.8 -g -O2 -MT prop.lo -MD -MP -MF .deps/prop.Tpo -c /home/evgeniy/MPI-PI_Monte_Karlo/build/gsl_build/src/gsl_external/gsl-2.8/matrix/prop.c -o prop.o
libtool: compile:  /usr/bin/cc -DHAVE_CONFIG_H -I. -I/home/evgeniy/MPI-PI_Monte_Karlo/build/gsl_build/src/gsl_external/gsl-2.8/matrix -I.. -I/home/evgeniy/MPI-PI_Monte_Karlo/build/gsl_build/src/gsl_external/gsl-2.8 -g -O2 -MT oper.lo -MD -MP -MF .deps/oper.Tpo -c /home/evgeniy/MPI-PI_Monte_Karlo/build/gsl_build/src/gsl_external/gsl-2.8/matrix/oper.c -o oper.o
libtool: compile:  /usr/bin/cc -DHAVE_CONFIG_H -I. -I/home/evgeniy/MPI-PI_Monte_Karlo/build/gsl_build/src/gsl_external/gsl-2.8/matrix -I.. -I/home/evgeniy/MPI-PI_Monte_Karlo/build/gsl_build/src/gsl_external/gsl-2.8 -g -O2 -MT getset.lo -MD -MP -MF .deps/getset.Tpo -c /home/evgeniy/MPI-PI_Monte_Karlo/build/gsl_build/src/gsl_external/gsl-2.8/matrix/getset.c -o getset.o
libtool: compile:  /usr/bin/cc -DHAVE_CONFIG_H -I. -I/home/evgeniy/MPI-PI_Monte_Karlo/build/gsl_build/src/gsl_external/gsl-2.8/matrix -I.. -I/home/evgeniy/MPI-PI_Monte_Karlo/build/gsl_build/src/gsl_external/gsl-2.8 -g -O2 -MT view.lo -MD -MP -MF .deps/view.Tpo -c /home/evgeniy/MPI-PI_Monte_Karlo/build/gsl_build/src/gsl_external/gsl-2.8/matrix/view.c -o view.o
libtool: compile:  /usr/bin/cc -DHAVE_CONFIG_H -I. -I/home/evgeniy/MPI-PI_Monte_Karlo/build/gsl_build/src/gsl_external/gsl-2.8/matrix -I.. -I/home/evgeniy/MPI-PI_Monte_Karlo/build/gsl_build/src/gsl_external/gsl-2.8 -g -O2 -MT submatrix.lo -MD -MP -MF .deps/submatrix.Tpo -c /home/evgeniy/MPI-PI_Monte_Karlo/build/gsl_build/src/gsl_external/gsl-2.8/matrix/submatrix.c -o submatrix.o
libtool: link: ar cr .libs/libgslmatrix.a  init.o matrix.o file.o rowcol.o swap.o copy.o minmax.o prop.o oper.o getset.o view.o submatrix.o
libtool: link: ranlib .libs/libgslmatrix.a
libtool: link: ( cd ".libs" && rm -f "libgslmatrix.la" && ln -s "../libgslmatrix.la" "libgslmatrix.la" )
Making all in permutation
libtool: compile:  /usr/bin/cc -DHAVE_CONFIG_H -I. -I/home/evgeniy/MPI-PI_Monte_Karlo/build/gsl_build/src/gsl_external/gsl-2.8/permutation -I.. -I/home/evgeniy/MPI-PI_Monte_Karlo/build/gsl_build/src/gsl_external/gsl-2.8 -g -O2 -MT init.lo -MD -MP -MF .deps/init.Tpo -c /home/evgeniy/MPI-PI_Monte_Karlo/build/gsl_build/src/gsl_external/gsl-2.8/permutation/init.c -o init.o
libtool: compile:  /usr/bin/cc -DHAVE_CONFIG_H -I. -I/home/evgeniy/MPI-PI_Monte_Karlo/build/gsl_build/src/gsl_external/gsl-2.8/permutation -I.. -I/home/evgeniy/MPI-PI_Monte_Karlo/build/gsl_build/src/gsl_external/gsl-2.8 -g -O2 -MT file.lo -MD -MP -MF .deps/file.Tpo -c /home/evgeniy/MPI-PI_Monte_Karlo/build/gsl_build/src/gsl_external/gsl-2.8/permutation/file.c -o file.o
libtool: compile:  /usr/bin/cc -DHAVE_CONFIG_H -I. -I/home/evgeniy/MPI-PI_Monte_Karlo/build/gsl_build/src/gsl_external/gsl-2.8/permutation -I.. -I/home/evgeniy/MPI-PI_Monte_Karlo/build/gsl_build/src/gsl_external/gsl-2.8 -g -O2 -MT permutation.lo -MD -MP -MF .deps/permutation.Tpo -c /home/evgeniy/MPI-PI_Monte_Karlo/build/gsl_build/src/gsl_external/gsl-2.8/permutation/permutation.c -o permutation.o
libtool: compile:  /usr/bin/cc -DHAVE_CONFIG_H -I. -I/home/evgeniy/MPI-PI_Monte_Karlo/build/gsl_build/src/gsl_external/gsl-2.8/permutation -I.. -I/home/evgeniy/MPI-PI_Monte_Karlo/build/gsl_build/src/gsl_external/gsl-2.8 -g -O2 -MT permute.lo -MD -MP -MF .deps/permute.Tpo -c /home/evgeniy/MPI-PI_Monte_Karlo/build/gsl_build/src/gsl_external/gsl-2.8/permutation/permute.c -o permute.o
libtool: compile:  /usr/bin/cc -DHAVE_CONFIG_H -I. -I/home/evgeniy/MPI-PI_Monte_Karlo/build/gsl_build/src/gsl_external/gsl-2.8/permutation -I.. -I/home/evgeniy/MPI-PI_Monte_Karlo/build/gsl_build/src/gsl_external/gsl-2.8 -g -O2 -MT canonical.lo -MD -MP -MF .deps/canonical.Tpo -c /home/evgeniy/MPI-PI_Monte_Karlo/build/gsl_build/src/gsl_external/gsl-2.8/permutation/canonical.c -o canonical.o
libtool: compile:  /usr/bin/cc -DHAVE_CONFIG_H -I. -I/home/evgeniy/MPI-PI_Monte_Karlo/build/gsl_build/src/gsl_external/gsl-2.8/permutation -I.. -I/home/evgeniy/MPI-PI_Monte_Karlo/build/gsl_build/src/gsl_external/gsl-2.8 -g -O2 -MT inline.lo -MD -MP -MF .deps/inline.Tpo -c /home/evgeniy/MPI-PI_Monte_Karlo/build/gsl_build/src/gsl_external/gsl-2.8/permutation/inline.c -o inline.o
libtool: link: ar cr .libs/libgslpermutation.a  init.o file.o permutation.o permute.o canonical.o inline.o
libtool: link: ranlib .libs/libgslpermutation.a
libtool: link: ( cd ".libs" && rm -f "libgslpermutation.la" && ln -s "../libgslpermutation.la" "libgslpermutation.la" )
Making all in combination
libtool: compile:  /usr/bin/cc -DHAVE_CONFIG_H -I. -I/home/evgeniy/MPI-PI_Monte_Karlo/build/gsl_build/src/gsl_external/gsl-2.8/combination -I.. -I/home/evgeniy/MPI-PI_Monte_Karlo/build/gsl_build/src/gsl_external/gsl-2.8 -g -O2 -MT init.lo -MD -MP -MF .deps/init.Tpo -c /home/evgeniy/MPI-PI_Monte_Karlo/build/gsl_build/src/gsl_external/gsl-2.8/combination/init.c -o init.o
libtool: compile:  /usr/bin/cc -DHAVE_CONFIG_H -I. -I/home/evgeniy/MPI-PI_Monte_Karlo/build/gsl_build/src/gsl_external/gsl-2.8/combination -I.. -I/home/evgeniy/MPI-PI_Monte_Karlo/build/gsl_build/src/gsl_external/gsl-2.8 -g -O2 -MT file.lo -MD -MP -MF .deps/file.Tpo -c /home/evgeniy/MPI-PI_Monte_Karlo/build/gsl_build/src/gsl_external/gsl-2.8/combination/file.c -o file.o
libtool: compile:  /usr/bin/cc -DHAVE_CONFIG_H -I. -I/home/evgeniy/MPI-PI_Monte_Karlo/build/gsl_build/src/gsl_external/gsl-2.8/combination -I.. -I/home/evgeniy/MPI-PI_Monte_Karlo/build/gsl_build/src/gsl_external/gsl-2.8 -g -O2 -MT combination.lo -MD -MP -MF .deps/combination.Tpo -c /home/evgeniy/MPI-PI_Monte_Karlo/build/gsl_build/src/gsl_external/gsl-2.8/combination/combination.c -o combination.o
libtool: compile:  /usr/bin/cc -DHAVE_CONFIG_H -I. -I/home/evgeniy/MPI-PI_Monte_Karlo/build/gsl_build/src/gsl_external/gsl-2.8/combination -I.. -I/home/evgeniy/MPI-PI_Monte_Karlo/build/gsl_build/src/gsl_external/gsl-2.8 -g -O2 -MT inline.lo -MD -MP -MF .deps/inline.Tpo -c /home/evgeniy/MPI-PI_Monte_Karlo/build/gsl_build/src/gsl_external/gsl-2.8/combination/inline.c -o inline.o
libtool: link: ar cr .libs/libgslcombination.a  init.o file.o combination.o inline.o
libtool: link: ranlib .libs/libgslcombination.a
libtool: link: ( cd ".libs" && rm -f "libgslcombination.la" && ln -s "../libgslcombination.la" "libgslcombination.la" )
Making all in multiset
libtool: compile:  /usr/bin/cc -DHAVE_CONFIG_H -I. -I/home/evgeniy/MPI-PI_Monte_Karlo/build/gsl_build/src/gsl_external/gsl-2.8/multiset -I.. -I/home/evgeniy/MPI-PI_Monte_Karlo/build/gsl_build/src/gsl_external/gsl-2.8 -g -O2 -MT init.lo -MD -MP -MF .deps/init.Tpo -c /home/evgeniy/MPI-PI_Monte_Karlo/build/gsl_build/src/gsl_external/gsl-2.8/multiset/init.c -o init.o
libtool: compile:  /usr/bin/cc -DHAVE_CONFIG_H -I. -I/home/evgeniy/MPI-PI_Monte_Karlo/build/gsl_build/src/gsl_external/gsl-2.8/multiset -I.. -I/home/evgeniy/MPI-PI_Monte_Karlo/build/gsl_build/src/gsl_external/gsl-2.8 -g -O2 -MT file.lo -MD -MP -MF .deps/file.Tpo -c /home/evgeniy/MPI-PI_Monte_Karlo/build/gsl_build/src/gsl_external/gsl-2.8/multiset/file.c -o file.o
libtool: compile:  /usr/bin/cc -DHAVE_CONFIG_H -I. -I/home/evgeniy/MPI-PI_Monte_Karlo/build/gsl_build/src/gsl_external/gsl-2.8/multiset -I.. -I/home/evgeniy/MPI-PI_Monte_Karlo/build/gsl_build/src/gsl_external/gsl-2.8 -g -O2 -MT multiset.lo -MD -MP -MF .deps/multiset.Tpo -c /home/evgeniy/MPI-PI_Monte_Karlo/build/gsl_build/src/gsl_external/gsl-2.8/multiset/multiset.c -o multiset.o
libtool: compile:  /usr/bin/cc -DHAVE_CONFIG_H -I. -I/home/evgeniy/MPI-PI_Monte_Karlo/build/gsl_build/src/gsl_external/gsl-2.8/multiset -I.. -I/home/evgeniy/MPI-PI_Monte_Karlo/build/gsl_build/src/gsl_external/gsl-2.8 -g -O2 -MT inline.lo -MD -MP -MF .deps/inline.Tpo -c /home/evgeniy/MPI-PI_Monte_Karlo/build/gsl_build/src/gsl_external/gsl-2.8/multiset/inline.c -o inline.o
libtool: link: ar cr .libs/libgslmultiset.a  init.o file.o multiset.o inline.o
libtool: link: ranlib .libs/libgslmultiset.a
libtool: link: ( cd ".libs" && rm -f "libgslmultiset.la" && ln -s "../libgslmultiset.la" "libgslmultiset.la" )
Making all in sort
libtool: compile:  /usr/bin/cc -DHAVE_CONFIG_H -I. -I/home/evgeniy/MPI-PI_Monte_Karlo/build/gsl_build/src/gsl_external/gsl-2.8/sort -I.. -I/home/evgeniy/MPI-PI_Monte_Karlo/build/gsl_build/src/gsl_external/gsl-2.8 -g -O2 -MT sort.lo -MD -MP -MF .deps/sort.Tpo -c /home/evgeniy/MPI-PI_Monte_Karlo/build/gsl_build/src/gsl_external/gsl-2.8/sort/sort.c -o sort.o
libtool: compile:  /usr/bin/cc -DHAVE_CONFIG_H -I. -I/home/evgeniy/MPI-PI_Monte_Karlo/build/gsl_build/src/gsl_external/gsl-2.8/sort -I.. -I/home/evgeniy/MPI-PI_Monte_Karlo/build/gsl_build/src/gsl_external/gsl-2.8 -g -O2 -MT sortind.lo -MD -MP -MF .deps/sortind.Tpo -c /home/evgeniy/MPI-PI_Monte_Karlo/build/gsl_build/src/gsl_external/gsl-2.8/sort/sortind.c -o sortind.o
libtool: compile:  /usr/bin/cc -DHAVE_CONFIG_H -I. -I/home/evgeniy/MPI-PI_Monte_Karlo/build/gsl_build/src/gsl_external/gsl-2.8/sort -I.. -I/home/evgeniy/MPI-PI_Monte_Karlo/build/gsl_build/src/gsl_external/gsl-2.8 -g -O2 -MT sortvec.lo -MD -MP -MF .deps/sortvec.Tpo -c /home/evgeniy/MPI-PI_Monte_Karlo/build/gsl_build/src/gsl_external/gsl-2.8/sort/sortvec.c -o sortvec.o
libtool: compile:  /usr/bin/cc -DHAVE_CONFIG_H -I. -I/home/evgeniy/MPI-PI_Monte_Karlo/build/gsl_build/src/gsl_external/gsl-2.8/sort -I.. -I/home/evgeniy/MPI-PI_Monte_Karlo/build/gsl_build/src/gsl_external/gsl-2.8 -g -O2 -MT sortvecind.lo -MD -MP -MF .deps/sortvecind.Tpo -c /home/evgeniy/MPI-PI_Monte_Karlo/build/gsl_build/src/gsl_external/gsl-2.8/sort/sortvecind.c -o sortvecind.o
libtool: compile:  /usr/bin/cc -DHAVE_CONFIG_H -I. -I/home/evgeniy/MPI-PI_Monte_Karlo/build/gsl_build/src/gsl_external/gsl-2.8/sort -I.. -I/home/evgeniy/MPI-PI_Monte_Karlo/build/gsl_build/src/gsl_external/gsl-2.8 -g -O2 -MT subset.lo -MD -MP -MF .deps/subset.Tpo -c /home/evgeniy/MPI-PI_Monte_Karlo/build/gsl_build/src/gsl_external/gsl-2.8/sort/subset.c -o subset.o
libtool: compile:  /usr/bin/cc -DHAVE_CONFIG_H -I. -I/home/evgeniy/MPI-PI_Monte_Karlo/build/gsl_build/src/gsl_external/gsl-2.8/sort -I.. -I/home/evgeniy/MPI-PI_Monte_Karlo/build/gsl_build/src/gsl_external/gsl-2.8 -g -O2 -MT subsetind.lo -MD -MP -MF .deps/subsetind.Tpo -c /home/evgeniy/MPI-PI_Monte_Karlo/build/gsl_build/src/gsl_external/gsl-2.8/sort/subsetind.c -o subsetind.o
libtool: link: ar cr .libs/libgslsort.a  sort.o sortind.o sortvec.o sortvecind.o subset.o subsetind.o
libtool: link: ranlib .libs/libgslsort.a
libtool: link: ( cd ".libs" && rm -f "libgslsort.la" && ln -s "../libgslsort.la" "libgslsort.la" )
Making all in ieee-utils
libtool: compile:  /usr/bin/cc -DHAVE_CONFIG_H -I. -I/home/evgeniy/MPI-PI_Monte_Karlo/build/gsl_build/src/gsl_external/gsl-2.8/ieee-utils -I.. -I/home/evgeniy/MPI-PI_Monte_Karlo/build/gsl_build/src/gsl_external/gsl-2.8 -g -O2 -MT print.lo -MD -MP -MF .deps/print.Tpo -c /home/evgeniy/MPI-PI_Monte_Karlo/build/gsl_build/src/gsl_external/gsl-2.8/ieee-utils/print.c -o print.o
libtool: compile:  /usr/bin/cc -DHAVE_CONFIG_H -I. -I/home/evgeniy/MPI-PI_Monte_Karlo/build/gsl_build/src/gsl_external/gsl-2.8/ieee-utils -I.. -I/home/evgeniy/MPI-PI_Monte_Karlo/build/gsl_build/src/gsl_external/gsl-2.8 -g -O2 -MT make_rep.lo -MD -MP -MF .deps/make_rep.Tpo -c /home/evgeniy/MPI-PI_Monte_Karlo/build/gsl_build/src/gsl_external/gsl-2.8/ieee-utils/make_rep.c -o make_rep.o
libtool: compile:  /usr/bin/cc -DHAVE_CONFIG_H -I. -I/home/evgeniy/MPI-PI_Monte_Karlo/build/gsl_build/src/gsl_external/gsl-2.8/ieee-utils -I.. -I/home/evgeniy/MPI-PI_Monte_Karlo/build/gsl_build/src/gsl_external/gsl-2.8 -g -O2 -MT env.lo -MD -MP -MF .deps/env.Tpo -c /home/evgeniy/MPI-PI_Monte_Karlo/build/gsl_build/src/gsl_external/gsl-2.8/ieee-utils/env.c -o env.o
libtool: compile:  /usr/bin/cc -DHAVE_CONFIG_H -I. -I/home/evgeniy/MPI-PI_Monte_Karlo/build/gsl_build/src/gsl_external/gsl-2.8/ieee-utils -I.. -I/home/evgeniy/MPI-PI_Monte_Karlo/build/gsl_build/src/gsl_external/gsl-2.8 -g -O2 -MT fp.lo -MD -MP -MF .deps/fp.Tpo -c /home/evgeniy/MPI-PI_Monte_Karlo/build/gsl_build/src/gsl_external/gsl-2.8/ieee-utils/fp.c -o fp.o
libtool: compile:  /usr/bin/cc -DHAVE_CONFIG_H -I. -I/home/evgeniy/MPI-PI_Monte_Karlo/build/gsl_build/src/gsl_external/gsl-2.8/ieee-utils -I.. -I/home/evgeniy/MPI-PI_Monte_Karlo/build/gsl_build/src/gsl_external/gsl-2.8 -g -O2 -MT read.lo -MD -MP -MF .deps/read.Tpo -c /home/evgeniy/MPI-PI_Monte_Karlo/build/gsl_build/src/gsl_external/gsl-2.8/ieee-utils/read.c -o read.o
libtool: link: ar cr .libs/libgslieeeutils.a  print.o make_rep.o env.o fp.o read.o
libtool: link: ranlib .libs/libgslieeeutils.a
libtool: link: ( cd ".libs" && rm -f "libgslieeeutils.la" && ln -s "../libgslieeeutils.la" "libgslieeeutils.la" )
Making all in cblas
libtool: compile:  /usr/bin/cc -DHAVE_CONFIG_H -I. -I/home/evgeniy/MPI-PI_Monte_Karlo/build/gsl_build/src/gsl_external/gsl-2.8/cblas -I.. -I/home/evgeniy/MPI-PI_Monte_Karlo/build/gsl_build/src/gsl_external/gsl-2.8 -g -O2 -MT sasum.lo -MD -MP -MF .deps/sasum.Tpo -c /home/evgeniy/MPI-PI_Monte_Karlo/build/gsl_build/src/gsl_external/gsl-2.8/cblas/sasum.c -o sasum.o
libtool: compile:  /usr/bin/cc -DHAVE_CONFIG_H -I. -I/home/evgeniy/MPI-PI_Monte_Karlo/build/gsl_build/src/gsl_external/gsl-2.8/cblas -I.. -I/home/evgeniy/MPI-PI_Monte_Karlo/build/gsl_build/src/gsl_external/gsl-2.8 -g -O2 -MT saxpy.lo -MD -MP -MF .deps/saxpy.Tpo -c /home/evgeniy/MPI-PI_Monte_Karlo/build/gsl_build/src/gsl_external/gsl-2.8/cblas/saxpy.c -o saxpy.o
libtool: compile:  /usr/bin/cc -DHAVE_CONFIG_H -I. -I/home/evgeniy/MPI-PI_Monte_Karlo/build/gsl_build/src/gsl_external/gsl-2.8/cblas -I.. -I/home/evgeniy/MPI-PI_Monte_Karlo/build/gsl_build/src/gsl_external/gsl-2.8 -g -O2 -MT scasum.lo -MD -MP -MF .deps/scasum.Tpo -c /home/evgeniy/MPI-PI_Monte_Karlo/build/gsl_build/src/gsl_external/gsl-2.8/cblas/scasum.c -o scasum.o
libtool: compile:  /usr/bin/cc -DHAVE_CONFIG_H -I. -I/home/evgeniy/MPI-PI_Monte_Karlo/build/gsl_build/src/gsl_external/gsl-2.8/cblas -I.. -I/home/evgeniy/MPI-PI_Monte_Karlo/build/gsl_build/src/gsl_external/gsl-2.8 -g -O2 -MT scnrm2.lo -MD -MP -MF .deps/scnrm2.Tpo -c /home/evgeniy/MPI-PI_Monte_Karlo/build/gsl_build/src/gsl_external/gsl-2.8/cblas/scnrm2.c -o scnrm2.o
libtool: compile:  /usr/bin/cc -DHAVE_CONFIG_H -I. -I/home/evgeniy/MPI-PI_Monte_Karlo/build/gsl_build/src/gsl_external/gsl-2.8/cblas -I.. -I/home/evgeniy/MPI-PI_Monte_Karlo/build/gsl_build/src/gsl_external/gsl-2.8 -g -O2 -MT scopy.lo -MD -MP -MF .deps/scopy.Tpo -c /home/evgeniy/MPI-PI_Monte_Karlo/build/gsl_build/src/gsl_external/gsl-2.8/cblas/scopy.c -o scopy.o
libtool: compile:  /usr/bin/cc -DHAVE_CONFIG_H -I. -I/home/evgeniy/MPI-PI_Monte_Karlo/build/gsl_build/src/gsl_external/gsl-2.8/cblas -I.. -I/home/evgeniy/MPI-PI_Monte_Karlo/build/gsl_build/src/gsl_external/gsl-2.8 -g -O2 -MT sdot.lo -MD -MP -MF .deps/sdot.Tpo -c /home/evgeniy/MPI-PI_Monte_Karlo/build/gsl_build/src/gsl_external/gsl-2.8/cblas/sdot.c -o sdot.o
libtool: compile:  /usr/bin/cc -DHAVE_CONFIG_H -I. -I/home/evgeniy/MPI-PI_Monte_Karlo/build/gsl_build/src/gsl_external/gsl-2.8/cblas -I.. -I/home/evgeniy/MPI-PI_Monte_Karlo/build/gsl_build/src/gsl_external/gsl-2.8 -g -O2 -MT sdsdot.lo -MD -MP -MF .deps/sdsdot.Tpo -c /home/evgeniy/MPI-PI_Monte_Karlo/build/gsl_build/src/gsl_external/gsl-2.8/cblas/sdsdot.c -o sdsdot.o
libtool: compile:  /usr/bin/cc -DHAVE_CONFIG_H -I. -I/home/evgeniy/MPI-PI_Monte_Karlo/build/gsl_build/src/gsl_external/gsl-2.8/cblas -I.. -I/home/evgeniy/MPI-PI_Monte_Karlo/build/gsl_build/src/gsl_external/gsl-2.8 -g -O2 -MT sgbmv.lo -MD -MP -MF .deps/sgbmv.Tpo -c /home/evgeniy/MPI-PI_Monte_Karlo/build/gsl_build/src/gsl_external/gsl-2.8/cblas/sgbmv.c -o sgbmv.o
libtool: compile:  /usr/bin/cc -DHAVE_CONFIG_H -I. -I/home/evgeniy/MPI-PI_Monte_Karlo/build/gsl_build/src/gsl_external/gsl-2.8/cblas -I.. -I/home/evgeniy/MPI-PI_Monte_Karlo/build/gsl_build/src/gsl_external/gsl-2.8 -g -O2 -MT sgemm.lo -MD -MP -MF .deps/sgemm.Tpo -c /home/evgeniy/MPI-PI_Monte_Karlo/build/gsl_build/src/gsl_external/gsl-2.8/cblas/sgemm.c -o sgemm.o
libtool: compile:  /usr/bin/cc -DHAVE_CONFIG_H -I. -I/home/evgeniy/MPI-PI_Monte_Karlo/build/gsl_build/src/gsl_external/gsl-2.8/cblas -I.. -I/home/evgeniy/MPI-PI_Monte_Karlo/build/gsl_build/src/gsl_external/gsl-2.8 -g -O2 -MT sgemv.lo -MD -MP -MF .deps/sgemv.Tpo -c /home/evgeniy/MPI-PI_Monte_Karlo/build/gsl_build/src/gsl_external/gsl-2.8/cblas/sgemv.c -o sgemv.o
libtool: compile:  /usr/bin/cc -DHAVE_CONFIG_H -I. -I/home/evgeniy/MPI-PI_Monte_Karlo/build/gsl_build/src/gsl_external/gsl-2.8/cblas -I.. -I/home/evgeniy/MPI-PI_Monte_Karlo/build/gsl_build/src/gsl_external/gsl-2.8 -g -O2 -MT sger.lo -MD -MP -MF .deps/sger.Tpo -c /home/evgeniy/MPI-PI_Monte_Karlo/build/gsl_build/src/gsl_external/gsl-2.8/cblas/sger.c -o sger.o
libtool: compile:  /usr/bin/cc -DHAVE_CONFIG_H -I. -I/home/evgeniy/MPI-PI_Monte_Karlo/build/gsl_build/src/gsl_external/gsl-2.8/cblas -I.. -I/home/evgeniy/MPI-PI_Monte_Karlo/build/gsl_build/src/gsl_external/gsl-2.8 -g -O2 -MT snrm2.lo -MD -MP -MF .deps/snrm2.Tpo -c /home/evgeniy/MPI-PI_Monte_Karlo/build/gsl_build/src/gsl_external/gsl-2.8/cblas/snrm2.c -o snrm2.o
libtool: compile:  /usr/bin/cc -DHAVE_CONFIG_H -I. -I/home/evgeniy/MPI-PI_Monte_Karlo/build/gsl_build/src/gsl_external/gsl-2.8/cblas -I.. -I/home/evgeniy/MPI-PI_Monte_Karlo/build/gsl_build/src/gsl_external/gsl-2.8 -g -O2 -MT srot.lo -MD -MP -MF .deps/srot.Tpo -c /home/evgeniy/MPI-PI_Monte_Karlo/build/gsl_build/src/gsl_external/gsl-2.8/cblas/srot.c -o srot.o
libtool: compile:  /usr/bin/cc -DHAVE_CONFIG_H -I. -I/home/evgeniy/MPI-PI_Monte_Karlo/build/gsl_build/src/gsl_external/gsl-2.8/cblas -I.. -I/home/evgeniy/MPI-PI_Monte_Karlo/build/gsl_build/src/gsl_external/gsl-2.8 -g -O2 -MT srotg.lo -MD -MP -MF .deps/srotg.Tpo -c /home/evgeniy/MPI-PI_Monte_Karlo/build/gsl_build/src/gsl_external/gsl-2.8/cblas/srotg.c -o srotg.o
libtool: compile:  /usr/bin/cc -DHAVE_CONFIG_H -I. -I/home/evgeniy/MPI-PI_Monte_Karlo/build/gsl_build/src/gsl_external/gsl-2.8/cblas -I.. -I/home/evgeniy/MPI-PI_Monte_Karlo/build/gsl_build/src/gsl_external/gsl-2.8 -g -O2 -MT srotm.lo -MD -MP -MF .deps/srotm.Tpo -c /home/evgeniy/MPI-PI_Monte_Karlo/build/gsl_build/src/gsl_external/gsl-2.8/cblas/srotm.c -o srotm.o
libtool: compile:  /usr/bin/cc -DHAVE_CONFIG_H -I. -I/home/evgeniy/MPI-PI_Monte_Karlo/build/gsl_build/src/gsl_external/gsl-2.8/cblas -I.. -I/home/evgeniy/MPI-PI_Monte_Karlo/build/gsl_build/src/gsl_external/gsl-2.8 -g -O2 -MT srotmg.lo -MD -MP -MF .deps/srotmg.Tpo -c /home/evgeniy/MPI-PI_Monte_Karlo/build/gsl_build/src/gsl_external/gsl-2.8/cblas/srotmg.c -o srotmg.o
libtool: compile:  /usr/bin/cc -DHAVE_CONFIG_H -I. -I/home/evgeniy/MPI-PI_Monte_Karlo/build/gsl_build/src/gsl_external/gsl-2.8/cblas -I.. -I/home/evgeniy/MPI-PI_Monte_Karlo/build/gsl_build/src/gsl_external/gsl-2.8 -g -O2 -MT ssbmv.lo -MD -MP -MF .deps/ssbmv.Tpo -c /home/evgeniy/MPI-PI_Monte_Karlo/build/gsl_build/src/gsl_external/gsl-2.8/cblas/ssbmv.c -o ssbmv.o
libtool: compile:  /usr/bin/cc -DHAVE_CONFIG_H -I. -I/home/evgeniy/MPI-PI_Monte_Karlo/build/gsl_build/src/gsl_external/gsl-2.8/cblas -I.. -I/home/evgeniy/MPI-PI_Monte_Karlo/build/gsl_build/src/gsl_external/gsl-2.8 -g -O2 -MT sscal.lo -MD -MP -MF .deps/sscal.Tpo -c /home/evgeniy/MPI-PI_Monte_Karlo/build/gsl_build/src/gsl_external/gsl-2.8/cblas/sscal.c -o sscal.o
libtool: compile:  /usr/bin/cc -DHAVE_CONFIG_H -I. -I/home/evgeniy/MPI-PI_Monte_Karlo/build/gsl_build/src/gsl_external/gsl-2.8/cblas -I.. -I/home/evgeniy/MPI-PI_Monte_Karlo/build/gsl_build/src/gsl_external/gsl-2.8 -g -O2 -MT sspmv.lo -MD -MP -MF .deps/sspmv.Tpo -c /home/evgeniy/MPI-PI_Monte_Karlo/build/gsl_build/src/gsl_external/gsl-2.8/cblas/sspmv.c -o sspmv.o
libtool: compile:  /usr/bin/cc -DHAVE_CONFIG_H -I. -I/home/evgeniy/MPI-PI_Monte_Karlo/build/gsl_build/src/gsl_external/gsl-2.8/cblas -I.. -I/home/evgeniy/MPI-PI_Monte_Karlo/build/gsl_build/src/gsl_external/gsl-2.8 -g -O2 -MT sspr.lo -MD -MP -MF .deps/sspr.Tpo -c /home/evgeniy/MPI-PI_Monte_Karlo/build/gsl_build/src/gsl_external/gsl-2.8/cblas/sspr.c -o sspr.o
libtool: compile:  /usr/bin/cc -DHAVE_CONFIG_H -I. -I/home/evgeniy/MPI-PI_Monte_Karlo/build/gsl_build/src/gsl_external/gsl-2.8/cblas -I.. -I/home/evgeniy/MPI-PI_Monte_Karlo/build/gsl_build/src/gsl_external/gsl-2.8 -g -O2 -MT sspr2.lo -MD -MP -MF .deps/sspr2.Tpo -c /home/evgeniy/MPI-PI_Monte_Karlo/build/gsl_build/src/gsl_external/gsl-2.8/cblas/sspr2.c -o sspr2.o
libtool: compile:  /usr/bin/cc -DHAVE_CONFIG_H -I. -I/home/evgeniy/MPI-PI_Monte_Karlo/build/gsl_build/src/gsl_external/gsl-2.8/cblas -I.. -I/home/evgeniy/MPI-PI_Monte_Karlo/build/gsl_build/src/gsl_external/gsl-2.8 -g -O2 -MT sswap.lo -MD -MP -MF .deps/sswap.Tpo -c /home/evgeniy/MPI-PI_Monte_Karlo/build/gsl_build/src/gsl_external/gsl-2.8/cblas/sswap.c -o sswap.o
libtool: compile:  /usr/bin/cc -DHAVE_CONFIG_H -I. -I/home/evgeniy/MPI-PI_Monte_Karlo/build/gsl_build/src/gsl_external/gsl-2.8/cblas -I.. -I/home/evgeniy/MPI-PI_Monte_Karlo/build/gsl_build/src/gsl_external/gsl-2.8 -g -O2 -MT ssymm.lo -MD -MP -MF .deps/ssymm.Tpo -c /home/evgeniy/MPI-PI_Monte_Karlo/build/gsl_build/src/gsl_external/gsl-2.8/cblas/ssymm.c -o ssymm.o
libtool: compile:  /usr/bin/cc -DHAVE_CONFIG_H -I. -I/home/evgeniy/MPI-PI_Monte_Karlo/build/gsl_build/src/gsl_external/gsl-2.8/cblas -I.. -I/home/evgeniy/MPI-PI_Monte_Karlo/build/gsl_build/src/gsl_external/gsl-2.8 -g -O2 -MT ssymv.lo -MD -MP -MF .deps/ssymv.Tpo -c /home/evgeniy/MPI-PI_Monte_Karlo/build/gsl_build/src/gsl_external/gsl-2.8/cblas/ssymv.c -o ssymv.o
libtool: compile:  /usr/bin/cc -DHAVE_CONFIG_H -I. -I/home/evgeniy/MPI-PI_Monte_Karlo/build/gsl_build/src/gsl_external/gsl-2.8/cblas -I.. -I/home/evgeniy/MPI-PI_Monte_Karlo/build/gsl_build/src/gsl_external/gsl-2.8 -g -O2 -MT ssyr.lo -MD -MP -MF .deps/ssyr.Tpo -c /home/evgeniy/MPI-PI_Monte_Karlo/build/gsl_build/src/gsl_external/gsl-2.8/cblas/ssyr.c -o ssyr.o
libtool: compile:  /usr/bin/cc -DHAVE_CONFIG_H -I. -I/home/evgeniy/MPI-PI_Monte_Karlo/build/gsl_build/src/gsl_external/gsl-2.8/cblas -I.. -I/home/evgeniy/MPI-PI_Monte_Karlo/build/gsl_build/src/gsl_external/gsl-2.8 -g -O2 -MT ssyr2.lo -MD -MP -MF .deps/ssyr2.Tpo -c /home/evgeniy/MPI-PI_Monte_Karlo/build/gsl_build/src/gsl_external/gsl-2.8/cblas/ssyr2.c -o ssyr2.o
libtool: compile:  /usr/bin/cc -DHAVE_CONFIG_H -I. -I/home/evgeniy/MPI-PI_Monte_Karlo/build/gsl_build/src/gsl_external/gsl-2.8/cblas -I.. -I/home/evgeniy/MPI-PI_Monte_Karlo/build/gsl_build/src/gsl_external/gsl-2.8 -g -O2 -MT ssyr2k.lo -MD -MP -MF .deps/ssyr2k.Tpo -c /home/evgeniy/MPI-PI_Monte_Karlo/build/gsl_build/src/gsl_external/gsl-2.8/cblas/ssyr2k.c -o ssyr2k.o
libtool: compile:  /usr/bin/cc -DHAVE_CONFIG_H -I. -I/home/evgeniy/MPI-PI_Monte_Karlo/build/gsl_build/src/gsl_external/gsl-2.8/cblas -I.. -I/home/evgeniy/MPI-PI_Monte_Karlo/build/gsl_build/src/gsl_external/gsl-2.8 -g -O2 -MT ssyrk.lo -MD -MP -MF .deps/ssyrk.Tpo -c /home/evgeniy/MPI-PI_Monte_Karlo/build/gsl_build/src/gsl_external/gsl-2.8/cblas/ssyrk.c -o ssyrk.o
libtool: compile:  /usr/bin/cc -DHAVE_CONFIG_H -I. -I/home/evgeniy/MPI-PI_Monte_Karlo/build/gsl_build/src/gsl_external/gsl-2.8/cblas -I.. -I/home/evgeniy/MPI-PI_Monte_Karlo/build/gsl_build/src/gsl_external/gsl-2.8 -g -O2 -MT stbmv.lo -MD -MP -MF .deps/stbmv.Tpo -c /home/evgeniy/MPI-PI_Monte_Karlo/build/gsl_build/src/gsl_external/gsl-2.8/cblas/stbmv.c -o stbmv.o
libtool: compile:  /usr/bin/cc -DHAVE_CONFIG_H -I. -I/home/evgeniy/MPI-PI_Monte_Karlo/build/gsl_build/src/gsl_external/gsl-2.8/cblas -I.. -I/home/evgeniy/MPI-PI_Monte_Karlo/build/gsl_build/src/gsl_external/gsl-2.8 -g -O2 -MT stbsv.lo -MD -MP -MF .deps/stbsv.Tpo -c /home/evgeniy/MPI-PI_Monte_Karlo/build/gsl_build/src/gsl_external/gsl-2.8/cblas/stbsv.c -o stbsv.o
libtool: compile:  /usr/bin/cc -DHAVE_CONFIG_H -I. -I/home/evgeniy/MPI-PI_Monte_Karlo/build/gsl_build/src/gsl_external/gsl-2.8/cblas -I.. -I/home/evgeniy/MPI-PI_Monte_Karlo/build/gsl_build/src/gsl_external/gsl-2.8 -g -O2 -MT stpmv.lo -MD -MP -MF .deps/stpmv.Tpo -c /home/evgeniy/MPI-PI_Monte_Karlo/build/gsl_build/src/gsl_external/gsl-2.8/cblas/stpmv.c -o stpmv.o
libtool: compile:  /usr/bin/cc -DHAVE_CONFIG_H -I. -I/home/evgeniy/MPI-PI_Monte_Karlo/build/gsl_build/src/gsl_external/gsl-2.8/cblas -I.. -I/home/evgeniy/MPI-PI_Monte_Karlo/build/gsl_build/src/gsl_external/gsl-2.8 -g -O2 -MT stpsv.lo -MD -MP -MF .deps/stpsv.Tpo -c /home/evgeniy/MPI-PI_Monte_Karlo/build/gsl_build/src/gsl_external/gsl-2.8/cblas/stpsv.c -o stpsv.o
libtool: compile:  /usr/bin/cc -DHAVE_CONFIG_H -I. -I/home/evgeniy/MPI-PI_Monte_Karlo/build/gsl_build/src/gsl_external/gsl-2.8/cblas -I.. -I/home/evgeniy/MPI-PI_Monte_Karlo/build/gsl_build/src/gsl_external/gsl-2.8 -g -O2 -MT strmm.lo -MD -MP -MF .deps/strmm.Tpo -c /home/evgeniy/MPI-PI_Monte_Karlo/build/gsl_build/src/gsl_external/gsl-2.8/cblas/strmm.c -o strmm.o
libtool: compile:  /usr/bin/cc -DHAVE_CONFIG_H -I. -I/home/evgeniy/MPI-PI_Monte_Karlo/build/gsl_build/src/gsl_external/gsl-2.8/cblas -I.. -I/home/evgeniy/MPI-PI_Monte_Karlo/build/gsl_build/src/gsl_external/gsl-2.8 -g -O2 -MT strmv.lo -MD -MP -MF .deps/strmv.Tpo -c /home/evgeniy/MPI-PI_Monte_Karlo/build/gsl_build/src/gsl_external/gsl-2.8/cblas/strmv.c -o strmv.o
libtool: compile:  /usr/bin/cc -DHAVE_CONFIG_H -I. -I/home/evgeniy/MPI-PI_Monte_Karlo/build/gsl_build/src/gsl_external/gsl-2.8/cblas -I.. -I/home/evgeniy/MPI-PI_Monte_Karlo/build/gsl_build/src/gsl_external/gsl-2.8 -g -O2 -MT strsm.lo -MD -MP -MF .deps/strsm.Tpo -c /home/evgeniy/MPI-PI_Monte_Karlo/build/gsl_build/src/gsl_external/gsl-2.8/cblas/strsm.c -o strsm.o
libtool: compile:  /usr/bin/cc -DHAVE_CONFIG_H -I. -I/home/evgeniy/MPI-PI_Monte_Karlo/build/gsl_build/src/gsl_external/gsl-2.8/cblas -I.. -I/home/evgeniy/MPI-PI_Monte_Karlo/build/gsl_build/src/gsl_external/gsl-2.8 -g -O2 -MT strsv.lo -MD -MP -MF .deps/strsv.Tpo -c /home/evgeniy/MPI-PI_Monte_Karlo/build/gsl_build/src/gsl_external/gsl-2.8/cblas/strsv.c -o strsv.o
libtool: compile:  /usr/bin/cc -DHAVE_CONFIG_H -I. -I/home/evgeniy/MPI-PI_Monte_Karlo/build/gsl_build/src/gsl_external/gsl-2.8/cblas -I.. -I/home/evgeniy/MPI-PI_Monte_Karlo/build/gsl_build/src/gsl_external/gsl-2.8 -g -O2 -MT dasum.lo -MD -MP -MF .deps/dasum.Tpo -c /home/evgeniy/MPI-PI_Monte_Karlo/build/gsl_build/src/gsl_external/gsl-2.8/cblas/dasum.c -o dasum.o
libtool: compile:  /usr/bin/cc -DHAVE_CONFIG_H -I. -I/home/evgeniy/MPI-PI_Monte_Karlo/build/gsl_build/src/gsl_external/gsl-2.8/cblas -I.. -I/home/evgeniy/MPI-PI_Monte_Karlo/build/gsl_build/src/gsl_external/gsl-2.8 -g -O2 -MT daxpy.lo -MD -MP -MF .deps/daxpy.Tpo -c /home/evgeniy/MPI-PI_Monte_Karlo/build/gsl_build/src/gsl_external/gsl-2.8/cblas/daxpy.c -o daxpy.o
libtool: compile:  /usr/bin/cc -DHAVE_CONFIG_H -I. -I/home/evgeniy/MPI-PI_Monte_Karlo/build/gsl_build/src/gsl_external/gsl-2.8/cblas -I.. -I/home/evgeniy/MPI-PI_Monte_Karlo/build/gsl_build/src/gsl_external/gsl-2.8 -g -O2 -MT dcopy.lo -MD -MP -MF .deps/dcopy.Tpo -c /home/evgeniy/MPI-PI_Monte_Karlo/build/gsl_build/src/gsl_external/gsl-2.8/cblas/dcopy.c -o dcopy.o
libtool: compile:  /usr/bin/cc -DHAVE_CONFIG_H -I. -I/home/evgeniy/MPI-PI_Monte_Karlo/build/gsl_build/src/gsl_external/gsl-2.8/cblas -I.. -I/home/evgeniy/MPI-PI_Monte_Karlo/build/gsl_build/src/gsl_external/gsl-2.8 -g -O2 -MT ddot.lo -MD -MP -MF .deps/ddot.Tpo -c /home/evgeniy/MPI-PI_Monte_Karlo/build/gsl_build/src/gsl_external/gsl-2.8/cblas/ddot.c -o ddot.o
libtool: compile:  /usr/bin/cc -DHAVE_CONFIG_H -I. -I/home/evgeniy/MPI-PI_Monte_Karlo/build/gsl_build/src/gsl_external/gsl-2.8/cblas -I.. -I/home/evgeniy/MPI-PI_Monte_Karlo/build/gsl_build/src/gsl_external/gsl-2.8 -g -O2 -MT dgbmv.lo -MD -MP -MF .deps/dgbmv.Tpo -c /home/evgeniy/MPI-PI_Monte_Karlo/build/gsl_build/src/gsl_external/gsl-2.8/cblas/dgbmv.c -o dgbmv.o
libtool: compile:  /usr/bin/cc -DHAVE_CONFIG_H -I. -I/home/evgeniy/MPI-PI_Monte_Karlo/build/gsl_build/src/gsl_external/gsl-2.8/cblas -I.. -I/home/evgeniy/MPI-PI_Monte_Karlo/build/gsl_build/src/gsl_external/gsl-2.8 -g -O2 -MT dgemm.lo -MD -MP -MF .deps/dgemm.Tpo -c /home/evgeniy/MPI-PI_Monte_Karlo/build/gsl_build/src/gsl_external/gsl-2.8/cblas/dgemm.c -o dgemm.o
libtool: compile:  /usr/bin/cc -DHAVE_CONFIG_H -I. -I/home/evgeniy/MPI-PI_Monte_Karlo/build/gsl_build/src/gsl_external/gsl-2.8/cblas -I.. -I/home/evgeniy/MPI-PI_Monte_Karlo/build/gsl_build/src/gsl_external/gsl-2.8 -g -O2 -MT dgemv.lo -MD -MP -MF .deps/dgemv.Tpo -c /home/evgeniy/MPI-PI_Monte_Karlo/build/gsl_build/src/gsl_external/gsl-2.8/cblas/dgemv.c -o dgemv.o
libtool: compile:  /usr/bin/cc -DHAVE_CONFIG_H -I. -I/home/evgeniy/MPI-PI_Monte_Karlo/build/gsl_build/src/gsl_external/gsl-2.8/cblas -I.. -I/home/evgeniy/MPI-PI_Monte_Karlo/build/gsl_build/src/gsl_external/gsl-2.8 -g -O2 -MT dger.lo -MD -MP -MF .deps/dger.Tpo -c /home/evgeniy/MPI-PI_Monte_Karlo/build/gsl_build/src/gsl_external/gsl-2.8/cblas/dger.c -o dger.o
libtool: compile:  /usr/bin/cc -DHAVE_CONFIG_H -I. -I/home/evgeniy/MPI-PI_Monte_Karlo/build/gsl_build/src/gsl_external/gsl-2.8/cblas -I.. -I/home/evgeniy/MPI-PI_Monte_Karlo/build/gsl_build/src/gsl_external/gsl-2.8 -g -O2 -MT dnrm2.lo -MD -MP -MF .deps/dnrm2.Tpo -c /home/evgeniy/MPI-PI_Monte_Karlo/build/gsl_build/src/gsl_external/gsl-2.8/cblas/dnrm2.c -o dnrm2.o
libtool: compile:  /usr/bin/cc -DHAVE_CONFIG_H -I. -I/home/evgeniy/MPI-PI_Monte_Karlo/build/gsl_build/src/gsl_external/gsl-2.8/cblas -I.. -I/home/evgeniy/MPI-PI_Monte_Karlo/build/gsl_build/src/gsl_external/gsl-2.8 -g -O2 -MT drot.lo -MD -MP -MF .deps/drot.Tpo -c /home/evgeniy/MPI-PI_Monte_Karlo/build/gsl_build/src/gsl_external/gsl-2.8/cblas/drot.c -o drot.o
libtool: compile:  /usr/bin/cc -DHAVE_CONFIG_H -I. -I/home/evgeniy/MPI-PI_Monte_Karlo/build/gsl_build/src/gsl_external/gsl-2.8/cblas -I.. -I/home/evgeniy/MPI-PI_Monte_Karlo/build/gsl_build/src/gsl_external/gsl-2.8 -g -O2 -MT drotg.lo -MD -MP -MF .deps/drotg.Tpo -c /home/evgeniy/MPI-PI_Monte_Karlo/build/gsl_build/src/gsl_external/gsl-2.8/cblas/drotg.c -o drotg.o
libtool: compile:  /usr/bin/cc -DHAVE_CONFIG_H -I. -I/home/evgeniy/MPI-PI_Monte_Karlo/build/gsl_build/src/gsl_external/gsl-2.8/cblas -I.. -I/home/evgeniy/MPI-PI_Monte_Karlo/build/gsl_build/src/gsl_external/gsl-2.8 -g -O2 -MT drotm.lo -MD -MP -MF .deps/drotm.Tpo -c /home/evgeniy/MPI-PI_Monte_Karlo/build/gsl_build/src/gsl_external/gsl-2.8/cblas/drotm.c -o drotm.o
libtool: compile:  /usr/bin/cc -DHAVE_CONFIG_H -I. -I/home/evgeniy/MPI-PI_Monte_Karlo/build/gsl_build/src/gsl_external/gsl-2.8/cblas -I.. -I/home/evgeniy/MPI-PI_Monte_Karlo/build/gsl_build/src/gsl_external/gsl-2.8 -g -O2 -MT drotmg.lo -MD -MP -MF .deps/drotmg.Tpo -c /home/evgeniy/MPI-PI_Monte_Karlo/build/gsl_build/src/gsl_external/gsl-2.8/cblas/drotmg.c -o drotmg.o
libtool: compile:  /usr/bin/cc -DHAVE_CONFIG_H -I. -I/home/evgeniy/MPI-PI_Monte_Karlo/build/gsl_build/src/gsl_external/gsl-2.8/cblas -I.. -I/home/evgeniy/MPI-PI_Monte_Karlo/build/gsl_build/src/gsl_external/gsl-2.8 -g -O2 -MT dsbmv.lo -MD -MP -MF .deps/dsbmv.Tpo -c /home/evgeniy/MPI-PI_Monte_Karlo/build/gsl_build/src/gsl_external/gsl-2.8/cblas/dsbmv.c -o dsbmv.o
libtool: compile:  /usr/bin/cc -DHAVE_CONFIG_H -I. -I/home/evgeniy/MPI-PI_Monte_Karlo/build/gsl_build/src/gsl_external/gsl-2.8/cblas -I.. -I/home/evgeniy/MPI-PI_Monte_Karlo/build/gsl_build/src/gsl_external/gsl-2.8 -g -O2 -MT dscal.lo -MD -MP -MF .deps/dscal.Tpo -c /home/evgeniy/MPI-PI_Monte_Karlo/build/gsl_build/src/gsl_external/gsl-2.8/cblas/dscal.c -o dscal.o
libtool: compile:  /usr/bin/cc -DHAVE_CONFIG_H -I. -I/home/evgeniy/MPI-PI_Monte_Karlo/build/gsl_build/src/gsl_external/gsl-2.8/cblas -I.. -I/home/evgeniy/MPI-PI_Monte_Karlo/build/gsl_build/src/gsl_external/gsl-2.8 -g -O2 -MT dsdot.lo -MD -MP -MF .deps/dsdot.Tpo -c /home/evgeniy/MPI-PI_Monte_Karlo/build/gsl_build/src/gsl_external/gsl-2.8/cblas/dsdot.c -o dsdot.o
libtool: compile:  /usr/bin/cc -DHAVE_CONFIG_H -I. -I/home/evgeniy/MPI-PI_Monte_Karlo/build/gsl_build/src/gsl_external/gsl-2.8/cblas -I.. -I/home/evgeniy/MPI-PI_Monte_Karlo/build/gsl_build/src/gsl_external/gsl-2.8 -g -O2 -MT dspmv.lo -MD -MP -MF .deps/dspmv.Tpo -c /home/evgeniy/MPI-PI_Monte_Karlo/build/gsl_build/src/gsl_external/gsl-2.8/cblas/dspmv.c -o dspmv.o
libtool: compile:  /usr/bin/cc -DHAVE_CONFIG_H -I. -I/home/evgeniy/MPI-PI_Monte_Karlo/build/gsl_build/src/gsl_external/gsl-2.8/cblas -I.. -I/home/evgeniy/MPI-PI_Monte_Karlo/build/gsl_build/src/gsl_external/gsl-2.8 -g -O2 -MT dspr.lo -MD -MP -MF .deps/dspr.Tpo -c /home/evgeniy/MPI-PI_Monte_Karlo/build/gsl_build/src/gsl_external/gsl-2.8/cblas/dspr.c -o dspr.o
libtool: compile:  /usr/bin/cc -DHAVE_CONFIG_H -I. -I/home/evgeniy/MPI-PI_Monte_Karlo/build/gsl_build/src/gsl_external/gsl-2.8/cblas -I.. -I/home/evgeniy/MPI-PI_Monte_Karlo/build/gsl_build/src/gsl_external/gsl-2.8 -g -O2 -MT dspr2.lo -MD -MP -MF .deps/dspr2.Tpo -c /home/evgeniy/MPI-PI_Monte_Karlo/build/gsl_build/src/gsl_external/gsl-2.8/cblas/dspr2.c -o dspr2.o
libtool: compile:  /usr/bin/cc -DHAVE_CONFIG_H -I. -I/home/evgeniy/MPI-PI_Monte_Karlo/build/gsl_build/src/gsl_external/gsl-2.8/cblas -I.. -I/home/evgeniy/MPI-PI_Monte_Karlo/build/gsl_build/src/gsl_external/gsl-2.8 -g -O2 -MT dswap.lo -MD -MP -MF .deps/dswap.Tpo -c /home/evgeniy/MPI-PI_Monte_Karlo/build/gsl_build/src/gsl_external/gsl-2.8/cblas/dswap.c -o dswap.o
libtool: compile:  /usr/bin/cc -DHAVE_CONFIG_H -I. -I/home/evgeniy/MPI-PI_Monte_Karlo/build/gsl_build/src/gsl_external/gsl-2.8/cblas -I.. -I/home/evgeniy/MPI-PI_Monte_Karlo/build/gsl_build/src/gsl_external/gsl-2.8 -g -O2 -MT dsymm.lo -MD -MP -MF .deps/dsymm.Tpo -c /home/evgeniy/MPI-PI_Monte_Karlo/build/gsl_build/src/gsl_external/gsl-2.8/cblas/dsymm.c -o dsymm.o
libtool: compile:  /usr/bin/cc -DHAVE_CONFIG_H -I. -I/home/evgeniy/MPI-PI_Monte_Karlo/build/gsl_build/src/gsl_external/gsl-2.8/cblas -I.. -I/home/evgeniy/MPI-PI_Monte_Karlo/build/gsl_build/src/gsl_external/gsl-2.8 -g -O2 -MT dsymv.lo -MD -MP -MF .deps/dsymv.Tpo -c /home/evgeniy/MPI-PI_Monte_Karlo/build/gsl_build/src/gsl_external/gsl-2.8/cblas/dsymv.c -o dsymv.o
libtool: compile:  /usr/bin/cc -DHAVE_CONFIG_H -I. -I/home/evgeniy/MPI-PI_Monte_Karlo/build/gsl_build/src/gsl_external/gsl-2.8/cblas -I.. -I/home/evgeniy/MPI-PI_Monte_Karlo/build/gsl_build/src/gsl_external/gsl-2.8 -g -O2 -MT dsyr.lo -MD -MP -MF .deps/dsyr.Tpo -c /home/evgeniy/MPI-PI_Monte_Karlo/build/gsl_build/src/gsl_external/gsl-2.8/cblas/dsyr.c -o dsyr.o
libtool: compile:  /usr/bin/cc -DHAVE_CONFIG_H -I. -I/home/evgeniy/MPI-PI_Monte_Karlo/build/gsl_build/src/gsl_external/gsl-2.8/cblas -I.. -I/home/evgeniy/MPI-PI_Monte_Karlo/build/gsl_build/src/gsl_external/gsl-2.8 -g -O2 -MT dsyr2.lo -MD -MP -MF .deps/dsyr2.Tpo -c /home/evgeniy/MPI-PI_Monte_Karlo/build/gsl_build/src/gsl_external/gsl-2.8/cblas/dsyr2.c -o dsyr2.o
libtool: compile:  /usr/bin/cc -DHAVE_CONFIG_H -I. -I/home/evgeniy/MPI-PI_Monte_Karlo/build/gsl_build/src/gsl_external/gsl-2.8/cblas -I.. -I/home/evgeniy/MPI-PI_Monte_Karlo/build/gsl_build/src/gsl_external/gsl-2.8 -g -O2 -MT dsyr2k.lo -MD -MP -MF .deps/dsyr2k.Tpo -c /home/evgeniy/MPI-PI_Monte_Karlo/build/gsl_build/src/gsl_external/gsl-2.8/cblas/dsyr2k.c -o dsyr2k.o
libtool: compile:  /usr/bin/cc -DHAVE_CONFIG_H -I. -I/home/evgeniy/MPI-PI_Monte_Karlo/build/gsl_build/src/gsl_external/gsl-2.8/cblas -I.. -I/home/evgeniy/MPI-PI_Monte_Karlo/build/gsl_build/src/gsl_external/gsl-2.8 -g -O2 -MT dsyrk.lo -MD -MP -MF .deps/dsyrk.Tpo -c /home/evgeniy/MPI-PI_Monte_Karlo/build/gsl_build/src/gsl_external/gsl-2.8/cblas/dsyrk.c -o dsyrk.o
libtool: compile:  /usr/bin/cc -DHAVE_CONFIG_H -I. -I/home/evgeniy/MPI-PI_Monte_Karlo/build/gsl_build/src/gsl_external/gsl-2.8/cblas -I.. -I/home/evgeniy/MPI-PI_Monte_Karlo/build/gsl_build/src/gsl_external/gsl-2.8 -g -O2 -MT dtbmv.lo -MD -MP -MF .deps/dtbmv.Tpo -c /home/evgeniy/MPI-PI_Monte_Karlo/build/gsl_build/src/gsl_external/gsl-2.8/cblas/dtbmv.c -o dtbmv.o
libtool: compile:  /usr/bin/cc -DHAVE_CONFIG_H -I. -I/home/evgeniy/MPI-PI_Monte_Karlo/build/gsl_build/src/gsl_external/gsl-2.8/cblas -I.. -I/home/evgeniy/MPI-PI_Monte_Karlo/build/gsl_build/src/gsl_external/gsl-2.8 -g -O2 -MT dtbsv.lo -MD -MP -MF .deps/dtbsv.Tpo -c /home/evgeniy/MPI-PI_Monte_Karlo/build/gsl_build/src/gsl_external/gsl-2.8/cblas/dtbsv.c -o dtbsv.o
libtool: compile:  /usr/bin/cc -DHAVE_CONFIG_H -I. -I/home/evgeniy/MPI-PI_Monte_Karlo/build/gsl_build/src/gsl_external/gsl-2.8/cblas -I.. -I/home/evgeniy/MPI-PI_Monte_Karlo/build/gsl_build/src/gsl_external/gsl-2.8 -g -O2 -MT dtpmv.lo -MD -MP -MF .deps/dtpmv.Tpo -c /home/evgeniy/MPI-PI_Monte_Karlo/build/gsl_build/src/gsl_external/gsl-2.8/cblas/dtpmv.c -o dtpmv.o
libtool: compile:  /usr/bin/cc -DHAVE_CONFIG_H -I. -I/home/evgeniy/MPI-PI_Monte_Karlo/build/gsl_build/src/gsl_external/gsl-2.8/cblas -I.. -I/home/evgeniy/MPI-PI_Monte_Karlo/build/gsl_build/src/gsl_external/gsl-2.8 -g -O2 -MT dtpsv.lo -MD -MP -MF .deps/dtpsv.Tpo -c /home/evgeniy/MPI-PI_Monte_Karlo/build/gsl_build/src/gsl_external/gsl-2.8/cblas/dtpsv.c -o dtpsv.o
libtool: compile:  /usr/bin/cc -DHAVE_CONFIG_H -I. -I/home/evgeniy/MPI-PI_Monte_Karlo/build/gsl_build/src/gsl_external/gsl-2.8/cblas -I.. -I/home/evgeniy/MPI-PI_Monte_Karlo/build/gsl_build/src/gsl_external/gsl-2.8 -g -O2 -MT dtrmm.lo -MD -MP -MF .deps/dtrmm.Tpo -c /home/evgeniy/MPI-PI_Monte_Karlo/build/gsl_build/src/gsl_external/gsl-2.8/cblas/dtrmm.c -o dtrmm.o
libtool: compile:  /usr/bin/cc -DHAVE_CONFIG_H -I. -I/home/evgeniy/MPI-PI_Monte_Karlo/build/gsl_build/src/gsl_external/gsl-2.8/cblas -I.. -I/home/evgeniy/MPI-PI_Monte_Karlo/build/gsl_build/src/gsl_external/gsl-2.8 -g -O2 -MT dtrmv.lo -MD -MP -MF .deps/dtrmv.Tpo -c /home/evgeniy/MPI-PI_Monte_Karlo/build/gsl_build/src/gsl_external/gsl-2.8/cblas/dtrmv.c -o dtrmv.o
libtool: compile:  /usr/bin/cc -DHAVE_CONFIG_H -I. -I/home/evgeniy/MPI-PI_Monte_Karlo/build/gsl_build/src/gsl_external/gsl-2.8/cblas -I.. -I/home/evgeniy/MPI-PI_Monte_Karlo/build/gsl_build/src/gsl_external/gsl-2.8 -g -O2 -MT dtrsm.lo -MD -MP -MF .deps/dtrsm.Tpo -c /home/evgeniy/MPI-PI_Monte_Karlo/build/gsl_build/src/gsl_external/gsl-2.8/cblas/dtrsm.c -o dtrsm.o
libtool: compile:  /usr/bin/cc -DHAVE_CONFIG_H -I. -I/home/evgeniy/MPI-PI_Monte_Karlo/build/gsl_build/src/gsl_external/gsl-2.8/cblas -I.. -I/home/evgeniy/MPI-PI_Monte_Karlo/build/gsl_build/src/gsl_external/gsl-2.8 -g -O2 -MT dtrsv.lo -MD -MP -MF .deps/dtrsv.Tpo -c /home/evgeniy/MPI-PI_Monte_Karlo/build/gsl_build/src/gsl_external/gsl-2.8/cblas/dtrsv.c -o dtrsv.o
libtool: compile:  /usr/bin/cc -DHAVE_CONFIG_H -I. -I/home/evgeniy/MPI-PI_Monte_Karlo/build/gsl_build/src/gsl_external/gsl-2.8/cblas -I.. -I/home/evgeniy/MPI-PI_Monte_Karlo/build/gsl_build/src/gsl_external/gsl-2.8 -g -O2 -MT dzasum.lo -MD -MP -MF .deps/dzasum.Tpo -c /home/evgeniy/MPI-PI_Monte_Karlo/build/gsl_build/src/gsl_external/gsl-2.8/cblas/dzasum.c -o dzasum.o
libtool: compile:  /usr/bin/cc -DHAVE_CONFIG_H -I. -I/home/evgeniy/MPI-PI_Monte_Karlo/build/gsl_build/src/gsl_external/gsl-2.8/cblas -I.. -I/home/evgeniy/MPI-PI_Monte_Karlo/build/gsl_build/src/gsl_external/gsl-2.8 -g -O2 -MT dznrm2.lo -MD -MP -MF .deps/dznrm2.Tpo -c /home/evgeniy/MPI-PI_Monte_Karlo/build/gsl_build/src/gsl_external/gsl-2.8/cblas/dznrm2.c -o dznrm2.o
libtool: compile:  /usr/bin/cc -DHAVE_CONFIG_H -I. -I/home/evgeniy/MPI-PI_Monte_Karlo/build/gsl_build/src/gsl_external/gsl-2.8/cblas -I.. -I/home/evgeniy/MPI-PI_Monte_Karlo/build/gsl_build/src/gsl_external/gsl-2.8 -g -O2 -MT caxpy.lo -MD -MP -MF .deps/caxpy.Tpo -c /home/evgeniy/MPI-PI_Monte_Karlo/build/gsl_build/src/gsl_external/gsl-2.8/cblas/caxpy.c -o caxpy.o
libtool: compile:  /usr/bin/cc -DHAVE_CONFIG_H -I. -I/home/evgeniy/MPI-PI_Monte_Karlo/build/gsl_build/src/gsl_external/gsl-2.8/cblas -I.. -I/home/evgeniy/MPI-PI_Monte_Karlo/build/gsl_build/src/gsl_external/gsl-2.8 -g -O2 -MT ccopy.lo -MD -MP -MF .deps/ccopy.Tpo -c /home/evgeniy/MPI-PI_Monte_Karlo/build/gsl_build/src/gsl_external/gsl-2.8/cblas/ccopy.c -o ccopy.o
libtool: compile:  /usr/bin/cc -DHAVE_CONFIG_H -I. -I/home/evgeniy/MPI-PI_Monte_Karlo/build/gsl_build/src/gsl_external/gsl-2.8/cblas -I.. -I/home/evgeniy/MPI-PI_Monte_Karlo/build/gsl_build/src/gsl_external/gsl-2.8 -g -O2 -MT cdotc_sub.lo -MD -MP -MF .deps/cdotc_sub.Tpo -c /home/evgeniy/MPI-PI_Monte_Karlo/build/gsl_build/src/gsl_external/gsl-2.8/cblas/cdotc_sub.c -o cdotc_sub.o
libtool: compile:  /usr/bin/cc -DHAVE_CONFIG_H -I. -I/home/evgeniy/MPI-PI_Monte_Karlo/build/gsl_build/src/gsl_external/gsl-2.8/cblas -I.. -I/home/evgeniy/MPI-PI_Monte_Karlo/build/gsl_build/src/gsl_external/gsl-2.8 -g -O2 -MT cdotu_sub.lo -MD -MP -MF .deps/cdotu_sub.Tpo -c /home/evgeniy/MPI-PI_Monte_Karlo/build/gsl_build/src/gsl_external/gsl-2.8/cblas/cdotu_sub.c -o cdotu_sub.o
libtool: compile:  /usr/bin/cc -DHAVE_CONFIG_H -I. -I/home/evgeniy/MPI-PI_Monte_Karlo/build/gsl_build/src/gsl_external/gsl-2.8/cblas -I.. -I/home/evgeniy/MPI-PI_Monte_Karlo/build/gsl_build/src/gsl_external/gsl-2.8 -g -O2 -MT cgbmv.lo -MD -MP -MF .deps/cgbmv.Tpo -c /home/evgeniy/MPI-PI_Monte_Karlo/build/gsl_build/src/gsl_external/gsl-2.8/cblas/cgbmv.c -o cgbmv.o
libtool: compile:  /usr/bin/cc -DHAVE_CONFIG_H -I. -I/home/evgeniy/MPI-PI_Monte_Karlo/build/gsl_build/src/gsl_external/gsl-2.8/cblas -I.. -I/home/evgeniy/MPI-PI_Monte_Karlo/build/gsl_build/src/gsl_external/gsl-2.8 -g -O2 -MT cgemm.lo -MD -MP -MF .deps/cgemm.Tpo -c /home/evgeniy/MPI-PI_Monte_Karlo/build/gsl_build/src/gsl_external/gsl-2.8/cblas/cgemm.c -o cgemm.o
libtool: compile:  /usr/bin/cc -DHAVE_CONFIG_H -I. -I/home/evgeniy/MPI-PI_Monte_Karlo/build/gsl_build/src/gsl_external/gsl-2.8/cblas -I.. -I/home/evgeniy/MPI-PI_Monte_Karlo/build/gsl_build/src/gsl_external/gsl-2.8 -g -O2 -MT cgemv.lo -MD -MP -MF .deps/cgemv.Tpo -c /home/evgeniy/MPI-PI_Monte_Karlo/build/gsl_build/src/gsl_external/gsl-2.8/cblas/cgemv.c -o cgemv.o
libtool: compile:  /usr/bin/cc -DHAVE_CONFIG_H -I. -I/home/evgeniy/MPI-PI_Monte_Karlo/build/gsl_build/src/gsl_external/gsl-2.8/cblas -I.. -I/home/evgeniy/MPI-PI_Monte_Karlo/build/gsl_build/src/gsl_external/gsl-2.8 -g -O2 -MT cgerc.lo -MD -MP -MF .deps/cgerc.Tpo -c /home/evgeniy/MPI-PI_Monte_Karlo/build/gsl_build/src/gsl_external/gsl-2.8/cblas/cgerc.c -o cgerc.o
libtool: compile:  /usr/bin/cc -DHAVE_CONFIG_H -I. -I/home/evgeniy/MPI-PI_Monte_Karlo/build/gsl_build/src/gsl_external/gsl-2.8/cblas -I.. -I/home/evgeniy/MPI-PI_Monte_Karlo/build/gsl_build/src/gsl_external/gsl-2.8 -g -O2 -MT cgeru.lo -MD -MP -MF .deps/cgeru.Tpo -c /home/evgeniy/MPI-PI_Monte_Karlo/build/gsl_build/src/gsl_external/gsl-2.8/cblas/cgeru.c -o cgeru.o
libtool: compile:  /usr/bin/cc -DHAVE_CONFIG_H -I. -I/home/evgeniy/MPI-PI_Monte_Karlo/build/gsl_build/src/gsl_external/gsl-2.8/cblas -I.. -I/home/evgeniy/MPI-PI_Monte_Karlo/build/gsl_build/src/gsl_external/gsl-2.8 -g -O2 -MT chbmv.lo -MD -MP -MF .deps/chbmv.Tpo -c /home/evgeniy/MPI-PI_Monte_Karlo/build/gsl_build/src/gsl_external/gsl-2.8/cblas/chbmv.c -o chbmv.o
libtool: compile:  /usr/bin/cc -DHAVE_CONFIG_H -I. -I/home/evgeniy/MPI-PI_Monte_Karlo/build/gsl_build/src/gsl_external/gsl-2.8/cblas -I.. -I/home/evgeniy/MPI-PI_Monte_Karlo/build/gsl_build/src/gsl_external/gsl-2.8 -g -O2 -MT chemm.lo -MD -MP -MF .deps/chemm.Tpo -c /home/evgeniy/MPI-PI_Monte_Karlo/build/gsl_build/src/gsl_external/gsl-2.8/cblas/chemm.c -o chemm.o
libtool: compile:  /usr/bin/cc -DHAVE_CONFIG_H -I. -I/home/evgeniy/MPI-PI_Monte_Karlo/build/gsl_build/src/gsl_external/gsl-2.8/cblas -I.. -I/home/evgeniy/MPI-PI_Monte_Karlo/build/gsl_build/src/gsl_external/gsl-2.8 -g -O2 -MT chemv.lo -MD -MP -MF .deps/chemv.Tpo -c /home/evgeniy/MPI-PI_Monte_Karlo/build/gsl_build/src/gsl_external/gsl-2.8/cblas/chemv.c -o chemv.o
libtool: compile:  /usr/bin/cc -DHAVE_CONFIG_H -I. -I/home/evgeniy/MPI-PI_Monte_Karlo/build/gsl_build/src/gsl_external/gsl-2.8/cblas -I.. -I/home/evgeniy/MPI-PI_Monte_Karlo/build/gsl_build/src/gsl_external/gsl-2.8 -g -O2 -MT cher.lo -MD -MP -MF .deps/cher.Tpo -c /home/evgeniy/MPI-PI_Monte_Karlo/build/gsl_build/src/gsl_external/gsl-2.8/cblas/cher.c -o cher.o
libtool: compile:  /usr/bin/cc -DHAVE_CONFIG_H -I. -I/home/evgeniy/MPI-PI_Monte_Karlo/build/gsl_build/src/gsl_external/gsl-2.8/cblas -I.. -I/home/evgeniy/MPI-PI_Monte_Karlo/build/gsl_build/src/gsl_external/gsl-2.8 -g -O2 -MT cher2.lo -MD -MP -MF .deps/cher2.Tpo -c /home/evgeniy/MPI-PI_Monte_Karlo/build/gsl_build/src/gsl_external/gsl-2.8/cblas/cher2.c -o cher2.o
libtool: compile:  /usr/bin/cc -DHAVE_CONFIG_H -I. -I/home/evgeniy/MPI-PI_Monte_Karlo/build/gsl_build/src/gsl_external/gsl-2.8/cblas -I.. -I/home/evgeniy/MPI-PI_Monte_Karlo/build/gsl_build/src/gsl_external/gsl-2.8 -g -O2 -MT cher2k.lo -MD -MP -MF .deps/cher2k.Tpo -c /home/evgeniy/MPI-PI_Monte_Karlo/build/gsl_build/src/gsl_external/gsl-2.8/cblas/cher2k.c -o cher2k.o
libtool: compile:  /usr/bin/cc -DHAVE_CONFIG_H -I. -I/home/evgeniy/MPI-PI_Monte_Karlo/build/gsl_build/src/gsl_external/gsl-2.8/cblas -I.. -I/home/evgeniy/MPI-PI_Monte_Karlo/build/gsl_build/src/gsl_external/gsl-2.8 -g -O2 -MT cherk.lo -MD -MP -MF .deps/cherk.Tpo -c /home/evgeniy/MPI-PI_Monte_Karlo/build/gsl_build/src/gsl_external/gsl-2.8/cblas/cherk.c -o cherk.o
libtool: compile:  /usr/bin/cc -DHAVE_CONFIG_H -I. -I/home/evgeniy/MPI-PI_Monte_Karlo/build/gsl_build/src/gsl_external/gsl-2.8/cblas -I.. -I/home/evgeniy/MPI-PI_Monte_Karlo/build/gsl_build/src/gsl_external/gsl-2.8 -g -O2 -MT chpmv.lo -MD -MP -MF .deps/chpmv.Tpo -c /home/evgeniy/MPI-PI_Monte_Karlo/build/gsl_build/src/gsl_external/gsl-2.8/cblas/chpmv.c -o chpmv.o
libtool: compile:  /usr/bin/cc -DHAVE_CONFIG_H -I. -I/home/evgeniy/MPI-PI_Monte_Karlo/build/gsl_build/src/gsl_external/gsl-2.8/cblas -I.. -I/home/evgeniy/MPI-PI_Monte_Karlo/build/gsl_build/src/gsl_external/gsl-2.8 -g -O2 -MT chpr.lo -MD -MP -MF .deps/chpr.Tpo -c /home/evgeniy/MPI-PI_Monte_Karlo/build/gsl_build/src/gsl_external/gsl-2.8/cblas/chpr.c -o chpr.o
libtool: compile:  /usr/bin/cc -DHAVE_CONFIG_H -I. -I/home/evgeniy/MPI-PI_Monte_Karlo/build/gsl_build/src/gsl_external/gsl-2.8/cblas -I.. -I/home/evgeniy/MPI-PI_Monte_Karlo/build/gsl_build/src/gsl_external/gsl-2.8 -g -O2 -MT chpr2.lo -MD -MP -MF .deps/chpr2.Tpo -c /home/evgeniy/MPI-PI_Monte_Karlo/build/gsl_build/src/gsl_external/gsl-2.8/cblas/chpr2.c -o chpr2.o
libtool: compile:  /usr/bin/cc -DHAVE_CONFIG_H -I. -I/home/evgeniy/MPI-PI_Monte_Karlo/build/gsl_build/src/gsl_external/gsl-2.8/cblas -I.. -I/home/evgeniy/MPI-PI_Monte_Karlo/build/gsl_build/src/gsl_external/gsl-2.8 -g -O2 -MT cscal.lo -MD -MP -MF .deps/cscal.Tpo -c /home/evgeniy/MPI-PI_Monte_Karlo/build/gsl_build/src/gsl_external/gsl-2.8/cblas/cscal.c -o cscal.o
libtool: compile:  /usr/bin/cc -DHAVE_CONFIG_H -I. -I/home/evgeniy/MPI-PI_Monte_Karlo/build/gsl_build/src/gsl_external/gsl-2.8/cblas -I.. -I/home/evgeniy/MPI-PI_Monte_Karlo/build/gsl_build/src/gsl_external/gsl-2.8 -g -O2 -MT csscal.lo -MD -MP -MF .deps/csscal.Tpo -c /home/evgeniy/MPI-PI_Monte_Karlo/build/gsl_build/src/gsl_external/gsl-2.8/cblas/csscal.c -o csscal.o
libtool: compile:  /usr/bin/cc -DHAVE_CONFIG_H -I. -I/home/evgeniy/MPI-PI_Monte_Karlo/build/gsl_build/src/gsl_external/gsl-2.8/cblas -I.. -I/home/evgeniy/MPI-PI_Monte_Karlo/build/gsl_build/src/gsl_external/gsl-2.8 -g -O2 -MT cswap.lo -MD -MP -MF .deps/cswap.Tpo -c /home/evgeniy/MPI-PI_Monte_Karlo/build/gsl_build/src/gsl_external/gsl-2.8/cblas/cswap.c -o cswap.o
libtool: compile:  /usr/bin/cc -DHAVE_CONFIG_H -I. -I/home/evgeniy/MPI-PI_Monte_Karlo/build/gsl_build/src/gsl_external/gsl-2.8/cblas -I.. -I/home/evgeniy/MPI-PI_Monte_Karlo/build/gsl_build/src/gsl_external/gsl-2.8 -g -O2 -MT csymm.lo -MD -MP -MF .deps/csymm.Tpo -c /home/evgeniy/MPI-PI_Monte_Karlo/build/gsl_build/src/gsl_external/gsl-2.8/cblas/csymm.c -o csymm.o
libtool: compile:  /usr/bin/cc -DHAVE_CONFIG_H -I. -I/home/evgeniy/MPI-PI_Monte_Karlo/build/gsl_build/src/gsl_external/gsl-2.8/cblas -I.. -I/home/evgeniy/MPI-PI_Monte_Karlo/build/gsl_build/src/gsl_external/gsl-2.8 -g -O2 -MT csyr2k.lo -MD -MP -MF .deps/csyr2k.Tpo -c /home/evgeniy/MPI-PI_Monte_Karlo/build/gsl_build/src/gsl_external/gsl-2.8/cblas/csyr2k.c -o csyr2k.o
libtool: compile:  /usr/bin/cc -DHAVE_CONFIG_H -I. -I/home/evgeniy/MPI-PI_Monte_Karlo/build/gsl_build/src/gsl_external/gsl-2.8/cblas -I.. -I/home/evgeniy/MPI-PI_Monte_Karlo/build/gsl_build/src/gsl_external/gsl-2.8 -g -O2 -MT csyrk.lo -MD -MP -MF .deps/csyrk.Tpo -c /home/evgeniy/MPI-PI_Monte_Karlo/build/gsl_build/src/gsl_external/gsl-2.8/cblas/csyrk.c -o csyrk.o
libtool: compile:  /usr/bin/cc -DHAVE_CONFIG_H -I. -I/home/evgeniy/MPI-PI_Monte_Karlo/build/gsl_build/src/gsl_external/gsl-2.8/cblas -I.. -I/home/evgeniy/MPI-PI_Monte_Karlo/build/gsl_build/src/gsl_external/gsl-2.8 -g -O2 -MT ctbmv.lo -MD -MP -MF .deps/ctbmv.Tpo -c /home/evgeniy/MPI-PI_Monte_Karlo/build/gsl_build/src/gsl_external/gsl-2.8/cblas/ctbmv.c -o ctbmv.o
libtool: compile:  /usr/bin/cc -DHAVE_CONFIG_H -I. -I/home/evgeniy/MPI-PI_Monte_Karlo/build/gsl_build/src/gsl_external/gsl-2.8/cblas -I.. -I/home/evgeniy/MPI-PI_Monte_Karlo/build/gsl_build/src/gsl_external/gsl-2.8 -g -O2 -MT ctbsv.lo -MD -MP -MF .deps/ctbsv.Tpo -c /home/evgeniy/MPI-PI_Monte_Karlo/build/gsl_build/src/gsl_external/gsl-2.8/cblas/ctbsv.c -o ctbsv.o
libtool: compile:  /usr/bin/cc -DHAVE_CONFIG_H -I. -I/home/evgeniy/MPI-PI_Monte_Karlo/build/gsl_build/src/gsl_external/gsl-2.8/cblas -I.. -I/home/evgeniy/MPI-PI_Monte_Karlo/build/gsl_build/src/gsl_external/gsl-2.8 -g -O2 -MT ctpmv.lo -MD -MP -MF .deps/ctpmv.Tpo -c /home/evgeniy/MPI-PI_Monte_Karlo/build/gsl_build/src/gsl_external/gsl-2.8/cblas/ctpmv.c -o ctpmv.o
libtool: compile:  /usr/bin/cc -DHAVE_CONFIG_H -I. -I/home/evgeniy/MPI-PI_Monte_Karlo/build/gsl_build/src/gsl_external/gsl-2.8/cblas -I.. -I/home/evgeniy/MPI-PI_Monte_Karlo/build/gsl_build/src/gsl_external/gsl-2.8 -g -O2 -MT ctpsv.lo -MD -MP -MF .deps/ctpsv.Tpo -c /home/evgeniy/MPI-PI_Monte_Karlo/build/gsl_build/src/gsl_external/gsl-2.8/cblas/ctpsv.c -o ctpsv.o
libtool: compile:  /usr/bin/cc -DHAVE_CONFIG_H -I. -I/home/evgeniy/MPI-PI_Monte_Karlo/build/gsl_build/src/gsl_external/gsl-2.8/cblas -I.. -I/home/evgeniy/MPI-PI_Monte_Karlo/build/gsl_build/src/gsl_external/gsl-2.8 -g -O2 -MT ctrmm.lo -MD -MP -MF .deps/ctrmm.Tpo -c /home/evgeniy/MPI-PI_Monte_Karlo/build/gsl_build/src/gsl_external/gsl-2.8/cblas/ctrmm.c -o ctrmm.o
libtool: compile:  /usr/bin/cc -DHAVE_CONFIG_H -I. -I/home/evgeniy/MPI-PI_Monte_Karlo/build/gsl_build/src/gsl_external/gsl-2.8/cblas -I.. -I/home/evgeniy/MPI-PI_Monte_Karlo/build/gsl_build/src/gsl_external/gsl-2.8 -g -O2 -MT ctrmv.lo -MD -MP -MF .deps/ctrmv.Tpo -c /home/evgeniy/MPI-PI_Monte_Karlo/build/gsl_build/src/gsl_external/gsl-2.8/cblas/ctrmv.c -o ctrmv.o
libtool: compile:  /usr/bin/cc -DHAVE_CONFIG_H -I. -I/home/evgeniy/MPI-PI_Monte_Karlo/build/gsl_build/src/gsl_external/gsl-2.8/cblas -I.. -I/home/evgeniy/MPI-PI_Monte_Karlo/build/gsl_build/src/gsl_external/gsl-2.8 -g -O2 -MT ctrsm.lo -MD -MP -MF .deps/ctrsm.Tpo -c /home/evgeniy/MPI-PI_Monte_Karlo/build/gsl_build/src/gsl_external/gsl-2.8/cblas/ctrsm.c -o ctrsm.o
libtool: compile:  /usr/bin/cc -DHAVE_CONFIG_H -I. -I/home/evgeniy/MPI-PI_Monte_Karlo/build/gsl_build/src/gsl_external/gsl-2.8/cblas -I.. -I/home/evgeniy/MPI-PI_Monte_Karlo/build/gsl_build/src/gsl_external/gsl-2.8 -g -O2 -MT ctrsv.lo -MD -MP -MF .deps/ctrsv.Tpo -c /home/evgeniy/MPI-PI_Monte_Karlo/build/gsl_build/src/gsl_external/gsl-2.8/cblas/ctrsv.c -o ctrsv.o
libtool: compile:  /usr/bin/cc -DHAVE_CONFIG_H -I. -I/home/evgeniy/MPI-PI_Monte_Karlo/build/gsl_build/src/gsl_external/gsl-2.8/cblas -I.. -I/home/evgeniy/MPI-PI_Monte_Karlo/build/gsl_build/src/gsl_external/gsl-2.8 -g -O2 -MT zaxpy.lo -MD -MP -MF .deps/zaxpy.Tpo -c /home/evgeniy/MPI-PI_Monte_Karlo/build/gsl_build/src/gsl_external/gsl-2.8/cblas/zaxpy.c -o zaxpy.o
libtool: compile:  /usr/bin/cc -DHAVE_CONFIG_H -I. -I/home/evgeniy/MPI-PI_Monte_Karlo/build/gsl_build/src/gsl_external/gsl-2.8/cblas -I.. -I/home/evgeniy/MPI-PI_Monte_Karlo/build/gsl_build/src/gsl_external/gsl-2.8 -g -O2 -MT zcopy.lo -MD -MP -MF .deps/zcopy.Tpo -c /home/evgeniy/MPI-PI_Monte_Karlo/build/gsl_build/src/gsl_external/gsl-2.8/cblas/zcopy.c -o zcopy.o
libtool: compile:  /usr/bin/cc -DHAVE_CONFIG_H -I. -I/home/evgeniy/MPI-PI_Monte_Karlo/build/gsl_build/src/gsl_external/gsl-2.8/cblas -I.. -I/home/evgeniy/MPI-PI_Monte_Karlo/build/gsl_build/src/gsl_external/gsl-2.8 -g -O2 -MT zdotc_sub.lo -MD -MP -MF .deps/zdotc_sub.Tpo -c /home/evgeniy/MPI-PI_Monte_Karlo/build/gsl_build/src/gsl_external/gsl-2.8/cblas/zdotc_sub.c -o zdotc_sub.o
libtool: compile:  /usr/bin/cc -DHAVE_CONFIG_H -I. -I/home/evgeniy/MPI-PI_Monte_Karlo/build/gsl_build/src/gsl_external/gsl-2.8/cblas -I.. -I/home/evgeniy/MPI-PI_Monte_Karlo/build/gsl_build/src/gsl_external/gsl-2.8 -g -O2 -MT zdotu_sub.lo -MD -MP -MF .deps/zdotu_sub.Tpo -c /home/evgeniy/MPI-PI_Monte_Karlo/build/gsl_build/src/gsl_external/gsl-2.8/cblas/zdotu_sub.c -o zdotu_sub.o
libtool: compile:  /usr/bin/cc -DHAVE_CONFIG_H -I. -I/home/evgeniy/MPI-PI_Monte_Karlo/build/gsl_build/src/gsl_external/gsl-2.8/cblas -I.. -I/home/evgeniy/MPI-PI_Monte_Karlo/build/gsl_build/src/gsl_external/gsl-2.8 -g -O2 -MT zdscal.lo -MD -MP -MF .deps/zdscal.Tpo -c /home/evgeniy/MPI-PI_Monte_Karlo/build/gsl_build/src/gsl_external/gsl-2.8/cblas/zdscal.c -o zdscal.o
libtool: compile:  /usr/bin/cc -DHAVE_CONFIG_H -I. -I/home/evgeniy/MPI-PI_Monte_Karlo/build/gsl_build/src/gsl_external/gsl-2.8/cblas -I.. -I/home/evgeniy/MPI-PI_Monte_Karlo/build/gsl_build/src/gsl_external/gsl-2.8 -g -O2 -MT zgbmv.lo -MD -MP -MF .deps/zgbmv.Tpo -c /home/evgeniy/MPI-PI_Monte_Karlo/build/gsl_build/src/gsl_external/gsl-2.8/cblas/zgbmv.c -o zgbmv.o
libtool: compile:  /usr/bin/cc -DHAVE_CONFIG_H -I. -I/home/evgeniy/MPI-PI_Monte_Karlo/build/gsl_build/src/gsl_external/gsl-2.8/cblas -I.. -I/home/evgeniy/MPI-PI_Monte_Karlo/build/gsl_build/src/gsl_external/gsl-2.8 -g -O2 -MT zgemm.lo -MD -MP -MF .deps/zgemm.Tpo -c /home/evgeniy/MPI-PI_Monte_Karlo/build/gsl_build/src/gsl_external/gsl-2.8/cblas/zgemm.c -o zgemm.o
libtool: compile:  /usr/bin/cc -DHAVE_CONFIG_H -I. -I/home/evgeniy/MPI-PI_Monte_Karlo/build/gsl_build/src/gsl_external/gsl-2.8/cblas -I.. -I/home/evgeniy/MPI-PI_Monte_Karlo/build/gsl_build/src/gsl_external/gsl-2.8 -g -O2 -MT zgemv.lo -MD -MP -MF .deps/zgemv.Tpo -c /home/evgeniy/MPI-PI_Monte_Karlo/build/gsl_build/src/gsl_external/gsl-2.8/cblas/zgemv.c -o zgemv.o
libtool: compile:  /usr/bin/cc -DHAVE_CONFIG_H -I. -I/home/evgeniy/MPI-PI_Monte_Karlo/build/gsl_build/src/gsl_external/gsl-2.8/cblas -I.. -I/home/evgeniy/MPI-PI_Monte_Karlo/build/gsl_build/src/gsl_external/gsl-2.8 -g -O2 -MT zgerc.lo -MD -MP -MF .deps/zgerc.Tpo -c /home/evgeniy/MPI-PI_Monte_Karlo/build/gsl_build/src/gsl_external/gsl-2.8/cblas/zgerc.c -o zgerc.o
libtool: compile:  /usr/bin/cc -DHAVE_CONFIG_H -I. -I/home/evgeniy/MPI-PI_Monte_Karlo/build/gsl_build/src/gsl_external/gsl-2.8/cblas -I.. -I/home/evgeniy/MPI-PI_Monte_Karlo/build/gsl_build/src/gsl_external/gsl-2.8 -g -O2 -MT zgeru.lo -MD -MP -MF .deps/zgeru.Tpo -c /home/evgeniy/MPI-PI_Monte_Karlo/build/gsl_build/src/gsl_external/gsl-2.8/cblas/zgeru.c -o zgeru.o
libtool: compile:  /usr/bin/cc -DHAVE_CONFIG_H -I. -I/home/evgeniy/MPI-PI_Monte_Karlo/build/gsl_build/src/gsl_external/gsl-2.8/cblas -I.. -I/home/evgeniy/MPI-PI_Monte_Karlo/build/gsl_build/src/gsl_external/gsl-2.8 -g -O2 -MT zhbmv.lo -MD -MP -MF .deps/zhbmv.Tpo -c /home/evgeniy/MPI-PI_Monte_Karlo/build/gsl_build/src/gsl_external/gsl-2.8/cblas/zhbmv.c -o zhbmv.o
libtool: compile:  /usr/bin/cc -DHAVE_CONFIG_H -I. -I/home/evgeniy/MPI-PI_Monte_Karlo/build/gsl_build/src/gsl_external/gsl-2.8/cblas -I.. -I/home/evgeniy/MPI-PI_Monte_Karlo/build/gsl_build/src/gsl_external/gsl-2.8 -g -O2 -MT zhemm.lo -MD -MP -MF .deps/zhemm.Tpo -c /home/evgeniy/MPI-PI_Monte_Karlo/build/gsl_build/src/gsl_external/gsl-2.8/cblas/zhemm.c -o zhemm.o
libtool: compile:  /usr/bin/cc -DHAVE_CONFIG_H -I. -I/home/evgeniy/MPI-PI_Monte_Karlo/build/gsl_build/src/gsl_external/gsl-2.8/cblas -I.. -I/home/evgeniy/MPI-PI_Monte_Karlo/build/gsl_build/src/gsl_external/gsl-2.8 -g -O2 -MT zhemv.lo -MD -MP -MF .deps/zhemv.Tpo -c /home/evgeniy/MPI-PI_Monte_Karlo/build/gsl_build/src/gsl_external/gsl-2.8/cblas/zhemv.c -o zhemv.o
libtool: compile:  /usr/bin/cc -DHAVE_CONFIG_H -I. -I/home/evgeniy/MPI-PI_Monte_Karlo/build/gsl_build/src/gsl_external/gsl-2.8/cblas -I.. -I/home/evgeniy/MPI-PI_Monte_Karlo/build/gsl_build/src/gsl_external/gsl-2.8 -g -O2 -MT zher.lo -MD -MP -MF .deps/zher.Tpo -c /home/evgeniy/MPI-PI_Monte_Karlo/build/gsl_build/src/gsl_external/gsl-2.8/cblas/zher.c -o zher.o
libtool: compile:  /usr/bin/cc -DHAVE_CONFIG_H -I. -I/home/evgeniy/MPI-PI_Monte_Karlo/build/gsl_build/src/gsl_external/gsl-2.8/cblas -I.. -I/home/evgeniy/MPI-PI_Monte_Karlo/build/gsl_build/src/gsl_external/gsl-2.8 -g -O2 -MT zher2.lo -MD -MP -MF .deps/zher2.Tpo -c /home/evgeniy/MPI-PI_Monte_Karlo/build/gsl_build/src/gsl_external/gsl-2.8/cblas/zher2.c -o zher2.o
libtool: compile:  /usr/bin/cc -DHAVE_CONFIG_H -I. -I/home/evgeniy/MPI-PI_Monte_Karlo/build/gsl_build/src/gsl_external/gsl-2.8/cblas -I.. -I/home/evgeniy/MPI-PI_Monte_Karlo/build/gsl_build/src/gsl_external/gsl-2.8 -g -O2 -MT zher2k.lo -MD -MP -MF .deps/zher2k.Tpo -c /home/evgeniy/MPI-PI_Monte_Karlo/build/gsl_build/src/gsl_external/gsl-2.8/cblas/zher2k.c -o zher2k.o
libtool: compile:  /usr/bin/cc -DHAVE_CONFIG_H -I. -I/home/evgeniy/MPI-PI_Monte_Karlo/build/gsl_build/src/gsl_external/gsl-2.8/cblas -I.. -I/home/evgeniy/MPI-PI_Monte_Karlo/build/gsl_build/src/gsl_external/gsl-2.8 -g -O2 -MT zherk.lo -MD -MP -MF .deps/zherk.Tpo -c /home/evgeniy/MPI-PI_Monte_Karlo/build/gsl_build/src/gsl_external/gsl-2.8/cblas/zherk.c -o zherk.o
libtool: compile:  /usr/bin/cc -DHAVE_CONFIG_H -I. -I/home/evgeniy/MPI-PI_Monte_Karlo/build/gsl_build/src/gsl_external/gsl-2.8/cblas -I.. -I/home/evgeniy/MPI-PI_Monte_Karlo/build/gsl_build/src/gsl_external/gsl-2.8 -g -O2 -MT zhpmv.lo -MD -MP -MF .deps/zhpmv.Tpo -c /home/evgeniy/MPI-PI_Monte_Karlo/build/gsl_build/src/gsl_external/gsl-2.8/cblas/zhpmv.c -o zhpmv.o
libtool: compile:  /usr/bin/cc -DHAVE_CONFIG_H -I. -I/home/evgeniy/MPI-PI_Monte_Karlo/build/gsl_build/src/gsl_external/gsl-2.8/cblas -I.. -I/home/evgeniy/MPI-PI_Monte_Karlo/build/gsl_build/src/gsl_external/gsl-2.8 -g -O2 -MT zhpr.lo -MD -MP -MF .deps/zhpr.Tpo -c /home/evgeniy/MPI-PI_Monte_Karlo/build/gsl_build/src/gsl_external/gsl-2.8/cblas/zhpr.c -o zhpr.o
libtool: compile:  /usr/bin/cc -DHAVE_CONFIG_H -I. -I/home/evgeniy/MPI-PI_Monte_Karlo/build/gsl_build/src/gsl_external/gsl-2.8/cblas -I.. -I/home/evgeniy/MPI-PI_Monte_Karlo/build/gsl_build/src/gsl_external/gsl-2.8 -g -O2 -MT zhpr2.lo -MD -MP -MF .deps/zhpr2.Tpo -c /home/evgeniy/MPI-PI_Monte_Karlo/build/gsl_build/src/gsl_external/gsl-2.8/cblas/zhpr2.c -o zhpr2.o
libtool: compile:  /usr/bin/cc -DHAVE_CONFIG_H -I. -I/home/evgeniy/MPI-PI_Monte_Karlo/build/gsl_build/src/gsl_external/gsl-2.8/cblas -I.. -I/home/evgeniy/MPI-PI_Monte_Karlo/build/gsl_build/src/gsl_external/gsl-2.8 -g -O2 -MT zscal.lo -MD -MP -MF .deps/zscal.Tpo -c /home/evgeniy/MPI-PI_Monte_Karlo/build/gsl_build/src/gsl_external/gsl-2.8/cblas/zscal.c -o zscal.o
libtool: compile:  /usr/bin/cc -DHAVE_CONFIG_H -I. -I/home/evgeniy/MPI-PI_Monte_Karlo/build/gsl_build/src/gsl_external/gsl-2.8/cblas -I.. -I/home/evgeniy/MPI-PI_Monte_Karlo/build/gsl_build/src/gsl_external/gsl-2.8 -g -O2 -MT zswap.lo -MD -MP -MF .deps/zswap.Tpo -c /home/evgeniy/MPI-PI_Monte_Karlo/build/gsl_build/src/gsl_external/gsl-2.8/cblas/zswap.c -o zswap.o
libtool: compile:  /usr/bin/cc -DHAVE_CONFIG_H -I. -I/home/evgeniy/MPI-PI_Monte_Karlo/build/gsl_build/src/gsl_external/gsl-2.8/cblas -I.. -I/home/evgeniy/MPI-PI_Monte_Karlo/build/gsl_build/src/gsl_external/gsl-2.8 -g -O2 -MT zsymm.lo -MD -MP -MF .deps/zsymm.Tpo -c /home/evgeniy/MPI-PI_Monte_Karlo/build/gsl_build/src/gsl_external/gsl-2.8/cblas/zsymm.c -o zsymm.o
libtool: compile:  /usr/bin/cc -DHAVE_CONFIG_H -I. -I/home/evgeniy/MPI-PI_Monte_Karlo/build/gsl_build/src/gsl_external/gsl-2.8/cblas -I.. -I/home/evgeniy/MPI-PI_Monte_Karlo/build/gsl_build/src/gsl_external/gsl-2.8 -g -O2 -MT zsyr2k.lo -MD -MP -MF .deps/zsyr2k.Tpo -c /home/evgeniy/MPI-PI_Monte_Karlo/build/gsl_build/src/gsl_external/gsl-2.8/cblas/zsyr2k.c -o zsyr2k.o
libtool: compile:  /usr/bin/cc -DHAVE_CONFIG_H -I. -I/home/evgeniy/MPI-PI_Monte_Karlo/build/gsl_build/src/gsl_external/gsl-2.8/cblas -I.. -I/home/evgeniy/MPI-PI_Monte_Karlo/build/gsl_build/src/gsl_external/gsl-2.8 -g -O2 -MT zsyrk.lo -MD -MP -MF .deps/zsyrk.Tpo -c /home/evgeniy/MPI-PI_Monte_Karlo/build/gsl_build/src/gsl_external/gsl-2.8/cblas/zsyrk.c -o zsyrk.o
libtool: compile:  /usr/bin/cc -DHAVE_CONFIG_H -I. -I/home/evgeniy/MPI-PI_Monte_Karlo/build/gsl_build/src/gsl_external/gsl-2.8/cblas -I.. -I/home/evgeniy/MPI-PI_Monte_Karlo/build/gsl_build/src/gsl_external/gsl-2.8 -g -O2 -MT ztbmv.lo -MD -MP -MF .deps/ztbmv.Tpo -c /home/evgeniy/MPI-PI_Monte_Karlo/build/gsl_build/src/gsl_external/gsl-2.8/cblas/ztbmv.c -o ztbmv.o
libtool: compile:  /usr/bin/cc -DHAVE_CONFIG_H -I. -I/home/evgeniy/MPI-PI_Monte_Karlo/build/gsl_build/src/gsl_external/gsl-2.8/cblas -I.. -I/home/evgeniy/MPI-PI_Monte_Karlo/build/gsl_build/src/gsl_external/gsl-2.8 -g -O2 -MT ztbsv.lo -MD -MP -MF .deps/ztbsv.Tpo -c /home/evgeniy/MPI-PI_Monte_Karlo/build/gsl_build/src/gsl_external/gsl-2.8/cblas/ztbsv.c -o ztbsv.o
libtool: compile:  /usr/bin/cc -DHAVE_CONFIG_H -I. -I/home/evgeniy/MPI-PI_Monte_Karlo/build/gsl_build/src/gsl_external/gsl-2.8/cblas -I.. -I/home/evgeniy/MPI-PI_Monte_Karlo/build/gsl_build/src/gsl_external/gsl-2.8 -g -O2 -MT ztpmv.lo -MD -MP -MF .deps/ztpmv.Tpo -c /home/evgeniy/MPI-PI_Monte_Karlo/build/gsl_build/src/gsl_external/gsl-2.8/cblas/ztpmv.c -o ztpmv.o
libtool: compile:  /usr/bin/cc -DHAVE_CONFIG_H -I. -I/home/evgeniy/MPI-PI_Monte_Karlo/build/gsl_build/src/gsl_external/gsl-2.8/cblas -I.. -I/home/evgeniy/MPI-PI_Monte_Karlo/build/gsl_build/src/gsl_external/gsl-2.8 -g -O2 -MT ztpsv.lo -MD -MP -MF .deps/ztpsv.Tpo -c /home/evgeniy/MPI-PI_Monte_Karlo/build/gsl_build/src/gsl_external/gsl-2.8/cblas/ztpsv.c -o ztpsv.o
libtool: compile:  /usr/bin/cc -DHAVE_CONFIG_H -I. -I/home/evgeniy/MPI-PI_Monte_Karlo/build/gsl_build/src/gsl_external/gsl-2.8/cblas -I.. -I/home/evgeniy/MPI-PI_Monte_Karlo/build/gsl_build/src/gsl_external/gsl-2.8 -g -O2 -MT ztrmm.lo -MD -MP -MF .deps/ztrmm.Tpo -c /home/evgeniy/MPI-PI_Monte_Karlo/build/gsl_build/src/gsl_external/gsl-2.8/cblas/ztrmm.c -o ztrmm.o
libtool: compile:  /usr/bin/cc -DHAVE_CONFIG_H -I. -I/home/evgeniy/MPI-PI_Monte_Karlo/build/gsl_build/src/gsl_external/gsl-2.8/cblas -I.. -I/home/evgeniy/MPI-PI_Monte_Karlo/build/gsl_build/src/gsl_external/gsl-2.8 -g -O2 -MT ztrmv.lo -MD -MP -MF .deps/ztrmv.Tpo -c /home/evgeniy/MPI-PI_Monte_Karlo/build/gsl_build/src/gsl_external/gsl-2.8/cblas/ztrmv.c -o ztrmv.o
libtool: compile:  /usr/bin/cc -DHAVE_CONFIG_H -I. -I/home/evgeniy/MPI-PI_Monte_Karlo/build/gsl_build/src/gsl_external/gsl-2.8/cblas -I.. -I/home/evgeniy/MPI-PI_Monte_Karlo/build/gsl_build/src/gsl_external/gsl-2.8 -g -O2 -MT ztrsm.lo -MD -MP -MF .deps/ztrsm.Tpo -c /home/evgeniy/MPI-PI_Monte_Karlo/build/gsl_build/src/gsl_external/gsl-2.8/cblas/ztrsm.c -o ztrsm.o
libtool: compile:  /usr/bin/cc -DHAVE_CONFIG_H -I. -I/home/evgeniy/MPI-PI_Monte_Karlo/build/gsl_build/src/gsl_external/gsl-2.8/cblas -I.. -I/home/evgeniy/MPI-PI_Monte_Karlo/build/gsl_build/src/gsl_external/gsl-2.8 -g -O2 -MT ztrsv.lo -MD -MP -MF .deps/ztrsv.Tpo -c /home/evgeniy/MPI-PI_Monte_Karlo/build/gsl_build/src/gsl_external/gsl-2.8/cblas/ztrsv.c -o ztrsv.o
libtool: compile:  /usr/bin/cc -DHAVE_CONFIG_H -I. -I/home/evgeniy/MPI-PI_Monte_Karlo/build/gsl_build/src/gsl_external/gsl-2.8/cblas -I.. -I/home/evgeniy/MPI-PI_Monte_Karlo/build/gsl_build/src/gsl_external/gsl-2.8 -g -O2 -MT icamax.lo -MD -MP -MF .deps/icamax.Tpo -c /home/evgeniy/MPI-PI_Monte_Karlo/build/gsl_build/src/gsl_external/gsl-2.8/cblas/icamax.c -o icamax.o
libtool: compile:  /usr/bin/cc -DHAVE_CONFIG_H -I. -I/home/evgeniy/MPI-PI_Monte_Karlo/build/gsl_build/src/gsl_external/gsl-2.8/cblas -I.. -I/home/evgeniy/MPI-PI_Monte_Karlo/build/gsl_build/src/gsl_external/gsl-2.8 -g -O2 -MT idamax.lo -MD -MP -MF .deps/idamax.Tpo -c /home/evgeniy/MPI-PI_Monte_Karlo/build/gsl_build/src/gsl_external/gsl-2.8/cblas/idamax.c -o idamax.o
libtool: compile:  /usr/bin/cc -DHAVE_CONFIG_H -I. -I/home/evgeniy/MPI-PI_Monte_Karlo/build/gsl_build/src/gsl_external/gsl-2.8/cblas -I.. -I/home/evgeniy/MPI-PI_Monte_Karlo/build/gsl_build/src/gsl_external/gsl-2.8 -g -O2 -MT isamax.lo -MD -MP -MF .deps/isamax.Tpo -c /home/evgeniy/MPI-PI_Monte_Karlo/build/gsl_build/src/gsl_external/gsl-2.8/cblas/isamax.c -o isamax.o
libtool: compile:  /usr/bin/cc -DHAVE_CONFIG_H -I. -I/home/evgeniy/MPI-PI_Monte_Karlo/build/gsl_build/src/gsl_external/gsl-2.8/cblas -I.. -I/home/evgeniy/MPI-PI_Monte_Karlo/build/gsl_build/src/gsl_external/gsl-2.8 -g -O2 -MT izamax.lo -MD -MP -MF .deps/izamax.Tpo -c /home/evgeniy/MPI-PI_Monte_Karlo/build/gsl_build/src/gsl_external/gsl-2.8/cblas/izamax.c -o izamax.o
libtool: compile:  /usr/bin/cc -DHAVE_CONFIG_H -I. -I/home/evgeniy/MPI-PI_Monte_Karlo/build/gsl_build/src/gsl_external/gsl-2.8/cblas -I.. -I/home/evgeniy/MPI-PI_Monte_Karlo/build/gsl_build/src/gsl_external/gsl-2.8 -g -O2 -MT xerbla.lo -MD -MP -MF .deps/xerbla.Tpo -c /home/evgeniy/MPI-PI_Monte_Karlo/build/gsl_build/src/gsl_external/gsl-2.8/cblas/xerbla.c -o xerbla.o
libtool: link: ar cr .libs/libgslcblas.a  sasum.o saxpy.o scasum.o scnrm2.o scopy.o sdot.o sdsdot.o sgbmv.o sgemm.o sgemv.o sger.o snrm2.o srot.o srotg.o srotm.o srotmg.o ssbmv.o sscal.o sspmv.o sspr.o sspr2.o sswap.o ssymm.o ssymv.o ssyr.o ssyr2.o ssyr2k.o ssyrk.o stbmv.o stbsv.o stpmv.o stpsv.o strmm.o strmv.o strsm.o strsv.o dasum.o daxpy.o dcopy.o ddot.o dgbmv.o dgemm.o dgemv.o dger.o dnrm2.o drot.o drotg.o drotm.o drotmg.o dsbmv.o dscal.o dsdot.o dspmv.o dspr.o dspr2.o dswap.o dsymm.o dsymv.o dsyr.o dsyr2.o dsyr2k.o dsyrk.o dtbmv.o dtbsv.o dtpmv.o dtpsv.o dtrmm.o dtrmv.o dtrsm.o dtrsv.o dzasum.o dznrm2.o caxpy.o ccopy.o cdotc_sub.o cdotu_sub.o cgbmv.o cgemm.o cgemv.o cgerc.o cgeru.o chbmv.o chemm.o chemv.o cher.o cher2.o cher2k.o cherk.o chpmv.o chpr.o chpr2.o cscal.o csscal.o cswap.o csymm.o csyr2k.o csyrk.o ctbmv.o ctbsv.o ctpmv.o ctpsv.o ctrmm.o ctrmv.o ctrsm.o ctrsv.o zaxpy.o zcopy.o zdotc_sub.o zdotu_sub.o zdscal.o zgbmv.o zgemm.o zgemv.o zgerc.o zgeru.o zhbmv.o zhemm.o zhemv.o zher.o zher2.o zher2k.o zherk.o zhpmv.o zhpr.o zhpr2.o zscal.o zswap.o zsymm.o zsyr2k.o zsyrk.o ztbmv.o ztbsv.o ztpmv.o ztpsv.o ztrmm.o ztrmv.o ztrsm.o ztrsv.o icamax.o idamax.o isamax.o izamax.o xerbla.o
libtool: link: ranlib .libs/libgslcblas.a
libtool: link: ( cd ".libs" && rm -f "libgslcblas.la" && ln -s "../libgslcblas.la" "libgslcblas.la" )
Making all in blas
libtool: compile:  /usr/bin/cc -DHAVE_CONFIG_H -I. -I/home/evgeniy/MPI-PI_Monte_Karlo/build/gsl_build/src/gsl_external/gsl-2.8/blas -I.. -I/home/evgeniy/MPI-PI_Monte_Karlo/build/gsl_build/src/gsl_external/gsl-2.8 -g -O2 -MT blas.lo -MD -MP -MF .deps/blas.Tpo -c /home/evgeniy/MPI-PI_Monte_Karlo/build/gsl_build/src/gsl_external/gsl-2.8/blas/blas.c -o blas.o
libtool: link: ar cr .libs/libgslblas.a  blas.o
libtool: link: ranlib .libs/libgslblas.a
libtool: link: ( cd ".libs" && rm -f "libgslblas.la" && ln -s "../libgslblas.la" "libgslblas.la" )
Making all in linalg
libtool: compile:  /usr/bin/cc -DHAVE_CONFIG_H -I. -I/home/evgeniy/MPI-PI_Monte_Karlo/build/gsl_build/src/gsl_external/gsl-2.8/linalg -I.. -I/home/evgeniy/MPI-PI_Monte_Karlo/build/gsl_build/src/gsl_external/gsl-2.8 -g -O2 -MT cod.lo -MD -MP -MF .deps/cod.Tpo -c /home/evgeniy/MPI-PI_Monte_Karlo/build/gsl_build/src/gsl_external/gsl-2.8/linalg/cod.c -o cod.o
libtool: compile:  /usr/bin/cc -DHAVE_CONFIG_H -I. -I/home/evgeniy/MPI-PI_Monte_Karlo/build/gsl_build/src/gsl_external/gsl-2.8/linalg -I.. -I/home/evgeniy/MPI-PI_Monte_Karlo/build/gsl_build/src/gsl_external/gsl-2.8 -g -O2 -MT condest.lo -MD -MP -MF .deps/condest.Tpo -c /home/evgeniy/MPI-PI_Monte_Karlo/build/gsl_build/src/gsl_external/gsl-2.8/linalg/condest.c -o condest.o
libtool: compile:  /usr/bin/cc -DHAVE_CONFIG_H -I. -I/home/evgeniy/MPI-PI_Monte_Karlo/build/gsl_build/src/gsl_external/gsl-2.8/linalg -I.. -I/home/evgeniy/MPI-PI_Monte_Karlo/build/gsl_build/src/gsl_external/gsl-2.8 -g -O2 -MT invtri.lo -MD -MP -MF .deps/invtri.Tpo -c /home/evgeniy/MPI-PI_Monte_Karlo/build/gsl_build/src/gsl_external/gsl-2.8/linalg/invtri.c -o invtri.o
libtool: compile:  /usr/bin/cc -DHAVE_CONFIG_H -I. -I/home/evgeniy/MPI-PI_Monte_Karlo/build/gsl_build/src/gsl_external/gsl-2.8/linalg -I.. -I/home/evgeniy/MPI-PI_Monte_Karlo/build/gsl_build/src/gsl_external/gsl-2.8 -g -O2 -MT invtri_complex.lo -MD -MP -MF .deps/invtri_complex.Tpo -c /home/evgeniy/MPI-PI_Monte_Karlo/build/gsl_build/src/gsl_external/gsl-2.8/linalg/invtri_complex.c -o invtri_complex.o
libtool: compile:  /usr/bin/cc -DHAVE_CONFIG_H -I. -I/home/evgeniy/MPI-PI_Monte_Karlo/build/gsl_build/src/gsl_external/gsl-2.8/linalg -I.. -I/home/evgeniy/MPI-PI_Monte_Karlo/build/gsl_build/src/gsl_external/gsl-2.8 -g -O2 -MT multiply.lo -MD -MP -MF .deps/multiply.Tpo -c /home/evgeniy/MPI-PI_Monte_Karlo/build/gsl_build/src/gsl_external/gsl-2.8/linalg/multiply.c -o multiply.o
libtool: compile:  /usr/bin/cc -DHAVE_CONFIG_H -I. -I/home/evgeniy/MPI-PI_Monte_Karlo/build/gsl_build/src/gsl_external/gsl-2.8/linalg -I.. -I/home/evgeniy/MPI-PI_Monte_Karlo/build/gsl_build/src/gsl_external/gsl-2.8 -g -O2 -MT exponential.lo -MD -MP -MF .deps/exponential.Tpo -c /home/evgeniy/MPI-PI_Monte_Karlo/build/gsl_build/src/gsl_external/gsl-2.8/linalg/exponential.c -o exponential.o
libtool: compile:  /usr/bin/cc -DHAVE_CONFIG_H -I. -I/home/evgeniy/MPI-PI_Monte_Karlo/build/gsl_build/src/gsl_external/gsl-2.8/linalg -I.. -I/home/evgeniy/MPI-PI_Monte_Karlo/build/gsl_build/src/gsl_external/gsl-2.8 -g -O2 -MT tridiag.lo -MD -MP -MF .deps/tridiag.Tpo -c /home/evgeniy/MPI-PI_Monte_Karlo/build/gsl_build/src/gsl_external/gsl-2.8/linalg/tridiag.c -o tridiag.o
libtool: compile:  /usr/bin/cc -DHAVE_CONFIG_H -I. -I/home/evgeniy/MPI-PI_Monte_Karlo/build/gsl_build/src/gsl_external/gsl-2.8/linalg -I.. -I/home/evgeniy/MPI-PI_Monte_Karlo/build/gsl_build/src/gsl_external/gsl-2.8 -g -O2 -MT lu.lo -MD -MP -MF .deps/lu.Tpo -c /home/evgeniy/MPI-PI_Monte_Karlo/build/gsl_build/src/gsl_external/gsl-2.8/linalg/lu.c -o lu.o
libtool: compile:  /usr/bin/cc -DHAVE_CONFIG_H -I. -I/home/evgeniy/MPI-PI_Monte_Karlo/build/gsl_build/src/gsl_external/gsl-2.8/linalg -I.. -I/home/evgeniy/MPI-PI_Monte_Karlo/build/gsl_build/src/gsl_external/gsl-2.8 -g -O2 -MT lu_band.lo -MD -MP -MF .deps/lu_band.Tpo -c /home/evgeniy/MPI-PI_Monte_Karlo/build/gsl_build/src/gsl_external/gsl-2.8/linalg/lu_band.c -o lu_band.o
libtool: compile:  /usr/bin/cc -DHAVE_CONFIG_H -I. -I/home/evgeniy/MPI-PI_Monte_Karlo/build/gsl_build/src/gsl_external/gsl-2.8/linalg -I.. -I/home/evgeniy/MPI-PI_Monte_Karlo/build/gsl_build/src/gsl_external/gsl-2.8 -g -O2 -MT luc.lo -MD -MP -MF .deps/luc.Tpo -c /home/evgeniy/MPI-PI_Monte_Karlo/build/gsl_build/src/gsl_external/gsl-2.8/linalg/luc.c -o luc.o
libtool: compile:  /usr/bin/cc -DHAVE_CONFIG_H -I. -I/home/evgeniy/MPI-PI_Monte_Karlo/build/gsl_build/src/gsl_external/gsl-2.8/linalg -I.. -I/home/evgeniy/MPI-PI_Monte_Karlo/build/gsl_build/src/gsl_external/gsl-2.8 -g -O2 -MT hh.lo -MD -MP -MF .deps/hh.Tpo -c /home/evgeniy/MPI-PI_Monte_Karlo/build/gsl_build/src/gsl_external/gsl-2.8/linalg/hh.c -o hh.o
libtool: compile:  /usr/bin/cc -DHAVE_CONFIG_H -I. -I/home/evgeniy/MPI-PI_Monte_Karlo/build/gsl_build/src/gsl_external/gsl-2.8/linalg -I.. -I/home/evgeniy/MPI-PI_Monte_Karlo/build/gsl_build/src/gsl_external/gsl-2.8 -g -O2 -MT ql.lo -MD -MP -MF .deps/ql.Tpo -c /home/evgeniy/MPI-PI_Monte_Karlo/build/gsl_build/src/gsl_external/gsl-2.8/linalg/ql.c -o ql.o
libtool: compile:  /usr/bin/cc -DHAVE_CONFIG_H -I. -I/home/evgeniy/MPI-PI_Monte_Karlo/build/gsl_build/src/gsl_external/gsl-2.8/linalg -I.. -I/home/evgeniy/MPI-PI_Monte_Karlo/build/gsl_build/src/gsl_external/gsl-2.8 -g -O2 -MT qr.lo -MD -MP -MF .deps/qr.Tpo -c /home/evgeniy/MPI-PI_Monte_Karlo/build/gsl_build/src/gsl_external/gsl-2.8/linalg/qr.c -o qr.o
libtool: compile:  /usr/bin/cc -DHAVE_CONFIG_H -I. -I/home/evgeniy/MPI-PI_Monte_Karlo/build/gsl_build/src/gsl_external/gsl-2.8/linalg -I.. -I/home/evgeniy/MPI-PI_Monte_Karlo/build/gsl_build/src/gsl_external/gsl-2.8 -g -O2 -MT qr_band.lo -MD -MP -MF .deps/qr_band.Tpo -c /home/evgeniy/MPI-PI_Monte_Karlo/build/gsl_build/src/gsl_external/gsl-2.8/linalg/qr_band.c -o qr_band.o
libtool: compile:  /usr/bin/cc -DHAVE_CONFIG_H -I. -I/home/evgeniy/MPI-PI_Monte_Karlo/build/gsl_build/src/gsl_external/gsl-2.8/linalg -I.. -I/home/evgeniy/MPI-PI_Monte_Karlo/build/gsl_build/src/gsl_external/gsl-2.8 -g -O2 -MT qrc.lo -MD -MP -MF .deps/qrc.Tpo -c /home/evgeniy/MPI-PI_Monte_Karlo/build/gsl_build/src/gsl_external/gsl-2.8/linalg/qrc.c -o qrc.o
libtool: compile:  /usr/bin/cc -DHAVE_CONFIG_H -I. -I/home/evgeniy/MPI-PI_Monte_Karlo/build/gsl_build/src/gsl_external/gsl-2.8/linalg -I.. -I/home/evgeniy/MPI-PI_Monte_Karlo/build/gsl_build/src/gsl_external/gsl-2.8 -g -O2 -MT qrpt.lo -MD -MP -MF .deps/qrpt.Tpo -c /home/evgeniy/MPI-PI_Monte_Karlo/build/gsl_build/src/gsl_external/gsl-2.8/linalg/qrpt.c -o qrpt.o
libtool: compile:  /usr/bin/cc -DHAVE_CONFIG_H -I. -I/home/evgeniy/MPI-PI_Monte_Karlo/build/gsl_build/src/gsl_external/gsl-2.8/linalg -I.. -I/home/evgeniy/MPI-PI_Monte_Karlo/build/gsl_build/src/gsl_external/gsl-2.8 -g -O2 -MT qr_ud.lo -MD -MP -MF .deps/qr_ud.Tpo -c /home/evgeniy/MPI-PI_Monte_Karlo/build/gsl_build/src/gsl_external/gsl-2.8/linalg/qr_ud.c -o qr_ud.o
libtool: compile:  /usr/bin/cc -DHAVE_CONFIG_H -I. -I/home/evgeniy/MPI-PI_Monte_Karlo/build/gsl_build/src/gsl_external/gsl-2.8/linalg -I.. -I/home/evgeniy/MPI-PI_Monte_Karlo/build/gsl_build/src/gsl_external/gsl-2.8 -g -O2 -MT qr_ur.lo -MD -MP -MF .deps/qr_ur.Tpo -c /home/evgeniy/MPI-PI_Monte_Karlo/build/gsl_build/src/gsl_external/gsl-2.8/linalg/qr_ur.c -o qr_ur.o
libtool: compile:  /usr/bin/cc -DHAVE_CONFIG_H -I. -I/home/evgeniy/MPI-PI_Monte_Karlo/build/gsl_build/src/gsl_external/gsl-2.8/linalg -I.. -I/home/evgeniy/MPI-PI_Monte_Karlo/build/gsl_build/src/gsl_external/gsl-2.8 -g -O2 -MT qr_uu.lo -MD -MP -MF .deps/qr_uu.Tpo -c /home/evgeniy/MPI-PI_Monte_Karlo/build/gsl_build/src/gsl_external/gsl-2.8/linalg/qr_uu.c -o qr_uu.o
libtool: compile:  /usr/bin/cc -DHAVE_CONFIG_H -I. -I/home/evgeniy/MPI-PI_Monte_Karlo/build/gsl_build/src/gsl_external/gsl-2.8/linalg -I.. -I/home/evgeniy/MPI-PI_Monte_Karlo/build/gsl_build/src/gsl_external/gsl-2.8 -g -O2 -MT qr_uz.lo -MD -MP -MF .deps/qr_uz.Tpo -c /home/evgeniy/MPI-PI_Monte_Karlo/build/gsl_build/src/gsl_external/gsl-2.8/linalg/qr_uz.c -o qr_uz.o
libtool: compile:  /usr/bin/cc -DHAVE_CONFIG_H -I. -I/home/evgeniy/MPI-PI_Monte_Karlo/build/gsl_build/src/gsl_external/gsl-2.8/linalg -I.. -I/home/evgeniy/MPI-PI_Monte_Karlo/build/gsl_build/src/gsl_external/gsl-2.8 -g -O2 -MT rqr.lo -MD -MP -MF .deps/rqr.Tpo -c /home/evgeniy/MPI-PI_Monte_Karlo/build/gsl_build/src/gsl_external/gsl-2.8/linalg/rqr.c -o rqr.o
libtool: compile:  /usr/bin/cc -DHAVE_CONFIG_H -I. -I/home/evgeniy/MPI-PI_Monte_Karlo/build/gsl_build/src/gsl_external/gsl-2.8/linalg -I.. -I/home/evgeniy/MPI-PI_Monte_Karlo/build/gsl_build/src/gsl_external/gsl-2.8 -g -O2 -MT rqrc.lo -MD -MP -MF .deps/rqrc.Tpo -c /home/evgeniy/MPI-PI_Monte_Karlo/build/gsl_build/src/gsl_external/gsl-2.8/linalg/rqrc.c -o rqrc.o
libtool: compile:  /usr/bin/cc -DHAVE_CONFIG_H -I. -I/home/evgeniy/MPI-PI_Monte_Karlo/build/gsl_build/src/gsl_external/gsl-2.8/linalg -I.. -I/home/evgeniy/MPI-PI_Monte_Karlo/build/gsl_build/src/gsl_external/gsl-2.8 -g -O2 -MT lq.lo -MD -MP -MF .deps/lq.Tpo -c /home/evgeniy/MPI-PI_Monte_Karlo/build/gsl_build/src/gsl_external/gsl-2.8/linalg/lq.c -o lq.o
libtool: compile:  /usr/bin/cc -DHAVE_CONFIG_H -I. -I/home/evgeniy/MPI-PI_Monte_Karlo/build/gsl_build/src/gsl_external/gsl-2.8/linalg -I.. -I/home/evgeniy/MPI-PI_Monte_Karlo/build/gsl_build/src/gsl_external/gsl-2.8 -g -O2 -MT ptlq.lo -MD -MP -MF .deps/ptlq.Tpo -c /home/evgeniy/MPI-PI_Monte_Karlo/build/gsl_build/src/gsl_external/gsl-2.8/linalg/ptlq.c -o ptlq.o
libtool: compile:  /usr/bin/cc -DHAVE_CONFIG_H -I. -I/home/evgeniy/MPI-PI_Monte_Karlo/build/gsl_build/src/gsl_external/gsl-2.8/linalg -I.. -I/home/evgeniy/MPI-PI_Monte_Karlo/build/gsl_build/src/gsl_external/gsl-2.8 -g -O2 -MT svd.lo -MD -MP -MF .deps/svd.Tpo -c /home/evgeniy/MPI-PI_Monte_Karlo/build/gsl_build/src/gsl_external/gsl-2.8/linalg/svd.c -o svd.o
libtool: compile:  /usr/bin/cc -DHAVE_CONFIG_H -I. -I/home/evgeniy/MPI-PI_Monte_Karlo/build/gsl_build/src/gsl_external/gsl-2.8/linalg -I.. -I/home/evgeniy/MPI-PI_Monte_Karlo/build/gsl_build/src/gsl_external/gsl-2.8 -g -O2 -MT householder.lo -MD -MP -MF .deps/householder.Tpo -c /home/evgeniy/MPI-PI_Monte_Karlo/build/gsl_build/src/gsl_external/gsl-2.8/linalg/householder.c -o householder.o
libtool: compile:  /usr/bin/cc -DHAVE_CONFIG_H -I. -I/home/evgeniy/MPI-PI_Monte_Karlo/build/gsl_build/src/gsl_external/gsl-2.8/linalg -I.. -I/home/evgeniy/MPI-PI_Monte_Karlo/build/gsl_build/src/gsl_external/gsl-2.8 -g -O2 -MT householdercomplex.lo -MD -MP -MF .deps/householdercomplex.Tpo -c /home/evgeniy/MPI-PI_Monte_Karlo/build/gsl_build/src/gsl_external/gsl-2.8/linalg/householdercomplex.c -o householdercomplex.o
libtool: compile:  /usr/bin/cc -DHAVE_CONFIG_H -I. -I/home/evgeniy/MPI-PI_Monte_Karlo/build/gsl_build/src/gsl_external/gsl-2.8/linalg -I.. -I/home/evgeniy/MPI-PI_Monte_Karlo/build/gsl_build/src/gsl_external/gsl-2.8 -g -O2 -MT hessenberg.lo -MD -MP -MF .deps/hessenberg.Tpo -c /home/evgeniy/MPI-PI_Monte_Karlo/build/gsl_build/src/gsl_external/gsl-2.8/linalg/hessenberg.c -o hessenberg.o
libtool: compile:  /usr/bin/cc -DHAVE_CONFIG_H -I. -I/home/evgeniy/MPI-PI_Monte_Karlo/build/gsl_build/src/gsl_external/gsl-2.8/linalg -I.. -I/home/evgeniy/MPI-PI_Monte_Karlo/build/gsl_build/src/gsl_external/gsl-2.8 -g -O2 -MT hesstri.lo -MD -MP -MF .deps/hesstri.Tpo -c /home/evgeniy/MPI-PI_Monte_Karlo/build/gsl_build/src/gsl_external/gsl-2.8/linalg/hesstri.c -o hesstri.o
libtool: compile:  /usr/bin/cc -DHAVE_CONFIG_H -I. -I/home/evgeniy/MPI-PI_Monte_Karlo/build/gsl_build/src/gsl_external/gsl-2.8/linalg -I.. -I/home/evgeniy/MPI-PI_Monte_Karlo/build/gsl_build/src/gsl_external/gsl-2.8 -g -O2 -MT cholesky.lo -MD -MP -MF .deps/cholesky.Tpo -c /home/evgeniy/MPI-PI_Monte_Karlo/build/gsl_build/src/gsl_external/gsl-2.8/linalg/cholesky.c -o cholesky.o
libtool: compile:  /usr/bin/cc -DHAVE_CONFIG_H -I. -I/home/evgeniy/MPI-PI_Monte_Karlo/build/gsl_build/src/gsl_external/gsl-2.8/linalg -I.. -I/home/evgeniy/MPI-PI_Monte_Karlo/build/gsl_build/src/gsl_external/gsl-2.8 -g -O2 -MT choleskyc.lo -MD -MP -MF .deps/choleskyc.Tpo -c /home/evgeniy/MPI-PI_Monte_Karlo/build/gsl_build/src/gsl_external/gsl-2.8/linalg/choleskyc.c -o choleskyc.o
libtool: compile:  /usr/bin/cc -DHAVE_CONFIG_H -I. -I/home/evgeniy/MPI-PI_Monte_Karlo/build/gsl_build/src/gsl_external/gsl-2.8/linalg -I.. -I/home/evgeniy/MPI-PI_Monte_Karlo/build/gsl_build/src/gsl_external/gsl-2.8 -g -O2 -MT mcholesky.lo -MD -MP -MF .deps/mcholesky.Tpo -c /home/evgeniy/MPI-PI_Monte_Karlo/build/gsl_build/src/gsl_external/gsl-2.8/linalg/mcholesky.c -o mcholesky.o
libtool: compile:  /usr/bin/cc -DHAVE_CONFIG_H -I. -I/home/evgeniy/MPI-PI_Monte_Karlo/build/gsl_build/src/gsl_external/gsl-2.8/linalg -I.. -I/home/evgeniy/MPI-PI_Monte_Karlo/build/gsl_build/src/gsl_external/gsl-2.8 -g -O2 -MT pcholesky.lo -MD -MP -MF .deps/pcholesky.Tpo -c /home/evgeniy/MPI-PI_Monte_Karlo/build/gsl_build/src/gsl_external/gsl-2.8/linalg/pcholesky.c -o pcholesky.o
libtool: compile:  /usr/bin/cc -DHAVE_CONFIG_H -I. -I/home/evgeniy/MPI-PI_Monte_Karlo/build/gsl_build/src/gsl_external/gsl-2.8/linalg -I.. -I/home/evgeniy/MPI-PI_Monte_Karlo/build/gsl_build/src/gsl_external/gsl-2.8 -g -O2 -MT cholesky_band.lo -MD -MP -MF .deps/cholesky_band.Tpo -c /home/evgeniy/MPI-PI_Monte_Karlo/build/gsl_build/src/gsl_external/gsl-2.8/linalg/cholesky_band.c -o cholesky_band.o
libtool: compile:  /usr/bin/cc -DHAVE_CONFIG_H -I. -I/home/evgeniy/MPI-PI_Monte_Karlo/build/gsl_build/src/gsl_external/gsl-2.8/linalg -I.. -I/home/evgeniy/MPI-PI_Monte_Karlo/build/gsl_build/src/gsl_external/gsl-2.8 -g -O2 -MT ldlt.lo -MD -MP -MF .deps/ldlt.Tpo -c /home/evgeniy/MPI-PI_Monte_Karlo/build/gsl_build/src/gsl_external/gsl-2.8/linalg/ldlt.c -o ldlt.o
libtool: compile:  /usr/bin/cc -DHAVE_CONFIG_H -I. -I/home/evgeniy/MPI-PI_Monte_Karlo/build/gsl_build/src/gsl_external/gsl-2.8/linalg -I.. -I/home/evgeniy/MPI-PI_Monte_Karlo/build/gsl_build/src/gsl_external/gsl-2.8 -g -O2 -MT ldlt_band.lo -MD -MP -MF .deps/ldlt_band.Tpo -c /home/evgeniy/MPI-PI_Monte_Karlo/build/gsl_build/src/gsl_external/gsl-2.8/linalg/ldlt_band.c -o ldlt_band.o
libtool: compile:  /usr/bin/cc -DHAVE_CONFIG_H -I. -I/home/evgeniy/MPI-PI_Monte_Karlo/build/gsl_build/src/gsl_external/gsl-2.8/linalg -I.. -I/home/evgeniy/MPI-PI_Monte_Karlo/build/gsl_build/src/gsl_external/gsl-2.8 -g -O2 -MT symmtd.lo -MD -MP -MF .deps/symmtd.Tpo -c /home/evgeniy/MPI-PI_Monte_Karlo/build/gsl_build/src/gsl_external/gsl-2.8/linalg/symmtd.c -o symmtd.o
libtool: compile:  /usr/bin/cc -DHAVE_CONFIG_H -I. -I/home/evgeniy/MPI-PI_Monte_Karlo/build/gsl_build/src/gsl_external/gsl-2.8/linalg -I.. -I/home/evgeniy/MPI-PI_Monte_Karlo/build/gsl_build/src/gsl_external/gsl-2.8 -g -O2 -MT hermtd.lo -MD -MP -MF .deps/hermtd.Tpo -c /home/evgeniy/MPI-PI_Monte_Karlo/build/gsl_build/src/gsl_external/gsl-2.8/linalg/hermtd.c -o hermtd.o
libtool: compile:  /usr/bin/cc -DHAVE_CONFIG_H -I. -I/home/evgeniy/MPI-PI_Monte_Karlo/build/gsl_build/src/gsl_external/gsl-2.8/linalg -I.. -I/home/evgeniy/MPI-PI_Monte_Karlo/build/gsl_build/src/gsl_external/gsl-2.8 -g -O2 -MT bidiag.lo -MD -MP -MF .deps/bidiag.Tpo -c /home/evgeniy/MPI-PI_Monte_Karlo/build/gsl_build/src/gsl_external/gsl-2.8/linalg/bidiag.c -o bidiag.o
libtool: compile:  /usr/bin/cc -DHAVE_CONFIG_H -I. -I/home/evgeniy/MPI-PI_Monte_Karlo/build/gsl_build/src/gsl_external/gsl-2.8/linalg -I.. -I/home/evgeniy/MPI-PI_Monte_Karlo/build/gsl_build/src/gsl_external/gsl-2.8 -g -O2 -MT balance.lo -MD -MP -MF .deps/balance.Tpo -c /home/evgeniy/MPI-PI_Monte_Karlo/build/gsl_build/src/gsl_external/gsl-2.8/linalg/balance.c -o balance.o
libtool: compile:  /usr/bin/cc -DHAVE_CONFIG_H -I. -I/home/evgeniy/MPI-PI_Monte_Karlo/build/gsl_build/src/gsl_external/gsl-2.8/linalg -I.. -I/home/evgeniy/MPI-PI_Monte_Karlo/build/gsl_build/src/gsl_external/gsl-2.8 -g -O2 -MT balancemat.lo -MD -MP -MF .deps/balancemat.Tpo -c /home/evgeniy/MPI-PI_Monte_Karlo/build/gsl_build/src/gsl_external/gsl-2.8/linalg/balancemat.c -o balancemat.o
libtool: compile:  /usr/bin/cc -DHAVE_CONFIG_H -I. -I/home/evgeniy/MPI-PI_Monte_Karlo/build/gsl_build/src/gsl_external/gsl-2.8/linalg -I.. -I/home/evgeniy/MPI-PI_Monte_Karlo/build/gsl_build/src/gsl_external/gsl-2.8 -g -O2 -MT inline.lo -MD -MP -MF .deps/inline.Tpo -c /home/evgeniy/MPI-PI_Monte_Karlo/build/gsl_build/src/gsl_external/gsl-2.8/linalg/inline.c -o inline.o
libtool: compile:  /usr/bin/cc -DHAVE_CONFIG_H -I. -I/home/evgeniy/MPI-PI_Monte_Karlo/build/gsl_build/src/gsl_external/gsl-2.8/linalg -I.. -I/home/evgeniy/MPI-PI_Monte_Karlo/build/gsl_build/src/gsl_external/gsl-2.8 -g -O2 -MT trimult.lo -MD -MP -MF .deps/trimult.Tpo -c /home/evgeniy/MPI-PI_Monte_Karlo/build/gsl_build/src/gsl_external/gsl-2.8/linalg/trimult.c -o trimult.o
libtool: compile:  /usr/bin/cc -DHAVE_CONFIG_H -I. -I/home/evgeniy/MPI-PI_Monte_Karlo/build/gsl_build/src/gsl_external/gsl-2.8/linalg -I.. -I/home/evgeniy/MPI-PI_Monte_Karlo/build/gsl_build/src/gsl_external/gsl-2.8 -g -O2 -MT trimult_complex.lo -MD -MP -MF .deps/trimult_complex.Tpo -c /home/evgeniy/MPI-PI_Monte_Karlo/build/gsl_build/src/gsl_external/gsl-2.8/linalg/trimult_complex.c -o trimult_complex.o
libtool: link: ar cr .libs/libgsllinalg.a  cod.o condest.o invtri.o invtri_complex.o multiply.o exponential.o tridiag.o lu.o lu_band.o luc.o hh.o ql.o qr.o qr_band.o qrc.o qrpt.o qr_ud.o qr_ur.o qr_uu.o qr_uz.o rqr.o rqrc.o lq.o ptlq.o svd.o householder.o householdercomplex.o hessenberg.o hesstri.o cholesky.o choleskyc.o mcholesky.o pcholesky.o cholesky_band.o ldlt.o ldlt_band.o symmtd.o hermtd.o bidiag.o balance.o balancemat.o inline.o trimult.o trimult_complex.o
libtool: link: ranlib .libs/libgsllinalg.a
libtool: link: ( cd ".libs" && rm -f "libgsllinalg.la" && ln -s "../libgsllinalg.la" "libgsllinalg.la" )
Making all in eigen
libtool: compile:  /usr/bin/cc -DHAVE_CONFIG_H -I. -I/home/evgeniy/MPI-PI_Monte_Karlo/build/gsl_build/src/gsl_external/gsl-2.8/eigen -I.. -I/home/evgeniy/MPI-PI_Monte_Karlo/build/gsl_build/src/gsl_external/gsl-2.8 -g -O2 -MT jacobi.lo -MD -MP -MF .deps/jacobi.Tpo -c /home/evgeniy/MPI-PI_Monte_Karlo/build/gsl_build/src/gsl_external/gsl-2.8/eigen/jacobi.c -o jacobi.o
libtool: compile:  /usr/bin/cc -DHAVE_CONFIG_H -I. -I/home/evgeniy/MPI-PI_Monte_Karlo/build/gsl_build/src/gsl_external/gsl-2.8/eigen -I.. -I/home/evgeniy/MPI-PI_Monte_Karlo/build/gsl_build/src/gsl_external/gsl-2.8 -g -O2 -MT symm.lo -MD -MP -MF .deps/symm.Tpo -c /home/evgeniy/MPI-PI_Monte_Karlo/build/gsl_build/src/gsl_external/gsl-2.8/eigen/symm.c -o symm.o
libtool: compile:  /usr/bin/cc -DHAVE_CONFIG_H -I. -I/home/evgeniy/MPI-PI_Monte_Karlo/build/gsl_build/src/gsl_external/gsl-2.8/eigen -I.. -I/home/evgeniy/MPI-PI_Monte_Karlo/build/gsl_build/src/gsl_external/gsl-2.8 -g -O2 -MT symmv.lo -MD -MP -MF .deps/symmv.Tpo -c /home/evgeniy/MPI-PI_Monte_Karlo/build/gsl_build/src/gsl_external/gsl-2.8/eigen/symmv.c -o symmv.o
libtool: compile:  /usr/bin/cc -DHAVE_CONFIG_H -I. -I/home/evgeniy/MPI-PI_Monte_Karlo/build/gsl_build/src/gsl_external/gsl-2.8/eigen -I.. -I/home/evgeniy/MPI-PI_Monte_Karlo/build/gsl_build/src/gsl_external/gsl-2.8 -g -O2 -MT nonsymm.lo -MD -MP -MF .deps/nonsymm.Tpo -c /home/evgeniy/MPI-PI_Monte_Karlo/build/gsl_build/src/gsl_external/gsl-2.8/eigen/nonsymm.c -o nonsymm.o
libtool: compile:  /usr/bin/cc -DHAVE_CONFIG_H -I. -I/home/evgeniy/MPI-PI_Monte_Karlo/build/gsl_build/src/gsl_external/gsl-2.8/eigen -I.. -I/home/evgeniy/MPI-PI_Monte_Karlo/build/gsl_build/src/gsl_external/gsl-2.8 -g -O2 -MT nonsymmv.lo -MD -MP -MF .deps/nonsymmv.Tpo -c /home/evgeniy/MPI-PI_Monte_Karlo/build/gsl_build/src/gsl_external/gsl-2.8/eigen/nonsymmv.c -o nonsymmv.o
libtool: compile:  /usr/bin/cc -DHAVE_CONFIG_H -I. -I/home/evgeniy/MPI-PI_Monte_Karlo/build/gsl_build/src/gsl_external/gsl-2.8/eigen -I.. -I/home/evgeniy/MPI-PI_Monte_Karlo/build/gsl_build/src/gsl_external/gsl-2.8 -g -O2 -MT herm.lo -MD -MP -MF .deps/herm.Tpo -c /home/evgeniy/MPI-PI_Monte_Karlo/build/gsl_build/src/gsl_external/gsl-2.8/eigen/herm.c -o herm.o
libtool: compile:  /usr/bin/cc -DHAVE_CONFIG_H -I. -I/home/evgeniy/MPI-PI_Monte_Karlo/build/gsl_build/src/gsl_external/gsl-2.8/eigen -I.. -I/home/evgeniy/MPI-PI_Monte_Karlo/build/gsl_build/src/gsl_external/gsl-2.8 -g -O2 -MT hermv.lo -MD -MP -MF .deps/hermv.Tpo -c /home/evgeniy/MPI-PI_Monte_Karlo/build/gsl_build/src/gsl_external/gsl-2.8/eigen/hermv.c -o hermv.o
libtool: compile:  /usr/bin/cc -DHAVE_CONFIG_H -I. -I/home/evgeniy/MPI-PI_Monte_Karlo/build/gsl_build/src/gsl_external/gsl-2.8/eigen -I.. -I/home/evgeniy/MPI-PI_Monte_Karlo/build/gsl_build/src/gsl_external/gsl-2.8 -g -O2 -MT gensymm.lo -MD -MP -MF .deps/gensymm.Tpo -c /home/evgeniy/MPI-PI_Monte_Karlo/build/gsl_build/src/gsl_external/gsl-2.8/eigen/gensymm.c -o gensymm.o
libtool: compile:  /usr/bin/cc -DHAVE_CONFIG_H -I. -I/home/evgeniy/MPI-PI_Monte_Karlo/build/gsl_build/src/gsl_external/gsl-2.8/eigen -I.. -I/home/evgeniy/MPI-PI_Monte_Karlo/build/gsl_build/src/gsl_external/gsl-2.8 -g -O2 -MT gensymmv.lo -MD -MP -MF .deps/gensymmv.Tpo -c /home/evgeniy/MPI-PI_Monte_Karlo/build/gsl_build/src/gsl_external/gsl-2.8/eigen/gensymmv.c -o gensymmv.o
libtool: compile:  /usr/bin/cc -DHAVE_CONFIG_H -I. -I/home/evgeniy/MPI-PI_Monte_Karlo/build/gsl_build/src/gsl_external/gsl-2.8/eigen -I.. -I/home/evgeniy/MPI-PI_Monte_Karlo/build/gsl_build/src/gsl_external/gsl-2.8 -g -O2 -MT genherm.lo -MD -MP -MF .deps/genherm.Tpo -c /home/evgeniy/MPI-PI_Monte_Karlo/build/gsl_build/src/gsl_external/gsl-2.8/eigen/genherm.c -o genherm.o
libtool: compile:  /usr/bin/cc -DHAVE_CONFIG_H -I. -I/home/evgeniy/MPI-PI_Monte_Karlo/build/gsl_build/src/gsl_external/gsl-2.8/eigen -I.. -I/home/evgeniy/MPI-PI_Monte_Karlo/build/gsl_build/src/gsl_external/gsl-2.8 -g -O2 -MT genhermv.lo -MD -MP -MF .deps/genhermv.Tpo -c /home/evgeniy/MPI-PI_Monte_Karlo/build/gsl_build/src/gsl_external/gsl-2.8/eigen/genhermv.c -o genhermv.o
libtool: compile:  /usr/bin/cc -DHAVE_CONFIG_H -I. -I/home/evgeniy/MPI-PI_Monte_Karlo/build/gsl_build/src/gsl_external/gsl-2.8/eigen -I.. -I/home/evgeniy/MPI-PI_Monte_Karlo/build/gsl_build/src/gsl_external/gsl-2.8 -g -O2 -MT gen.lo -MD -MP -MF .deps/gen.Tpo -c /home/evgeniy/MPI-PI_Monte_Karlo/build/gsl_build/src/gsl_external/gsl-2.8/eigen/gen.c -o gen.o
libtool: compile:  /usr/bin/cc -DHAVE_CONFIG_H -I. -I/home/evgeniy/MPI-PI_Monte_Karlo/build/gsl_build/src/gsl_external/gsl-2.8/eigen -I.. -I/home/evgeniy/MPI-PI_Monte_Karlo/build/gsl_build/src/gsl_external/gsl-2.8 -g -O2 -MT genv.lo -MD -MP -MF .deps/genv.Tpo -c /home/evgeniy/MPI-PI_Monte_Karlo/build/gsl_build/src/gsl_external/gsl-2.8/eigen/genv.c -o genv.o
libtool: compile:  /usr/bin/cc -DHAVE_CONFIG_H -I. -I/home/evgeniy/MPI-PI_Monte_Karlo/build/gsl_build/src/gsl_external/gsl-2.8/eigen -I.. -I/home/evgeniy/MPI-PI_Monte_Karlo/build/gsl_build/src/gsl_external/gsl-2.8 -g -O2 -MT sort.lo -MD -MP -MF .deps/sort.Tpo -c /home/evgeniy/MPI-PI_Monte_Karlo/build/gsl_build/src/gsl_external/gsl-2.8/eigen/sort.c -o sort.o
libtool: compile:  /usr/bin/cc -DHAVE_CONFIG_H -I. -I/home/evgeniy/MPI-PI_Monte_Karlo/build/gsl_build/src/gsl_external/gsl-2.8/eigen -I.. -I/home/evgeniy/MPI-PI_Monte_Karlo/build/gsl_build/src/gsl_external/gsl-2.8 -g -O2 -MT francis.lo -MD -MP -MF .deps/francis.Tpo -c /home/evgeniy/MPI-PI_Monte_Karlo/build/gsl_build/src/gsl_external/gsl-2.8/eigen/francis.c -o francis.o
libtool: compile:  /usr/bin/cc -DHAVE_CONFIG_H -I. -I/home/evgeniy/MPI-PI_Monte_Karlo/build/gsl_build/src/gsl_external/gsl-2.8/eigen -I.. -I/home/evgeniy/MPI-PI_Monte_Karlo/build/gsl_build/src/gsl_external/gsl-2.8 -g -O2 -MT schur.lo -MD -MP -MF .deps/schur.Tpo -c /home/evgeniy/MPI-PI_Monte_Karlo/build/gsl_build/src/gsl_external/gsl-2.8/eigen/schur.c -o schur.o
libtool: link: ar cr .libs/libgsleigen.a  jacobi.o symm.o symmv.o nonsymm.o nonsymmv.o herm.o hermv.o gensymm.o gensymmv.o genherm.o genhermv.o gen.o genv.o sort.o francis.o schur.o
libtool: link: ranlib .libs/libgsleigen.a
libtool: link: ( cd ".libs" && rm -f "libgsleigen.la" && ln -s "../libgsleigen.la" "libgsleigen.la" )
Making all in specfunc
libtool: compile:  /usr/bin/cc -DHAVE_CONFIG_H -I. -I/home/evgeniy/MPI-PI_Monte_Karlo/build/gsl_build/src/gsl_external/gsl-2.8/specfunc -I.. -I/home/evgeniy/MPI-PI_Monte_Karlo/build/gsl_build/src/gsl_external/gsl-2.8 -g -O2 -MT airy.lo -MD -MP -MF .deps/airy.Tpo -c /home/evgeniy/MPI-PI_Monte_Karlo/build/gsl_build/src/gsl_external/gsl-2.8/specfunc/airy.c -o airy.o
libtool: compile:  /usr/bin/cc -DHAVE_CONFIG_H -I. -I/home/evgeniy/MPI-PI_Monte_Karlo/build/gsl_build/src/gsl_external/gsl-2.8/specfunc -I.. -I/home/evgeniy/MPI-PI_Monte_Karlo/build/gsl_build/src/gsl_external/gsl-2.8 -g -O2 -MT airy_der.lo -MD -MP -MF .deps/airy_der.Tpo -c /home/evgeniy/MPI-PI_Monte_Karlo/build/gsl_build/src/gsl_external/gsl-2.8/specfunc/airy_der.c -o airy_der.o
libtool: compile:  /usr/bin/cc -DHAVE_CONFIG_H -I. -I/home/evgeniy/MPI-PI_Monte_Karlo/build/gsl_build/src/gsl_external/gsl-2.8/specfunc -I.. -I/home/evgeniy/MPI-PI_Monte_Karlo/build/gsl_build/src/gsl_external/gsl-2.8 -g -O2 -MT airy_zero.lo -MD -MP -MF .deps/airy_zero.Tpo -c /home/evgeniy/MPI-PI_Monte_Karlo/build/gsl_build/src/gsl_external/gsl-2.8/specfunc/airy_zero.c -o airy_zero.o
libtool: compile:  /usr/bin/cc -DHAVE_CONFIG_H -I. -I/home/evgeniy/MPI-PI_Monte_Karlo/build/gsl_build/src/gsl_external/gsl-2.8/specfunc -I.. -I/home/evgeniy/MPI-PI_Monte_Karlo/build/gsl_build/src/gsl_external/gsl-2.8 -g -O2 -MT alf_P.lo -MD -MP -MF .deps/alf_P.Tpo -c /home/evgeniy/MPI-PI_Monte_Karlo/build/gsl_build/src/gsl_external/gsl-2.8/specfunc/alf_P.c -o alf_P.o
libtool: compile:  /usr/bin/cc -DHAVE_CONFIG_H -I. -I/home/evgeniy/MPI-PI_Monte_Karlo/build/gsl_build/src/gsl_external/gsl-2.8/specfunc -I.. -I/home/evgeniy/MPI-PI_Monte_Karlo/build/gsl_build/src/gsl_external/gsl-2.8 -g -O2 -MT atanint.lo -MD -MP -MF .deps/atanint.Tpo -c /home/evgeniy/MPI-PI_Monte_Karlo/build/gsl_build/src/gsl_external/gsl-2.8/specfunc/atanint.c -o atanint.o
libtool: compile:  /usr/bin/cc -DHAVE_CONFIG_H -I. -I/home/evgeniy/MPI-PI_Monte_Karlo/build/gsl_build/src/gsl_external/gsl-2.8/specfunc -I.. -I/home/evgeniy/MPI-PI_Monte_Karlo/build/gsl_build/src/gsl_external/gsl-2.8 -g -O2 -MT bessel.lo -MD -MP -MF .deps/bessel.Tpo -c /home/evgeniy/MPI-PI_Monte_Karlo/build/gsl_build/src/gsl_external/gsl-2.8/specfunc/bessel.c -o bessel.o
libtool: compile:  /usr/bin/cc -DHAVE_CONFIG_H -I. -I/home/evgeniy/MPI-PI_Monte_Karlo/build/gsl_build/src/gsl_external/gsl-2.8/specfunc -I.. -I/home/evgeniy/MPI-PI_Monte_Karlo/build/gsl_build/src/gsl_external/gsl-2.8 -g -O2 -MT bessel_I0.lo -MD -MP -MF .deps/bessel_I0.Tpo -c /home/evgeniy/MPI-PI_Monte_Karlo/build/gsl_build/src/gsl_external/gsl-2.8/specfunc/bessel_I0.c -o bessel_I0.o
libtool: compile:  /usr/bin/cc -DHAVE_CONFIG_H -I. -I/home/evgeniy/MPI-PI_Monte_Karlo/build/gsl_build/src/gsl_external/gsl-2.8/specfunc -I.. -I/home/evgeniy/MPI-PI_Monte_Karlo/build/gsl_build/src/gsl_external/gsl-2.8 -g -O2 -MT bessel_I1.lo -MD -MP -MF .deps/bessel_I1.Tpo -c /home/evgeniy/MPI-PI_Monte_Karlo/build/gsl_build/src/gsl_external/gsl-2.8/specfunc/bessel_I1.c -o bessel_I1.o
libtool: compile:  /usr/bin/cc -DHAVE_CONFIG_H -I. -I/home/evgeniy/MPI-PI_Monte_Karlo/build/gsl_build/src/gsl_external/gsl-2.8/specfunc -I.. -I/home/evgeniy/MPI-PI_Monte_Karlo/build/gsl_build/src/gsl_external/gsl-2.8 -g -O2 -MT bessel_In.lo -MD -MP -MF .deps/bessel_In.Tpo -c /home/evgeniy/MPI-PI_Monte_Karlo/build/gsl_build/src/gsl_external/gsl-2.8/specfunc/bessel_In.c -o bessel_In.o
libtool: compile:  /usr/bin/cc -DHAVE_CONFIG_H -I. -I/home/evgeniy/MPI-PI_Monte_Karlo/build/gsl_build/src/gsl_external/gsl-2.8/specfunc -I.. -I/home/evgeniy/MPI-PI_Monte_Karlo/build/gsl_build/src/gsl_external/gsl-2.8 -g -O2 -MT bessel_Inu.lo -MD -MP -MF .deps/bessel_Inu.Tpo -c /home/evgeniy/MPI-PI_Monte_Karlo/build/gsl_build/src/gsl_external/gsl-2.8/specfunc/bessel_Inu.c -o bessel_Inu.o
libtool: compile:  /usr/bin/cc -DHAVE_CONFIG_H -I. -I/home/evgeniy/MPI-PI_Monte_Karlo/build/gsl_build/src/gsl_external/gsl-2.8/specfunc -I.. -I/home/evgeniy/MPI-PI_Monte_Karlo/build/gsl_build/src/gsl_external/gsl-2.8 -g -O2 -MT bessel_J0.lo -MD -MP -MF .deps/bessel_J0.Tpo -c /home/evgeniy/MPI-PI_Monte_Karlo/build/gsl_build/src/gsl_external/gsl-2.8/specfunc/bessel_J0.c -o bessel_J0.o
libtool: compile:  /usr/bin/cc -DHAVE_CONFIG_H -I. -I/home/evgeniy/MPI-PI_Monte_Karlo/build/gsl_build/src/gsl_external/gsl-2.8/specfunc -I.. -I/home/evgeniy/MPI-PI_Monte_Karlo/build/gsl_build/src/gsl_external/gsl-2.8 -g -O2 -MT bessel_J1.lo -MD -MP -MF .deps/bessel_J1.Tpo -c /home/evgeniy/MPI-PI_Monte_Karlo/build/gsl_build/src/gsl_external/gsl-2.8/specfunc/bessel_J1.c -o bessel_J1.o
libtool: compile:  /usr/bin/cc -DHAVE_CONFIG_H -I. -I/home/evgeniy/MPI-PI_Monte_Karlo/build/gsl_build/src/gsl_external/gsl-2.8/specfunc -I.. -I/home/evgeniy/MPI-PI_Monte_Karlo/build/gsl_build/src/gsl_external/gsl-2.8 -g -O2 -MT bessel_Jn.lo -MD -MP -MF .deps/bessel_Jn.Tpo -c /home/evgeniy/MPI-PI_Monte_Karlo/build/gsl_build/src/gsl_external/gsl-2.8/specfunc/bessel_Jn.c -o bessel_Jn.o
libtool: compile:  /usr/bin/cc -DHAVE_CONFIG_H -I. -I/home/evgeniy/MPI-PI_Monte_Karlo/build/gsl_build/src/gsl_external/gsl-2.8/specfunc -I.. -I/home/evgeniy/MPI-PI_Monte_Karlo/build/gsl_build/src/gsl_external/gsl-2.8 -g -O2 -MT bessel_Jnu.lo -MD -MP -MF .deps/bessel_Jnu.Tpo -c /home/evgeniy/MPI-PI_Monte_Karlo/build/gsl_build/src/gsl_external/gsl-2.8/specfunc/bessel_Jnu.c -o bessel_Jnu.o
libtool: compile:  /usr/bin/cc -DHAVE_CONFIG_H -I. -I/home/evgeniy/MPI-PI_Monte_Karlo/build/gsl_build/src/gsl_external/gsl-2.8/specfunc -I.. -I/home/evgeniy/MPI-PI_Monte_Karlo/build/gsl_build/src/gsl_external/gsl-2.8 -g -O2 -MT bessel_K0.lo -MD -MP -MF .deps/bessel_K0.Tpo -c /home/evgeniy/MPI-PI_Monte_Karlo/build/gsl_build/src/gsl_external/gsl-2.8/specfunc/bessel_K0.c -o bessel_K0.o
libtool: compile:  /usr/bin/cc -DHAVE_CONFIG_H -I. -I/home/evgeniy/MPI-PI_Monte_Karlo/build/gsl_build/src/gsl_external/gsl-2.8/specfunc -I.. -I/home/evgeniy/MPI-PI_Monte_Karlo/build/gsl_build/src/gsl_external/gsl-2.8 -g -O2 -MT bessel_K1.lo -MD -MP -MF .deps/bessel_K1.Tpo -c /home/evgeniy/MPI-PI_Monte_Karlo/build/gsl_build/src/gsl_external/gsl-2.8/specfunc/bessel_K1.c -o bessel_K1.o
libtool: compile:  /usr/bin/cc -DHAVE_CONFIG_H -I. -I/home/evgeniy/MPI-PI_Monte_Karlo/build/gsl_build/src/gsl_external/gsl-2.8/specfunc -I.. -I/home/evgeniy/MPI-PI_Monte_Karlo/build/gsl_build/src/gsl_external/gsl-2.8 -g -O2 -MT bessel_Kn.lo -MD -MP -MF .deps/bessel_Kn.Tpo -c /home/evgeniy/MPI-PI_Monte_Karlo/build/gsl_build/src/gsl_external/gsl-2.8/specfunc/bessel_Kn.c -o bessel_Kn.o
libtool: compile:  /usr/bin/cc -DHAVE_CONFIG_H -I. -I/home/evgeniy/MPI-PI_Monte_Karlo/build/gsl_build/src/gsl_external/gsl-2.8/specfunc -I.. -I/home/evgeniy/MPI-PI_Monte_Karlo/build/gsl_build/src/gsl_external/gsl-2.8 -g -O2 -MT bessel_Knu.lo -MD -MP -MF .deps/bessel_Knu.Tpo -c /home/evgeniy/MPI-PI_Monte_Karlo/build/gsl_build/src/gsl_external/gsl-2.8/specfunc/bessel_Knu.c -o bessel_Knu.o
libtool: compile:  /usr/bin/cc -DHAVE_CONFIG_H -I. -I/home/evgeniy/MPI-PI_Monte_Karlo/build/gsl_build/src/gsl_external/gsl-2.8/specfunc -I.. -I/home/evgeniy/MPI-PI_Monte_Karlo/build/gsl_build/src/gsl_external/gsl-2.8 -g -O2 -MT bessel_Y0.lo -MD -MP -MF .deps/bessel_Y0.Tpo -c /home/evgeniy/MPI-PI_Monte_Karlo/build/gsl_build/src/gsl_external/gsl-2.8/specfunc/bessel_Y0.c -o bessel_Y0.o
libtool: compile:  /usr/bin/cc -DHAVE_CONFIG_H -I. -I/home/evgeniy/MPI-PI_Monte_Karlo/build/gsl_build/src/gsl_external/gsl-2.8/specfunc -I.. -I/home/evgeniy/MPI-PI_Monte_Karlo/build/gsl_build/src/gsl_external/gsl-2.8 -g -O2 -MT bessel_Y1.lo -MD -MP -MF .deps/bessel_Y1.Tpo -c /home/evgeniy/MPI-PI_Monte_Karlo/build/gsl_build/src/gsl_external/gsl-2.8/specfunc/bessel_Y1.c -o bessel_Y1.o
libtool: compile:  /usr/bin/cc -DHAVE_CONFIG_H -I. -I/home/evgeniy/MPI-PI_Monte_Karlo/build/gsl_build/src/gsl_external/gsl-2.8/specfunc -I.. -I/home/evgeniy/MPI-PI_Monte_Karlo/build/gsl_build/src/gsl_external/gsl-2.8 -g -O2 -MT bessel_Yn.lo -MD -MP -MF .deps/bessel_Yn.Tpo -c /home/evgeniy/MPI-PI_Monte_Karlo/build/gsl_build/src/gsl_external/gsl-2.8/specfunc/bessel_Yn.c -o bessel_Yn.o
libtool: compile:  /usr/bin/cc -DHAVE_CONFIG_H -I. -I/home/evgeniy/MPI-PI_Monte_Karlo/build/gsl_build/src/gsl_external/gsl-2.8/specfunc -I.. -I/home/evgeniy/MPI-PI_Monte_Karlo/build/gsl_build/src/gsl_external/gsl-2.8 -g -O2 -MT bessel_Ynu.lo -MD -MP -MF .deps/bessel_Ynu.Tpo -c /home/evgeniy/MPI-PI_Monte_Karlo/build/gsl_build/src/gsl_external/gsl-2.8/specfunc/bessel_Ynu.c -o bessel_Ynu.o
libtool: compile:  /usr/bin/cc -DHAVE_CONFIG_H -I. -I/home/evgeniy/MPI-PI_Monte_Karlo/build/gsl_build/src/gsl_external/gsl-2.8/specfunc -I.. -I/home/evgeniy/MPI-PI_Monte_Karlo/build/gsl_build/src/gsl_external/gsl-2.8 -g -O2 -MT bessel_amp_phase.lo -MD -MP -MF .deps/bessel_amp_phase.Tpo -c /home/evgeniy/MPI-PI_Monte_Karlo/build/gsl_build/src/gsl_external/gsl-2.8/specfunc/bessel_amp_phase.c -o bessel_amp_phase.o
libtool: compile:  /usr/bin/cc -DHAVE_CONFIG_H -I. -I/home/evgeniy/MPI-PI_Monte_Karlo/build/gsl_build/src/gsl_external/gsl-2.8/specfunc -I.. -I/home/evgeniy/MPI-PI_Monte_Karlo/build/gsl_build/src/gsl_external/gsl-2.8 -g -O2 -MT bessel_i.lo -MD -MP -MF .deps/bessel_i.Tpo -c /home/evgeniy/MPI-PI_Monte_Karlo/build/gsl_build/src/gsl_external/gsl-2.8/specfunc/bessel_i.c -o bessel_i.o
libtool: compile:  /usr/bin/cc -DHAVE_CONFIG_H -I. -I/home/evgeniy/MPI-PI_Monte_Karlo/build/gsl_build/src/gsl_external/gsl-2.8/specfunc -I.. -I/home/evgeniy/MPI-PI_Monte_Karlo/build/gsl_build/src/gsl_external/gsl-2.8 -g -O2 -MT bessel_j.lo -MD -MP -MF .deps/bessel_j.Tpo -c /home/evgeniy/MPI-PI_Monte_Karlo/build/gsl_build/src/gsl_external/gsl-2.8/specfunc/bessel_j.c -o bessel_j.o
libtool: compile:  /usr/bin/cc -DHAVE_CONFIG_H -I. -I/home/evgeniy/MPI-PI_Monte_Karlo/build/gsl_build/src/gsl_external/gsl-2.8/specfunc -I.. -I/home/evgeniy/MPI-PI_Monte_Karlo/build/gsl_build/src/gsl_external/gsl-2.8 -g -O2 -MT bessel_k.lo -MD -MP -MF .deps/bessel_k.Tpo -c /home/evgeniy/MPI-PI_Monte_Karlo/build/gsl_build/src/gsl_external/gsl-2.8/specfunc/bessel_k.c -o bessel_k.o
libtool: compile:  /usr/bin/cc -DHAVE_CONFIG_H -I. -I/home/evgeniy/MPI-PI_Monte_Karlo/build/gsl_build/src/gsl_external/gsl-2.8/specfunc -I.. -I/home/evgeniy/MPI-PI_Monte_Karlo/build/gsl_build/src/gsl_external/gsl-2.8 -g -O2 -MT bessel_olver.lo -MD -MP -MF .deps/bessel_olver.Tpo -c /home/evgeniy/MPI-PI_Monte_Karlo/build/gsl_build/src/gsl_external/gsl-2.8/specfunc/bessel_olver.c -o bessel_olver.o
libtool: compile:  /usr/bin/cc -DHAVE_CONFIG_H -I. -I/home/evgeniy/MPI-PI_Monte_Karlo/build/gsl_build/src/gsl_external/gsl-2.8/specfunc -I.. -I/home/evgeniy/MPI-PI_Monte_Karlo/build/gsl_build/src/gsl_external/gsl-2.8 -g -O2 -MT bessel_temme.lo -MD -MP -MF .deps/bessel_temme.Tpo -c /home/evgeniy/MPI-PI_Monte_Karlo/build/gsl_build/src/gsl_external/gsl-2.8/specfunc/bessel_temme.c -o bessel_temme.o
libtool: compile:  /usr/bin/cc -DHAVE_CONFIG_H -I. -I/home/evgeniy/MPI-PI_Monte_Karlo/build/gsl_build/src/gsl_external/gsl-2.8/specfunc -I.. -I/home/evgeniy/MPI-PI_Monte_Karlo/build/gsl_build/src/gsl_external/gsl-2.8 -g -O2 -MT bessel_y.lo -MD -MP -MF .deps/bessel_y.Tpo -c /home/evgeniy/MPI-PI_Monte_Karlo/build/gsl_build/src/gsl_external/gsl-2.8/specfunc/bessel_y.c -o bessel_y.o
libtool: compile:  /usr/bin/cc -DHAVE_CONFIG_H -I. -I/home/evgeniy/MPI-PI_Monte_Karlo/build/gsl_build/src/gsl_external/gsl-2.8/specfunc -I.. -I/home/evgeniy/MPI-PI_Monte_Karlo/build/gsl_build/src/gsl_external/gsl-2.8 -g -O2 -MT bessel_zero.lo -MD -MP -MF .deps/bessel_zero.Tpo -c /home/evgeniy/MPI-PI_Monte_Karlo/build/gsl_build/src/gsl_external/gsl-2.8/specfunc/bessel_zero.c -o bessel_zero.o
libtool: compile:  /usr/bin/cc -DHAVE_CONFIG_H -I. -I/home/evgeniy/MPI-PI_Monte_Karlo/build/gsl_build/src/gsl_external/gsl-2.8/specfunc -I.. -I/home/evgeniy/MPI-PI_Monte_Karlo/build/gsl_build/src/gsl_external/gsl-2.8 -g -O2 -MT bessel_sequence.lo -MD -MP -MF .deps/bessel_sequence.Tpo -c /home/evgeniy/MPI-PI_Monte_Karlo/build/gsl_build/src/gsl_external/gsl-2.8/specfunc/bessel_sequence.c -o bessel_sequence.o
libtool: compile:  /usr/bin/cc -DHAVE_CONFIG_H -I. -I/home/evgeniy/MPI-PI_Monte_Karlo/build/gsl_build/src/gsl_external/gsl-2.8/specfunc -I.. -I/home/evgeniy/MPI-PI_Monte_Karlo/build/gsl_build/src/gsl_external/gsl-2.8 -g -O2 -MT beta.lo -MD -MP -MF .deps/beta.Tpo -c /home/evgeniy/MPI-PI_Monte_Karlo/build/gsl_build/src/gsl_external/gsl-2.8/specfunc/beta.c -o beta.o
libtool: compile:  /usr/bin/cc -DHAVE_CONFIG_H -I. -I/home/evgeniy/MPI-PI_Monte_Karlo/build/gsl_build/src/gsl_external/gsl-2.8/specfunc -I.. -I/home/evgeniy/MPI-PI_Monte_Karlo/build/gsl_build/src/gsl_external/gsl-2.8 -g -O2 -MT beta_inc.lo -MD -MP -MF .deps/beta_inc.Tpo -c /home/evgeniy/MPI-PI_Monte_Karlo/build/gsl_build/src/gsl_external/gsl-2.8/specfunc/beta_inc.c -o beta_inc.o
libtool: compile:  /usr/bin/cc -DHAVE_CONFIG_H -I. -I/home/evgeniy/MPI-PI_Monte_Karlo/build/gsl_build/src/gsl_external/gsl-2.8/specfunc -I.. -I/home/evgeniy/MPI-PI_Monte_Karlo/build/gsl_build/src/gsl_external/gsl-2.8 -g -O2 -MT clausen.lo -MD -MP -MF .deps/clausen.Tpo -c /home/evgeniy/MPI-PI_Monte_Karlo/build/gsl_build/src/gsl_external/gsl-2.8/specfunc/clausen.c -o clausen.o
libtool: compile:  /usr/bin/cc -DHAVE_CONFIG_H -I. -I/home/evgeniy/MPI-PI_Monte_Karlo/build/gsl_build/src/gsl_external/gsl-2.8/specfunc -I.. -I/home/evgeniy/MPI-PI_Monte_Karlo/build/gsl_build/src/gsl_external/gsl-2.8 -g -O2 -MT coulomb.lo -MD -MP -MF .deps/coulomb.Tpo -c /home/evgeniy/MPI-PI_Monte_Karlo/build/gsl_build/src/gsl_external/gsl-2.8/specfunc/coulomb.c -o coulomb.o
libtool: compile:  /usr/bin/cc -DHAVE_CONFIG_H -I. -I/home/evgeniy/MPI-PI_Monte_Karlo/build/gsl_build/src/gsl_external/gsl-2.8/specfunc -I.. -I/home/evgeniy/MPI-PI_Monte_Karlo/build/gsl_build/src/gsl_external/gsl-2.8 -g -O2 -MT coupling.lo -MD -MP -MF .deps/coupling.Tpo -c /home/evgeniy/MPI-PI_Monte_Karlo/build/gsl_build/src/gsl_external/gsl-2.8/specfunc/coupling.c -o coupling.o
libtool: compile:  /usr/bin/cc -DHAVE_CONFIG_H -I. -I/home/evgeniy/MPI-PI_Monte_Karlo/build/gsl_build/src/gsl_external/gsl-2.8/specfunc -I.. -I/home/evgeniy/MPI-PI_Monte_Karlo/build/gsl_build/src/gsl_external/gsl-2.8 -g -O2 -MT coulomb_bound.lo -MD -MP -MF .deps/coulomb_bound.Tpo -c /home/evgeniy/MPI-PI_Monte_Karlo/build/gsl_build/src/gsl_external/gsl-2.8/specfunc/coulomb_bound.c -o coulomb_bound.o
libtool: compile:  /usr/bin/cc -DHAVE_CONFIG_H -I. -I/home/evgeniy/MPI-PI_Monte_Karlo/build/gsl_build/src/gsl_external/gsl-2.8/specfunc -I.. -I/home/evgeniy/MPI-PI_Monte_Karlo/build/gsl_build/src/gsl_external/gsl-2.8 -g -O2 -MT dawson.lo -MD -MP -MF .deps/dawson.Tpo -c /home/evgeniy/MPI-PI_Monte_Karlo/build/gsl_build/src/gsl_external/gsl-2.8/specfunc/dawson.c -o dawson.o
libtool: compile:  /usr/bin/cc -DHAVE_CONFIG_H -I. -I/home/evgeniy/MPI-PI_Monte_Karlo/build/gsl_build/src/gsl_external/gsl-2.8/specfunc -I.. -I/home/evgeniy/MPI-PI_Monte_Karlo/build/gsl_build/src/gsl_external/gsl-2.8 -g -O2 -MT debye.lo -MD -MP -MF .deps/debye.Tpo -c /home/evgeniy/MPI-PI_Monte_Karlo/build/gsl_build/src/gsl_external/gsl-2.8/specfunc/debye.c -o debye.o
libtool: compile:  /usr/bin/cc -DHAVE_CONFIG_H -I. -I/home/evgeniy/MPI-PI_Monte_Karlo/build/gsl_build/src/gsl_external/gsl-2.8/specfunc -I.. -I/home/evgeniy/MPI-PI_Monte_Karlo/build/gsl_build/src/gsl_external/gsl-2.8 -g -O2 -MT dilog.lo -MD -MP -MF .deps/dilog.Tpo -c /home/evgeniy/MPI-PI_Monte_Karlo/build/gsl_build/src/gsl_external/gsl-2.8/specfunc/dilog.c -o dilog.o
libtool: compile:  /usr/bin/cc -DHAVE_CONFIG_H -I. -I/home/evgeniy/MPI-PI_Monte_Karlo/build/gsl_build/src/gsl_external/gsl-2.8/specfunc -I.. -I/home/evgeniy/MPI-PI_Monte_Karlo/build/gsl_build/src/gsl_external/gsl-2.8 -g -O2 -MT elementary.lo -MD -MP -MF .deps/elementary.Tpo -c /home/evgeniy/MPI-PI_Monte_Karlo/build/gsl_build/src/gsl_external/gsl-2.8/specfunc/elementary.c -o elementary.o
libtool: compile:  /usr/bin/cc -DHAVE_CONFIG_H -I. -I/home/evgeniy/MPI-PI_Monte_Karlo/build/gsl_build/src/gsl_external/gsl-2.8/specfunc -I.. -I/home/evgeniy/MPI-PI_Monte_Karlo/build/gsl_build/src/gsl_external/gsl-2.8 -g -O2 -MT ellint.lo -MD -MP -MF .deps/ellint.Tpo -c /home/evgeniy/MPI-PI_Monte_Karlo/build/gsl_build/src/gsl_external/gsl-2.8/specfunc/ellint.c -o ellint.o
libtool: compile:  /usr/bin/cc -DHAVE_CONFIG_H -I. -I/home/evgeniy/MPI-PI_Monte_Karlo/build/gsl_build/src/gsl_external/gsl-2.8/specfunc -I.. -I/home/evgeniy/MPI-PI_Monte_Karlo/build/gsl_build/src/gsl_external/gsl-2.8 -g -O2 -MT elljac.lo -MD -MP -MF .deps/elljac.Tpo -c /home/evgeniy/MPI-PI_Monte_Karlo/build/gsl_build/src/gsl_external/gsl-2.8/specfunc/elljac.c -o elljac.o
libtool: compile:  /usr/bin/cc -DHAVE_CONFIG_H -I. -I/home/evgeniy/MPI-PI_Monte_Karlo/build/gsl_build/src/gsl_external/gsl-2.8/specfunc -I.. -I/home/evgeniy/MPI-PI_Monte_Karlo/build/gsl_build/src/gsl_external/gsl-2.8 -g -O2 -MT erfc.lo -MD -MP -MF .deps/erfc.Tpo -c /home/evgeniy/MPI-PI_Monte_Karlo/build/gsl_build/src/gsl_external/gsl-2.8/specfunc/erfc.c -o erfc.o
libtool: compile:  /usr/bin/cc -DHAVE_CONFIG_H -I. -I/home/evgeniy/MPI-PI_Monte_Karlo/build/gsl_build/src/gsl_external/gsl-2.8/specfunc -I.. -I/home/evgeniy/MPI-PI_Monte_Karlo/build/gsl_build/src/gsl_external/gsl-2.8 -g -O2 -MT exp.lo -MD -MP -MF .deps/exp.Tpo -c /home/evgeniy/MPI-PI_Monte_Karlo/build/gsl_build/src/gsl_external/gsl-2.8/specfunc/exp.c -o exp.o
libtool: compile:  /usr/bin/cc -DHAVE_CONFIG_H -I. -I/home/evgeniy/MPI-PI_Monte_Karlo/build/gsl_build/src/gsl_external/gsl-2.8/specfunc -I.. -I/home/evgeniy/MPI-PI_Monte_Karlo/build/gsl_build/src/gsl_external/gsl-2.8 -g -O2 -MT expint.lo -MD -MP -MF .deps/expint.Tpo -c /home/evgeniy/MPI-PI_Monte_Karlo/build/gsl_build/src/gsl_external/gsl-2.8/specfunc/expint.c -o expint.o
libtool: compile:  /usr/bin/cc -DHAVE_CONFIG_H -I. -I/home/evgeniy/MPI-PI_Monte_Karlo/build/gsl_build/src/gsl_external/gsl-2.8/specfunc -I.. -I/home/evgeniy/MPI-PI_Monte_Karlo/build/gsl_build/src/gsl_external/gsl-2.8 -g -O2 -MT expint3.lo -MD -MP -MF .deps/expint3.Tpo -c /home/evgeniy/MPI-PI_Monte_Karlo/build/gsl_build/src/gsl_external/gsl-2.8/specfunc/expint3.c -o expint3.o
libtool: compile:  /usr/bin/cc -DHAVE_CONFIG_H -I. -I/home/evgeniy/MPI-PI_Monte_Karlo/build/gsl_build/src/gsl_external/gsl-2.8/specfunc -I.. -I/home/evgeniy/MPI-PI_Monte_Karlo/build/gsl_build/src/gsl_external/gsl-2.8 -g -O2 -MT fermi_dirac.lo -MD -MP -MF .deps/fermi_dirac.Tpo -c /home/evgeniy/MPI-PI_Monte_Karlo/build/gsl_build/src/gsl_external/gsl-2.8/specfunc/fermi_dirac.c -o fermi_dirac.o
libtool: compile:  /usr/bin/cc -DHAVE_CONFIG_H -I. -I/home/evgeniy/MPI-PI_Monte_Karlo/build/gsl_build/src/gsl_external/gsl-2.8/specfunc -I.. -I/home/evgeniy/MPI-PI_Monte_Karlo/build/gsl_build/src/gsl_external/gsl-2.8 -g -O2 -MT gegenbauer.lo -MD -MP -MF .deps/gegenbauer.Tpo -c /home/evgeniy/MPI-PI_Monte_Karlo/build/gsl_build/src/gsl_external/gsl-2.8/specfunc/gegenbauer.c -o gegenbauer.o
libtool: compile:  /usr/bin/cc -DHAVE_CONFIG_H -I. -I/home/evgeniy/MPI-PI_Monte_Karlo/build/gsl_build/src/gsl_external/gsl-2.8/specfunc -I.. -I/home/evgeniy/MPI-PI_Monte_Karlo/build/gsl_build/src/gsl_external/gsl-2.8 -g -O2 -MT gamma.lo -MD -MP -MF .deps/gamma.Tpo -c /home/evgeniy/MPI-PI_Monte_Karlo/build/gsl_build/src/gsl_external/gsl-2.8/specfunc/gamma.c -o gamma.o
libtool: compile:  /usr/bin/cc -DHAVE_CONFIG_H -I. -I/home/evgeniy/MPI-PI_Monte_Karlo/build/gsl_build/src/gsl_external/gsl-2.8/specfunc -I.. -I/home/evgeniy/MPI-PI_Monte_Karlo/build/gsl_build/src/gsl_external/gsl-2.8 -g -O2 -MT gamma_inc.lo -MD -MP -MF .deps/gamma_inc.Tpo -c /home/evgeniy/MPI-PI_Monte_Karlo/build/gsl_build/src/gsl_external/gsl-2.8/specfunc/gamma_inc.c -o gamma_inc.o
libtool: compile:  /usr/bin/cc -DHAVE_CONFIG_H -I. -I/home/evgeniy/MPI-PI_Monte_Karlo/build/gsl_build/src/gsl_external/gsl-2.8/specfunc -I.. -I/home/evgeniy/MPI-PI_Monte_Karlo/build/gsl_build/src/gsl_external/gsl-2.8 -g -O2 -MT hermite.lo -MD -MP -MF .deps/hermite.Tpo -c /home/evgeniy/MPI-PI_Monte_Karlo/build/gsl_build/src/gsl_external/gsl-2.8/specfunc/hermite.c -o hermite.o
libtool: compile:  /usr/bin/cc -DHAVE_CONFIG_H -I. -I/home/evgeniy/MPI-PI_Monte_Karlo/build/gsl_build/src/gsl_external/gsl-2.8/specfunc -I.. -I/home/evgeniy/MPI-PI_Monte_Karlo/build/gsl_build/src/gsl_external/gsl-2.8 -g -O2 -MT hyperg_0F1.lo -MD -MP -MF .deps/hyperg_0F1.Tpo -c /home/evgeniy/MPI-PI_Monte_Karlo/build/gsl_build/src/gsl_external/gsl-2.8/specfunc/hyperg_0F1.c -o hyperg_0F1.o
libtool: compile:  /usr/bin/cc -DHAVE_CONFIG_H -I. -I/home/evgeniy/MPI-PI_Monte_Karlo/build/gsl_build/src/gsl_external/gsl-2.8/specfunc -I.. -I/home/evgeniy/MPI-PI_Monte_Karlo/build/gsl_build/src/gsl_external/gsl-2.8 -g -O2 -MT hyperg_2F0.lo -MD -MP -MF .deps/hyperg_2F0.Tpo -c /home/evgeniy/MPI-PI_Monte_Karlo/build/gsl_build/src/gsl_external/gsl-2.8/specfunc/hyperg_2F0.c -o hyperg_2F0.o
libtool: compile:  /usr/bin/cc -DHAVE_CONFIG_H -I. -I/home/evgeniy/MPI-PI_Monte_Karlo/build/gsl_build/src/gsl_external/gsl-2.8/specfunc -I.. -I/home/evgeniy/MPI-PI_Monte_Karlo/build/gsl_build/src/gsl_external/gsl-2.8 -g -O2 -MT hyperg_1F1.lo -MD -MP -MF .deps/hyperg_1F1.Tpo -c /home/evgeniy/MPI-PI_Monte_Karlo/build/gsl_build/src/gsl_external/gsl-2.8/specfunc/hyperg_1F1.c -o hyperg_1F1.o
libtool: compile:  /usr/bin/cc -DHAVE_CONFIG_H -I. -I/home/evgeniy/MPI-PI_Monte_Karlo/build/gsl_build/src/gsl_external/gsl-2.8/specfunc -I.. -I/home/evgeniy/MPI-PI_Monte_Karlo/build/gsl_build/src/gsl_external/gsl-2.8 -g -O2 -MT hyperg_2F1.lo -MD -MP -MF .deps/hyperg_2F1.Tpo -c /home/evgeniy/MPI-PI_Monte_Karlo/build/gsl_build/src/gsl_external/gsl-2.8/specfunc/hyperg_2F1.c -o hyperg_2F1.o
libtool: compile:  /usr/bin/cc -DHAVE_CONFIG_H -I. -I/home/evgeniy/MPI-PI_Monte_Karlo/build/gsl_build/src/gsl_external/gsl-2.8/specfunc -I.. -I/home/evgeniy/MPI-PI_Monte_Karlo/build/gsl_build/src/gsl_external/gsl-2.8 -g -O2 -MT hyperg_U.lo -MD -MP -MF .deps/hyperg_U.Tpo -c /home/evgeniy/MPI-PI_Monte_Karlo/build/gsl_build/src/gsl_external/gsl-2.8/specfunc/hyperg_U.c -o hyperg_U.o
libtool: compile:  /usr/bin/cc -DHAVE_CONFIG_H -I. -I/home/evgeniy/MPI-PI_Monte_Karlo/build/gsl_build/src/gsl_external/gsl-2.8/specfunc -I.. -I/home/evgeniy/MPI-PI_Monte_Karlo/build/gsl_build/src/gsl_external/gsl-2.8 -g -O2 -MT hyperg.lo -MD -MP -MF .deps/hyperg.Tpo -c /home/evgeniy/MPI-PI_Monte_Karlo/build/gsl_build/src/gsl_external/gsl-2.8/specfunc/hyperg.c -o hyperg.o
libtool: compile:  /usr/bin/cc -DHAVE_CONFIG_H -I. -I/home/evgeniy/MPI-PI_Monte_Karlo/build/gsl_build/src/gsl_external/gsl-2.8/specfunc -I.. -I/home/evgeniy/MPI-PI_Monte_Karlo/build/gsl_build/src/gsl_external/gsl-2.8 -g -O2 -MT inline.lo -MD -MP -MF .deps/inline.Tpo -c /home/evgeniy/MPI-PI_Monte_Karlo/build/gsl_build/src/gsl_external/gsl-2.8/specfunc/inline.c -o inline.o
libtool: compile:  /usr/bin/cc -DHAVE_CONFIG_H -I. -I/home/evgeniy/MPI-PI_Monte_Karlo/build/gsl_build/src/gsl_external/gsl-2.8/specfunc -I.. -I/home/evgeniy/MPI-PI_Monte_Karlo/build/gsl_build/src/gsl_external/gsl-2.8 -g -O2 -MT laguerre.lo -MD -MP -MF .deps/laguerre.Tpo -c /home/evgeniy/MPI-PI_Monte_Karlo/build/gsl_build/src/gsl_external/gsl-2.8/specfunc/laguerre.c -o laguerre.o
libtool: compile:  /usr/bin/cc -DHAVE_CONFIG_H -I. -I/home/evgeniy/MPI-PI_Monte_Karlo/build/gsl_build/src/gsl_external/gsl-2.8/specfunc -I.. -I/home/evgeniy/MPI-PI_Monte_Karlo/build/gsl_build/src/gsl_external/gsl-2.8 -g -O2 -MT lambert.lo -MD -MP -MF .deps/lambert.Tpo -c /home/evgeniy/MPI-PI_Monte_Karlo/build/gsl_build/src/gsl_external/gsl-2.8/specfunc/lambert.c -o lambert.o
libtool: compile:  /usr/bin/cc -DHAVE_CONFIG_H -I. -I/home/evgeniy/MPI-PI_Monte_Karlo/build/gsl_build/src/gsl_external/gsl-2.8/specfunc -I.. -I/home/evgeniy/MPI-PI_Monte_Karlo/build/gsl_build/src/gsl_external/gsl-2.8 -g -O2 -MT legendre_H3d.lo -MD -MP -MF .deps/legendre_H3d.Tpo -c /home/evgeniy/MPI-PI_Monte_Karlo/build/gsl_build/src/gsl_external/gsl-2.8/specfunc/legendre_H3d.c -o legendre_H3d.o
libtool: compile:  /usr/bin/cc -DHAVE_CONFIG_H -I. -I/home/evgeniy/MPI-PI_Monte_Karlo/build/gsl_build/src/gsl_external/gsl-2.8/specfunc -I.. -I/home/evgeniy/MPI-PI_Monte_Karlo/build/gsl_build/src/gsl_external/gsl-2.8 -g -O2 -MT legendre_P.lo -MD -MP -MF .deps/legendre_P.Tpo -c /home/evgeniy/MPI-PI_Monte_Karlo/build/gsl_build/src/gsl_external/gsl-2.8/specfunc/legendre_P.c -o legendre_P.o
libtool: compile:  /usr/bin/cc -DHAVE_CONFIG_H -I. -I/home/evgeniy/MPI-PI_Monte_Karlo/build/gsl_build/src/gsl_external/gsl-2.8/specfunc -I.. -I/home/evgeniy/MPI-PI_Monte_Karlo/build/gsl_build/src/gsl_external/gsl-2.8 -g -O2 -MT legendre_Qn.lo -MD -MP -MF .deps/legendre_Qn.Tpo -c /home/evgeniy/MPI-PI_Monte_Karlo/build/gsl_build/src/gsl_external/gsl-2.8/specfunc/legendre_Qn.c -o legendre_Qn.o
libtool: compile:  /usr/bin/cc -DHAVE_CONFIG_H -I. -I/home/evgeniy/MPI-PI_Monte_Karlo/build/gsl_build/src/gsl_external/gsl-2.8/specfunc -I.. -I/home/evgeniy/MPI-PI_Monte_Karlo/build/gsl_build/src/gsl_external/gsl-2.8 -g -O2 -MT legendre_con.lo -MD -MP -MF .deps/legendre_con.Tpo -c /home/evgeniy/MPI-PI_Monte_Karlo/build/gsl_build/src/gsl_external/gsl-2.8/specfunc/legendre_con.c -o legendre_con.o
libtool: compile:  /usr/bin/cc -DHAVE_CONFIG_H -I. -I/home/evgeniy/MPI-PI_Monte_Karlo/build/gsl_build/src/gsl_external/gsl-2.8/specfunc -I.. -I/home/evgeniy/MPI-PI_Monte_Karlo/build/gsl_build/src/gsl_external/gsl-2.8 -g -O2 -MT legendre_poly.lo -MD -MP -MF .deps/legendre_poly.Tpo -c /home/evgeniy/MPI-PI_Monte_Karlo/build/gsl_build/src/gsl_external/gsl-2.8/specfunc/legendre_poly.c -o legendre_poly.o
libtool: compile:  /usr/bin/cc -DHAVE_CONFIG_H -I. -I/home/evgeniy/MPI-PI_Monte_Karlo/build/gsl_build/src/gsl_external/gsl-2.8/specfunc -I.. -I/home/evgeniy/MPI-PI_Monte_Karlo/build/gsl_build/src/gsl_external/gsl-2.8 -g -O2 -MT log.lo -MD -MP -MF .deps/log.Tpo -c /home/evgeniy/MPI-PI_Monte_Karlo/build/gsl_build/src/gsl_external/gsl-2.8/specfunc/log.c -o log.o
libtool: compile:  /usr/bin/cc -DHAVE_CONFIG_H -I. -I/home/evgeniy/MPI-PI_Monte_Karlo/build/gsl_build/src/gsl_external/gsl-2.8/specfunc -I.. -I/home/evgeniy/MPI-PI_Monte_Karlo/build/gsl_build/src/gsl_external/gsl-2.8 -g -O2 -MT mathieu_angfunc.lo -MD -MP -MF .deps/mathieu_angfunc.Tpo -c /home/evgeniy/MPI-PI_Monte_Karlo/build/gsl_build/src/gsl_external/gsl-2.8/specfunc/mathieu_angfunc.c -o mathieu_angfunc.o
libtool: compile:  /usr/bin/cc -DHAVE_CONFIG_H -I. -I/home/evgeniy/MPI-PI_Monte_Karlo/build/gsl_build/src/gsl_external/gsl-2.8/specfunc -I.. -I/home/evgeniy/MPI-PI_Monte_Karlo/build/gsl_build/src/gsl_external/gsl-2.8 -g -O2 -MT mathieu_charv.lo -MD -MP -MF .deps/mathieu_charv.Tpo -c /home/evgeniy/MPI-PI_Monte_Karlo/build/gsl_build/src/gsl_external/gsl-2.8/specfunc/mathieu_charv.c -o mathieu_charv.o
libtool: compile:  /usr/bin/cc -DHAVE_CONFIG_H -I. -I/home/evgeniy/MPI-PI_Monte_Karlo/build/gsl_build/src/gsl_external/gsl-2.8/specfunc -I.. -I/home/evgeniy/MPI-PI_Monte_Karlo/build/gsl_build/src/gsl_external/gsl-2.8 -g -O2 -MT mathieu_coeff.lo -MD -MP -MF .deps/mathieu_coeff.Tpo -c /home/evgeniy/MPI-PI_Monte_Karlo/build/gsl_build/src/gsl_external/gsl-2.8/specfunc/mathieu_coeff.c -o mathieu_coeff.o
libtool: compile:  /usr/bin/cc -DHAVE_CONFIG_H -I. -I/home/evgeniy/MPI-PI_Monte_Karlo/build/gsl_build/src/gsl_external/gsl-2.8/specfunc -I.. -I/home/evgeniy/MPI-PI_Monte_Karlo/build/gsl_build/src/gsl_external/gsl-2.8 -g -O2 -MT mathieu_radfunc.lo -MD -MP -MF .deps/mathieu_radfunc.Tpo -c /home/evgeniy/MPI-PI_Monte_Karlo/build/gsl_build/src/gsl_external/gsl-2.8/specfunc/mathieu_radfunc.c -o mathieu_radfunc.o
libtool: compile:  /usr/bin/cc -DHAVE_CONFIG_H -I. -I/home/evgeniy/MPI-PI_Monte_Karlo/build/gsl_build/src/gsl_external/gsl-2.8/specfunc -I.. -I/home/evgeniy/MPI-PI_Monte_Karlo/build/gsl_build/src/gsl_external/gsl-2.8 -g -O2 -MT mathieu_workspace.lo -MD -MP -MF .deps/mathieu_workspace.Tpo -c /home/evgeniy/MPI-PI_Monte_Karlo/build/gsl_build/src/gsl_external/gsl-2.8/specfunc/mathieu_workspace.c -o mathieu_workspace.o
libtool: compile:  /usr/bin/cc -DHAVE_CONFIG_H -I. -I/home/evgeniy/MPI-PI_Monte_Karlo/build/gsl_build/src/gsl_external/gsl-2.8/specfunc -I.. -I/home/evgeniy/MPI-PI_Monte_Karlo/build/gsl_build/src/gsl_external/gsl-2.8 -g -O2 -MT poch.lo -MD -MP -MF .deps/poch.Tpo -c /home/evgeniy/MPI-PI_Monte_Karlo/build/gsl_build/src/gsl_external/gsl-2.8/specfunc/poch.c -o poch.o
libtool: compile:  /usr/bin/cc -DHAVE_CONFIG_H -I. -I/home/evgeniy/MPI-PI_Monte_Karlo/build/gsl_build/src/gsl_external/gsl-2.8/specfunc -I.. -I/home/evgeniy/MPI-PI_Monte_Karlo/build/gsl_build/src/gsl_external/gsl-2.8 -g -O2 -MT pow_int.lo -MD -MP -MF .deps/pow_int.Tpo -c /home/evgeniy/MPI-PI_Monte_Karlo/build/gsl_build/src/gsl_external/gsl-2.8/specfunc/pow_int.c -o pow_int.o
libtool: compile:  /usr/bin/cc -DHAVE_CONFIG_H -I. -I/home/evgeniy/MPI-PI_Monte_Karlo/build/gsl_build/src/gsl_external/gsl-2.8/specfunc -I.. -I/home/evgeniy/MPI-PI_Monte_Karlo/build/gsl_build/src/gsl_external/gsl-2.8 -g -O2 -MT psi.lo -MD -MP -MF .deps/psi.Tpo -c /home/evgeniy/MPI-PI_Monte_Karlo/build/gsl_build/src/gsl_external/gsl-2.8/specfunc/psi.c -o psi.o
libtool: compile:  /usr/bin/cc -DHAVE_CONFIG_H -I. -I/home/evgeniy/MPI-PI_Monte_Karlo/build/gsl_build/src/gsl_external/gsl-2.8/specfunc -I.. -I/home/evgeniy/MPI-PI_Monte_Karlo/build/gsl_build/src/gsl_external/gsl-2.8 -g -O2 -MT result.lo -MD -MP -MF .deps/result.Tpo -c /home/evgeniy/MPI-PI_Monte_Karlo/build/gsl_build/src/gsl_external/gsl-2.8/specfunc/result.c -o result.o
libtool: compile:  /usr/bin/cc -DHAVE_CONFIG_H -I. -I/home/evgeniy/MPI-PI_Monte_Karlo/build/gsl_build/src/gsl_external/gsl-2.8/specfunc -I.. -I/home/evgeniy/MPI-PI_Monte_Karlo/build/gsl_build/src/gsl_external/gsl-2.8 -g -O2 -MT shint.lo -MD -MP -MF .deps/shint.Tpo -c /home/evgeniy/MPI-PI_Monte_Karlo/build/gsl_build/src/gsl_external/gsl-2.8/specfunc/shint.c -o shint.o
libtool: compile:  /usr/bin/cc -DHAVE_CONFIG_H -I. -I/home/evgeniy/MPI-PI_Monte_Karlo/build/gsl_build/src/gsl_external/gsl-2.8/specfunc -I.. -I/home/evgeniy/MPI-PI_Monte_Karlo/build/gsl_build/src/gsl_external/gsl-2.8 -g -O2 -MT sincos_pi.lo -MD -MP -MF .deps/sincos_pi.Tpo -c /home/evgeniy/MPI-PI_Monte_Karlo/build/gsl_build/src/gsl_external/gsl-2.8/specfunc/sincos_pi.c -o sincos_pi.o
libtool: compile:  /usr/bin/cc -DHAVE_CONFIG_H -I. -I/home/evgeniy/MPI-PI_Monte_Karlo/build/gsl_build/src/gsl_external/gsl-2.8/specfunc -I.. -I/home/evgeniy/MPI-PI_Monte_Karlo/build/gsl_build/src/gsl_external/gsl-2.8 -g -O2 -MT sinint.lo -MD -MP -MF .deps/sinint.Tpo -c /home/evgeniy/MPI-PI_Monte_Karlo/build/gsl_build/src/gsl_external/gsl-2.8/specfunc/sinint.c -o sinint.o
libtool: compile:  /usr/bin/cc -DHAVE_CONFIG_H -I. -I/home/evgeniy/MPI-PI_Monte_Karlo/build/gsl_build/src/gsl_external/gsl-2.8/specfunc -I.. -I/home/evgeniy/MPI-PI_Monte_Karlo/build/gsl_build/src/gsl_external/gsl-2.8 -g -O2 -MT synchrotron.lo -MD -MP -MF .deps/synchrotron.Tpo -c /home/evgeniy/MPI-PI_Monte_Karlo/build/gsl_build/src/gsl_external/gsl-2.8/specfunc/synchrotron.c -o synchrotron.o
libtool: compile:  /usr/bin/cc -DHAVE_CONFIG_H -I. -I/home/evgeniy/MPI-PI_Monte_Karlo/build/gsl_build/src/gsl_external/gsl-2.8/specfunc -I.. -I/home/evgeniy/MPI-PI_Monte_Karlo/build/gsl_build/src/gsl_external/gsl-2.8 -g -O2 -MT transport.lo -MD -MP -MF .deps/transport.Tpo -c /home/evgeniy/MPI-PI_Monte_Karlo/build/gsl_build/src/gsl_external/gsl-2.8/specfunc/transport.c -o transport.o
libtool: compile:  /usr/bin/cc -DHAVE_CONFIG_H -I. -I/home/evgeniy/MPI-PI_Monte_Karlo/build/gsl_build/src/gsl_external/gsl-2.8/specfunc -I.. -I/home/evgeniy/MPI-PI_Monte_Karlo/build/gsl_build/src/gsl_external/gsl-2.8 -g -O2 -MT trig.lo -MD -MP -MF .deps/trig.Tpo -c /home/evgeniy/MPI-PI_Monte_Karlo/build/gsl_build/src/gsl_external/gsl-2.8/specfunc/trig.c -o trig.o
libtool: compile:  /usr/bin/cc -DHAVE_CONFIG_H -I. -I/home/evgeniy/MPI-PI_Monte_Karlo/build/gsl_build/src/gsl_external/gsl-2.8/specfunc -I.. -I/home/evgeniy/MPI-PI_Monte_Karlo/build/gsl_build/src/gsl_external/gsl-2.8 -g -O2 -MT zeta.lo -MD -MP -MF .deps/zeta.Tpo -c /home/evgeniy/MPI-PI_Monte_Karlo/build/gsl_build/src/gsl_external/gsl-2.8/specfunc/zeta.c -o zeta.o
libtool: link: ar cr .libs/libgslspecfunc.a  airy.o airy_der.o airy_zero.o alf_P.o atanint.o bessel.o bessel_I0.o bessel_I1.o bessel_In.o bessel_Inu.o bessel_J0.o bessel_J1.o bessel_Jn.o bessel_Jnu.o bessel_K0.o bessel_K1.o bessel_Kn.o bessel_Knu.o bessel_Y0.o bessel_Y1.o bessel_Yn.o bessel_Ynu.o bessel_amp_phase.o bessel_i.o bessel_j.o bessel_k.o bessel_olver.o bessel_temme.o bessel_y.o bessel_zero.o bessel_sequence.o beta.o beta_inc.o clausen.o coulomb.o coupling.o coulomb_bound.o dawson.o debye.o dilog.o elementary.o ellint.o elljac.o erfc.o exp.o expint.o expint3.o fermi_dirac.o gegenbauer.o gamma.o gamma_inc.o hermite.o hyperg_0F1.o hyperg_2F0.o hyperg_1F1.o hyperg_2F1.o hyperg_U.o hyperg.o inline.o laguerre.o lambert.o legendre_H3d.o legendre_P.o legendre_Qn.o legendre_con.o legendre_poly.o log.o mathieu_angfunc.o mathieu_charv.o mathieu_coeff.o mathieu_radfunc.o mathieu_workspace.o poch.o pow_int.o psi.o result.o shint.o sincos_pi.o sinint.o synchrotron.o transport.o trig.o zeta.o
libtool: link: ranlib .libs/libgslspecfunc.a
libtool: link: ( cd ".libs" && rm -f "libgslspecfunc.la" && ln -s "../libgslspecfunc.la" "libgslspecfunc.la" )
Making all in dht
libtool: compile:  /usr/bin/cc -DHAVE_CONFIG_H -I. -I/home/evgeniy/MPI-PI_Monte_Karlo/build/gsl_build/src/gsl_external/gsl-2.8/dht -I.. -I/home/evgeniy/MPI-PI_Monte_Karlo/build/gsl_build/src/gsl_external/gsl-2.8 -g -O2 -MT dht.lo -MD -MP -MF .deps/dht.Tpo -c /home/evgeniy/MPI-PI_Monte_Karlo/build/gsl_build/src/gsl_external/gsl-2.8/dht/dht.c -o dht.o
libtool: link: ar cr .libs/libgsldht.a  dht.o
libtool: link: ranlib .libs/libgsldht.a
libtool: link: ( cd ".libs" && rm -f "libgsldht.la" && ln -s "../libgsldht.la" "libgsldht.la" )
Making all in qrng
libtool: compile:  /usr/bin/cc -DHAVE_CONFIG_H -I. -I/home/evgeniy/MPI-PI_Monte_Karlo/build/gsl_build/src/gsl_external/gsl-2.8/qrng -I.. -I/home/evgeniy/MPI-PI_Monte_Karlo/build/gsl_build/src/gsl_external/gsl-2.8 -g -O2 -MT qrng.lo -MD -MP -MF .deps/qrng.Tpo -c /home/evgeniy/MPI-PI_Monte_Karlo/build/gsl_build/src/gsl_external/gsl-2.8/qrng/qrng.c -o qrng.o
libtool: compile:  /usr/bin/cc -DHAVE_CONFIG_H -I. -I/home/evgeniy/MPI-PI_Monte_Karlo/build/gsl_build/src/gsl_external/gsl-2.8/qrng -I.. -I/home/evgeniy/MPI-PI_Monte_Karlo/build/gsl_build/src/gsl_external/gsl-2.8 -g -O2 -MT niederreiter-2.lo -MD -MP -MF .deps/niederreiter-2.Tpo -c /home/evgeniy/MPI-PI_Monte_Karlo/build/gsl_build/src/gsl_external/gsl-2.8/qrng/niederreiter-2.c -o niederreiter-2.o
libtool: compile:  /usr/bin/cc -DHAVE_CONFIG_H -I. -I/home/evgeniy/MPI-PI_Monte_Karlo/build/gsl_build/src/gsl_external/gsl-2.8/qrng -I.. -I/home/evgeniy/MPI-PI_Monte_Karlo/build/gsl_build/src/gsl_external/gsl-2.8 -g -O2 -MT sobol.lo -MD -MP -MF .deps/sobol.Tpo -c /home/evgeniy/MPI-PI_Monte_Karlo/build/gsl_build/src/gsl_external/gsl-2.8/qrng/sobol.c -o sobol.o
libtool: compile:  /usr/bin/cc -DHAVE_CONFIG_H -I. -I/home/evgeniy/MPI-PI_Monte_Karlo/build/gsl_build/src/gsl_external/gsl-2.8/qrng -I.. -I/home/evgeniy/MPI-PI_Monte_Karlo/build/gsl_build/src/gsl_external/gsl-2.8 -g -O2 -MT halton.lo -MD -MP -MF .deps/halton.Tpo -c /home/evgeniy/MPI-PI_Monte_Karlo/build/gsl_build/src/gsl_external/gsl-2.8/qrng/halton.c -o halton.o
libtool: compile:  /usr/bin/cc -DHAVE_CONFIG_H -I. -I/home/evgeniy/MPI-PI_Monte_Karlo/build/gsl_build/src/gsl_external/gsl-2.8/qrng -I.. -I/home/evgeniy/MPI-PI_Monte_Karlo/build/gsl_build/src/gsl_external/gsl-2.8 -g -O2 -MT reversehalton.lo -MD -MP -MF .deps/reversehalton.Tpo -c /home/evgeniy/MPI-PI_Monte_Karlo/build/gsl_build/src/gsl_external/gsl-2.8/qrng/reversehalton.c -o reversehalton.o
libtool: compile:  /usr/bin/cc -DHAVE_CONFIG_H -I. -I/home/evgeniy/MPI-PI_Monte_Karlo/build/gsl_build/src/gsl_external/gsl-2.8/qrng -I.. -I/home/evgeniy/MPI-PI_Monte_Karlo/build/gsl_build/src/gsl_external/gsl-2.8 -g -O2 -MT inline.lo -MD -MP -MF .deps/inline.Tpo -c /home/evgeniy/MPI-PI_Monte_Karlo/build/gsl_build/src/gsl_external/gsl-2.8/qrng/inline.c -o inline.o
libtool: link: ar cr .libs/libgslqrng.a  qrng.o niederreiter-2.o sobol.o halton.o reversehalton.o inline.o
libtool: link: ranlib .libs/libgslqrng.a
libtool: link: ( cd ".libs" && rm -f "libgslqrng.la" && ln -s "../libgslqrng.la" "libgslqrng.la" )
Making all in rng
libtool: compile:  /usr/bin/cc -DHAVE_CONFIG_H -I. -I/home/evgeniy/MPI-PI_Monte_Karlo/build/gsl_build/src/gsl_external/gsl-2.8/rng -I.. -I/home/evgeniy/MPI-PI_Monte_Karlo/build/gsl_build/src/gsl_external/gsl-2.8 -g -O2 -MT borosh13.lo -MD -MP -MF .deps/borosh13.Tpo -c /home/evgeniy/MPI-PI_Monte_Karlo/build/gsl_build/src/gsl_external/gsl-2.8/rng/borosh13.c -o borosh13.o
libtool: compile:  /usr/bin/cc -DHAVE_CONFIG_H -I. -I/home/evgeniy/MPI-PI_Monte_Karlo/build/gsl_build/src/gsl_external/gsl-2.8/rng -I.. -I/home/evgeniy/MPI-PI_Monte_Karlo/build/gsl_build/src/gsl_external/gsl-2.8 -g -O2 -MT cmrg.lo -MD -MP -MF .deps/cmrg.Tpo -c /home/evgeniy/MPI-PI_Monte_Karlo/build/gsl_build/src/gsl_external/gsl-2.8/rng/cmrg.c -o cmrg.o
libtool: compile:  /usr/bin/cc -DHAVE_CONFIG_H -I. -I/home/evgeniy/MPI-PI_Monte_Karlo/build/gsl_build/src/gsl_external/gsl-2.8/rng -I.. -I/home/evgeniy/MPI-PI_Monte_Karlo/build/gsl_build/src/gsl_external/gsl-2.8 -g -O2 -MT coveyou.lo -MD -MP -MF .deps/coveyou.Tpo -c /home/evgeniy/MPI-PI_Monte_Karlo/build/gsl_build/src/gsl_external/gsl-2.8/rng/coveyou.c -o coveyou.o
libtool: compile:  /usr/bin/cc -DHAVE_CONFIG_H -I. -I/home/evgeniy/MPI-PI_Monte_Karlo/build/gsl_build/src/gsl_external/gsl-2.8/rng -I.. -I/home/evgeniy/MPI-PI_Monte_Karlo/build/gsl_build/src/gsl_external/gsl-2.8 -g -O2 -MT default.lo -MD -MP -MF .deps/default.Tpo -c /home/evgeniy/MPI-PI_Monte_Karlo/build/gsl_build/src/gsl_external/gsl-2.8/rng/default.c -o default.o
libtool: compile:  /usr/bin/cc -DHAVE_CONFIG_H -I. -I/home/evgeniy/MPI-PI_Monte_Karlo/build/gsl_build/src/gsl_external/gsl-2.8/rng -I.. -I/home/evgeniy/MPI-PI_Monte_Karlo/build/gsl_build/src/gsl_external/gsl-2.8 -g -O2 -MT file.lo -MD -MP -MF .deps/file.Tpo -c /home/evgeniy/MPI-PI_Monte_Karlo/build/gsl_build/src/gsl_external/gsl-2.8/rng/file.c -o file.o
libtool: compile:  /usr/bin/cc -DHAVE_CONFIG_H -I. -I/home/evgeniy/MPI-PI_Monte_Karlo/build/gsl_build/src/gsl_external/gsl-2.8/rng -I.. -I/home/evgeniy/MPI-PI_Monte_Karlo/build/gsl_build/src/gsl_external/gsl-2.8 -g -O2 -MT fishman18.lo -MD -MP -MF .deps/fishman18.Tpo -c /home/evgeniy/MPI-PI_Monte_Karlo/build/gsl_build/src/gsl_external/gsl-2.8/rng/fishman18.c -o fishman18.o
libtool: compile:  /usr/bin/cc -DHAVE_CONFIG_H -I. -I/home/evgeniy/MPI-PI_Monte_Karlo/build/gsl_build/src/gsl_external/gsl-2.8/rng -I.. -I/home/evgeniy/MPI-PI_Monte_Karlo/build/gsl_build/src/gsl_external/gsl-2.8 -g -O2 -MT fishman20.lo -MD -MP -MF .deps/fishman20.Tpo -c /home/evgeniy/MPI-PI_Monte_Karlo/build/gsl_build/src/gsl_external/gsl-2.8/rng/fishman20.c -o fishman20.o
libtool: compile:  /usr/bin/cc -DHAVE_CONFIG_H -I. -I/home/evgeniy/MPI-PI_Monte_Karlo/build/gsl_build/src/gsl_external/gsl-2.8/rng -I.. -I/home/evgeniy/MPI-PI_Monte_Karlo/build/gsl_build/src/gsl_external/gsl-2.8 -g -O2 -MT fishman2x.lo -MD -MP -MF .deps/fishman2x.Tpo -c /home/evgeniy/MPI-PI_Monte_Karlo/build/gsl_build/src/gsl_external/gsl-2.8/rng/fishman2x.c -o fishman2x.o
libtool: compile:  /usr/bin/cc -DHAVE_CONFIG_H -I. -I/home/evgeniy/MPI-PI_Monte_Karlo/build/gsl_build/src/gsl_external/gsl-2.8/rng -I.. -I/home/evgeniy/MPI-PI_Monte_Karlo/build/gsl_build/src/gsl_external/gsl-2.8 -g -O2 -MT gfsr4.lo -MD -MP -MF .deps/gfsr4.Tpo -c /home/evgeniy/MPI-PI_Monte_Karlo/build/gsl_build/src/gsl_external/gsl-2.8/rng/gfsr4.c -o gfsr4.o
libtool: compile:  /usr/bin/cc -DHAVE_CONFIG_H -I. -I/home/evgeniy/MPI-PI_Monte_Karlo/build/gsl_build/src/gsl_external/gsl-2.8/rng -I.. -I/home/evgeniy/MPI-PI_Monte_Karlo/build/gsl_build/src/gsl_external/gsl-2.8 -g -O2 -MT knuthran2.lo -MD -MP -MF .deps/knuthran2.Tpo -c /home/evgeniy/MPI-PI_Monte_Karlo/build/gsl_build/src/gsl_external/gsl-2.8/rng/knuthran2.c -o knuthran2.o
libtool: compile:  /usr/bin/cc -DHAVE_CONFIG_H -I. -I/home/evgeniy/MPI-PI_Monte_Karlo/build/gsl_build/src/gsl_external/gsl-2.8/rng -I.. -I/home/evgeniy/MPI-PI_Monte_Karlo/build/gsl_build/src/gsl_external/gsl-2.8 -g -O2 -MT knuthran.lo -MD -MP -MF .deps/knuthran.Tpo -c /home/evgeniy/MPI-PI_Monte_Karlo/build/gsl_build/src/gsl_external/gsl-2.8/rng/knuthran.c -o knuthran.o
libtool: compile:  /usr/bin/cc -DHAVE_CONFIG_H -I. -I/home/evgeniy/MPI-PI_Monte_Karlo/build/gsl_build/src/gsl_external/gsl-2.8/rng -I.. -I/home/evgeniy/MPI-PI_Monte_Karlo/build/gsl_build/src/gsl_external/gsl-2.8 -g -O2 -MT knuthran2002.lo -MD -MP -MF .deps/knuthran2002.Tpo -c /home/evgeniy/MPI-PI_Monte_Karlo/build/gsl_build/src/gsl_external/gsl-2.8/rng/knuthran2002.c -o knuthran2002.o
libtool: compile:  /usr/bin/cc -DHAVE_CONFIG_H -I. -I/home/evgeniy/MPI-PI_Monte_Karlo/build/gsl_build/src/gsl_external/gsl-2.8/rng -I.. -I/home/evgeniy/MPI-PI_Monte_Karlo/build/gsl_build/src/gsl_external/gsl-2.8 -g -O2 -MT lecuyer21.lo -MD -MP -MF .deps/lecuyer21.Tpo -c /home/evgeniy/MPI-PI_Monte_Karlo/build/gsl_build/src/gsl_external/gsl-2.8/rng/lecuyer21.c -o lecuyer21.o
libtool: compile:  /usr/bin/cc -DHAVE_CONFIG_H -I. -I/home/evgeniy/MPI-PI_Monte_Karlo/build/gsl_build/src/gsl_external/gsl-2.8/rng -I.. -I/home/evgeniy/MPI-PI_Monte_Karlo/build/gsl_build/src/gsl_external/gsl-2.8 -g -O2 -MT minstd.lo -MD -MP -MF .deps/minstd.Tpo -c /home/evgeniy/MPI-PI_Monte_Karlo/build/gsl_build/src/gsl_external/gsl-2.8/rng/minstd.c -o minstd.o
libtool: compile:  /usr/bin/cc -DHAVE_CONFIG_H -I. -I/home/evgeniy/MPI-PI_Monte_Karlo/build/gsl_build/src/gsl_external/gsl-2.8/rng -I.. -I/home/evgeniy/MPI-PI_Monte_Karlo/build/gsl_build/src/gsl_external/gsl-2.8 -g -O2 -MT mrg.lo -MD -MP -MF .deps/mrg.Tpo -c /home/evgeniy/MPI-PI_Monte_Karlo/build/gsl_build/src/gsl_external/gsl-2.8/rng/mrg.c -o mrg.o
libtool: compile:  /usr/bin/cc -DHAVE_CONFIG_H -I. -I/home/evgeniy/MPI-PI_Monte_Karlo/build/gsl_build/src/gsl_external/gsl-2.8/rng -I.. -I/home/evgeniy/MPI-PI_Monte_Karlo/build/gsl_build/src/gsl_external/gsl-2.8 -g -O2 -MT mt.lo -MD -MP -MF .deps/mt.Tpo -c /home/evgeniy/MPI-PI_Monte_Karlo/build/gsl_build/src/gsl_external/gsl-2.8/rng/mt.c -o mt.o
libtool: compile:  /usr/bin/cc -DHAVE_CONFIG_H -I. -I/home/evgeniy/MPI-PI_Monte_Karlo/build/gsl_build/src/gsl_external/gsl-2.8/rng -I.. -I/home/evgeniy/MPI-PI_Monte_Karlo/build/gsl_build/src/gsl_external/gsl-2.8 -g -O2 -MT r250.lo -MD -MP -MF .deps/r250.Tpo -c /home/evgeniy/MPI-PI_Monte_Karlo/build/gsl_build/src/gsl_external/gsl-2.8/rng/r250.c -o r250.o
libtool: compile:  /usr/bin/cc -DHAVE_CONFIG_H -I. -I/home/evgeniy/MPI-PI_Monte_Karlo/build/gsl_build/src/gsl_external/gsl-2.8/rng -I.. -I/home/evgeniy/MPI-PI_Monte_Karlo/build/gsl_build/src/gsl_external/gsl-2.8 -g -O2 -MT ran0.lo -MD -MP -MF .deps/ran0.Tpo -c /home/evgeniy/MPI-PI_Monte_Karlo/build/gsl_build/src/gsl_external/gsl-2.8/rng/ran0.c -o ran0.o
libtool: compile:  /usr/bin/cc -DHAVE_CONFIG_H -I. -I/home/evgeniy/MPI-PI_Monte_Karlo/build/gsl_build/src/gsl_external/gsl-2.8/rng -I.. -I/home/evgeniy/MPI-PI_Monte_Karlo/build/gsl_build/src/gsl_external/gsl-2.8 -g -O2 -MT ran1.lo -MD -MP -MF .deps/ran1.Tpo -c /home/evgeniy/MPI-PI_Monte_Karlo/build/gsl_build/src/gsl_external/gsl-2.8/rng/ran1.c -o ran1.o
libtool: compile:  /usr/bin/cc -DHAVE_CONFIG_H -I. -I/home/evgeniy/MPI-PI_Monte_Karlo/build/gsl_build/src/gsl_external/gsl-2.8/rng -I.. -I/home/evgeniy/MPI-PI_Monte_Karlo/build/gsl_build/src/gsl_external/gsl-2.8 -g -O2 -MT ran2.lo -MD -MP -MF .deps/ran2.Tpo -c /home/evgeniy/MPI-PI_Monte_Karlo/build/gsl_build/src/gsl_external/gsl-2.8/rng/ran2.c -o ran2.o
libtool: compile:  /usr/bin/cc -DHAVE_CONFIG_H -I. -I/home/evgeniy/MPI-PI_Monte_Karlo/build/gsl_build/src/gsl_external/gsl-2.8/rng -I.. -I/home/evgeniy/MPI-PI_Monte_Karlo/build/gsl_build/src/gsl_external/gsl-2.8 -g -O2 -MT ran3.lo -MD -MP -MF .deps/ran3.Tpo -c /home/evgeniy/MPI-PI_Monte_Karlo/build/gsl_build/src/gsl_external/gsl-2.8/rng/ran3.c -o ran3.o
libtool: compile:  /usr/bin/cc -DHAVE_CONFIG_H -I. -I/home/evgeniy/MPI-PI_Monte_Karlo/build/gsl_build/src/gsl_external/gsl-2.8/rng -I.. -I/home/evgeniy/MPI-PI_Monte_Karlo/build/gsl_build/src/gsl_external/gsl-2.8 -g -O2 -MT rand48.lo -MD -MP -MF .deps/rand48.Tpo -c /home/evgeniy/MPI-PI_Monte_Karlo/build/gsl_build/src/gsl_external/gsl-2.8/rng/rand48.c -o rand48.o
libtool: compile:  /usr/bin/cc -DHAVE_CONFIG_H -I. -I/home/evgeniy/MPI-PI_Monte_Karlo/build/gsl_build/src/gsl_external/gsl-2.8/rng -I.. -I/home/evgeniy/MPI-PI_Monte_Karlo/build/gsl_build/src/gsl_external/gsl-2.8 -g -O2 -MT rand.lo -MD -MP -MF .deps/rand.Tpo -c /home/evgeniy/MPI-PI_Monte_Karlo/build/gsl_build/src/gsl_external/gsl-2.8/rng/rand.c -o rand.o
libtool: compile:  /usr/bin/cc -DHAVE_CONFIG_H -I. -I/home/evgeniy/MPI-PI_Monte_Karlo/build/gsl_build/src/gsl_external/gsl-2.8/rng -I.. -I/home/evgeniy/MPI-PI_Monte_Karlo/build/gsl_build/src/gsl_external/gsl-2.8 -g -O2 -MT random.lo -MD -MP -MF .deps/random.Tpo -c /home/evgeniy/MPI-PI_Monte_Karlo/build/gsl_build/src/gsl_external/gsl-2.8/rng/random.c -o random.o
libtool: compile:  /usr/bin/cc -DHAVE_CONFIG_H -I. -I/home/evgeniy/MPI-PI_Monte_Karlo/build/gsl_build/src/gsl_external/gsl-2.8/rng -I.. -I/home/evgeniy/MPI-PI_Monte_Karlo/build/gsl_build/src/gsl_external/gsl-2.8 -g -O2 -MT randu.lo -MD -MP -MF .deps/randu.Tpo -c /home/evgeniy/MPI-PI_Monte_Karlo/build/gsl_build/src/gsl_external/gsl-2.8/rng/randu.c -o randu.o
libtool: compile:  /usr/bin/cc -DHAVE_CONFIG_H -I. -I/home/evgeniy/MPI-PI_Monte_Karlo/build/gsl_build/src/gsl_external/gsl-2.8/rng -I.. -I/home/evgeniy/MPI-PI_Monte_Karlo/build/gsl_build/src/gsl_external/gsl-2.8 -g -O2 -MT ranf.lo -MD -MP -MF .deps/ranf.Tpo -c /home/evgeniy/MPI-PI_Monte_Karlo/build/gsl_build/src/gsl_external/gsl-2.8/rng/ranf.c -o ranf.o
libtool: compile:  /usr/bin/cc -DHAVE_CONFIG_H -I. -I/home/evgeniy/MPI-PI_Monte_Karlo/build/gsl_build/src/gsl_external/gsl-2.8/rng -I.. -I/home/evgeniy/MPI-PI_Monte_Karlo/build/gsl_build/src/gsl_external/gsl-2.8 -g -O2 -MT ranlux.lo -MD -MP -MF .deps/ranlux.Tpo -c /home/evgeniy/MPI-PI_Monte_Karlo/build/gsl_build/src/gsl_external/gsl-2.8/rng/ranlux.c -o ranlux.o
libtool: compile:  /usr/bin/cc -DHAVE_CONFIG_H -I. -I/home/evgeniy/MPI-PI_Monte_Karlo/build/gsl_build/src/gsl_external/gsl-2.8/rng -I.. -I/home/evgeniy/MPI-PI_Monte_Karlo/build/gsl_build/src/gsl_external/gsl-2.8 -g -O2 -MT ranlxd.lo -MD -MP -MF .deps/ranlxd.Tpo -c /home/evgeniy/MPI-PI_Monte_Karlo/build/gsl_build/src/gsl_external/gsl-2.8/rng/ranlxd.c -o ranlxd.o
libtool: compile:  /usr/bin/cc -DHAVE_CONFIG_H -I. -I/home/evgeniy/MPI-PI_Monte_Karlo/build/gsl_build/src/gsl_external/gsl-2.8/rng -I.. -I/home/evgeniy/MPI-PI_Monte_Karlo/build/gsl_build/src/gsl_external/gsl-2.8 -g -O2 -MT ranlxs.lo -MD -MP -MF .deps/ranlxs.Tpo -c /home/evgeniy/MPI-PI_Monte_Karlo/build/gsl_build/src/gsl_external/gsl-2.8/rng/ranlxs.c -o ranlxs.o
libtool: compile:  /usr/bin/cc -DHAVE_CONFIG_H -I. -I/home/evgeniy/MPI-PI_Monte_Karlo/build/gsl_build/src/gsl_external/gsl-2.8/rng -I.. -I/home/evgeniy/MPI-PI_Monte_Karlo/build/gsl_build/src/gsl_external/gsl-2.8 -g -O2 -MT ranmar.lo -MD -MP -MF .deps/ranmar.Tpo -c /home/evgeniy/MPI-PI_Monte_Karlo/build/gsl_build/src/gsl_external/gsl-2.8/rng/ranmar.c -o ranmar.o
libtool: compile:  /usr/bin/cc -DHAVE_CONFIG_H -I. -I/home/evgeniy/MPI-PI_Monte_Karlo/build/gsl_build/src/gsl_external/gsl-2.8/rng -I.. -I/home/evgeniy/MPI-PI_Monte_Karlo/build/gsl_build/src/gsl_external/gsl-2.8 -g -O2 -MT rng.lo -MD -MP -MF .deps/rng.Tpo -c /home/evgeniy/MPI-PI_Monte_Karlo/build/gsl_build/src/gsl_external/gsl-2.8/rng/rng.c -o rng.o
libtool: compile:  /usr/bin/cc -DHAVE_CONFIG_H -I. -I/home/evgeniy/MPI-PI_Monte_Karlo/build/gsl_build/src/gsl_external/gsl-2.8/rng -I.. -I/home/evgeniy/MPI-PI_Monte_Karlo/build/gsl_build/src/gsl_external/gsl-2.8 -g -O2 -MT slatec.lo -MD -MP -MF .deps/slatec.Tpo -c /home/evgeniy/MPI-PI_Monte_Karlo/build/gsl_build/src/gsl_external/gsl-2.8/rng/slatec.c -o slatec.o
libtool: compile:  /usr/bin/cc -DHAVE_CONFIG_H -I. -I/home/evgeniy/MPI-PI_Monte_Karlo/build/gsl_build/src/gsl_external/gsl-2.8/rng -I.. -I/home/evgeniy/MPI-PI_Monte_Karlo/build/gsl_build/src/gsl_external/gsl-2.8 -g -O2 -MT taus.lo -MD -MP -MF .deps/taus.Tpo -c /home/evgeniy/MPI-PI_Monte_Karlo/build/gsl_build/src/gsl_external/gsl-2.8/rng/taus.c -o taus.o
libtool: compile:  /usr/bin/cc -DHAVE_CONFIG_H -I. -I/home/evgeniy/MPI-PI_Monte_Karlo/build/gsl_build/src/gsl_external/gsl-2.8/rng -I.. -I/home/evgeniy/MPI-PI_Monte_Karlo/build/gsl_build/src/gsl_external/gsl-2.8 -g -O2 -MT taus113.lo -MD -MP -MF .deps/taus113.Tpo -c /home/evgeniy/MPI-PI_Monte_Karlo/build/gsl_build/src/gsl_external/gsl-2.8/rng/taus113.c -o taus113.o
libtool: compile:  /usr/bin/cc -DHAVE_CONFIG_H -I. -I/home/evgeniy/MPI-PI_Monte_Karlo/build/gsl_build/src/gsl_external/gsl-2.8/rng -I.. -I/home/evgeniy/MPI-PI_Monte_Karlo/build/gsl_build/src/gsl_external/gsl-2.8 -g -O2 -MT transputer.lo -MD -MP -MF .deps/transputer.Tpo -c /home/evgeniy/MPI-PI_Monte_Karlo/build/gsl_build/src/gsl_external/gsl-2.8/rng/transputer.c -o transputer.o
libtool: compile:  /usr/bin/cc -DHAVE_CONFIG_H -I. -I/home/evgeniy/MPI-PI_Monte_Karlo/build/gsl_build/src/gsl_external/gsl-2.8/rng -I.. -I/home/evgeniy/MPI-PI_Monte_Karlo/build/gsl_build/src/gsl_external/gsl-2.8 -g -O2 -MT tt.lo -MD -MP -MF .deps/tt.Tpo -c /home/evgeniy/MPI-PI_Monte_Karlo/build/gsl_build/src/gsl_external/gsl-2.8/rng/tt.c -o tt.o
libtool: compile:  /usr/bin/cc -DHAVE_CONFIG_H -I. -I/home/evgeniy/MPI-PI_Monte_Karlo/build/gsl_build/src/gsl_external/gsl-2.8/rng -I.. -I/home/evgeniy/MPI-PI_Monte_Karlo/build/gsl_build/src/gsl_external/gsl-2.8 -g -O2 -MT types.lo -MD -MP -MF .deps/types.Tpo -c /home/evgeniy/MPI-PI_Monte_Karlo/build/gsl_build/src/gsl_external/gsl-2.8/rng/types.c -o types.o
libtool: compile:  /usr/bin/cc -DHAVE_CONFIG_H -I. -I/home/evgeniy/MPI-PI_Monte_Karlo/build/gsl_build/src/gsl_external/gsl-2.8/rng -I.. -I/home/evgeniy/MPI-PI_Monte_Karlo/build/gsl_build/src/gsl_external/gsl-2.8 -g -O2 -MT uni32.lo -MD -MP -MF .deps/uni32.Tpo -c /home/evgeniy/MPI-PI_Monte_Karlo/build/gsl_build/src/gsl_external/gsl-2.8/rng/uni32.c -o uni32.o
libtool: compile:  /usr/bin/cc -DHAVE_CONFIG_H -I. -I/home/evgeniy/MPI-PI_Monte_Karlo/build/gsl_build/src/gsl_external/gsl-2.8/rng -I.. -I/home/evgeniy/MPI-PI_Monte_Karlo/build/gsl_build/src/gsl_external/gsl-2.8 -g -O2 -MT uni.lo -MD -MP -MF .deps/uni.Tpo -c /home/evgeniy/MPI-PI_Monte_Karlo/build/gsl_build/src/gsl_external/gsl-2.8/rng/uni.c -o uni.o
libtool: compile:  /usr/bin/cc -DHAVE_CONFIG_H -I. -I/home/evgeniy/MPI-PI_Monte_Karlo/build/gsl_build/src/gsl_external/gsl-2.8/rng -I.. -I/home/evgeniy/MPI-PI_Monte_Karlo/build/gsl_build/src/gsl_external/gsl-2.8 -g -O2 -MT vax.lo -MD -MP -MF .deps/vax.Tpo -c /home/evgeniy/MPI-PI_Monte_Karlo/build/gsl_build/src/gsl_external/gsl-2.8/rng/vax.c -o vax.o
libtool: compile:  /usr/bin/cc -DHAVE_CONFIG_H -I. -I/home/evgeniy/MPI-PI_Monte_Karlo/build/gsl_build/src/gsl_external/gsl-2.8/rng -I.. -I/home/evgeniy/MPI-PI_Monte_Karlo/build/gsl_build/src/gsl_external/gsl-2.8 -g -O2 -MT waterman14.lo -MD -MP -MF .deps/waterman14.Tpo -c /home/evgeniy/MPI-PI_Monte_Karlo/build/gsl_build/src/gsl_external/gsl-2.8/rng/waterman14.c -o waterman14.o
libtool: compile:  /usr/bin/cc -DHAVE_CONFIG_H -I. -I/home/evgeniy/MPI-PI_Monte_Karlo/build/gsl_build/src/gsl_external/gsl-2.8/rng -I.. -I/home/evgeniy/MPI-PI_Monte_Karlo/build/gsl_build/src/gsl_external/gsl-2.8 -g -O2 -MT zuf.lo -MD -MP -MF .deps/zuf.Tpo -c /home/evgeniy/MPI-PI_Monte_Karlo/build/gsl_build/src/gsl_external/gsl-2.8/rng/zuf.c -o zuf.o
libtool: compile:  /usr/bin/cc -DHAVE_CONFIG_H -I. -I/home/evgeniy/MPI-PI_Monte_Karlo/build/gsl_build/src/gsl_external/gsl-2.8/rng -I.. -I/home/evgeniy/MPI-PI_Monte_Karlo/build/gsl_build/src/gsl_external/gsl-2.8 -g -O2 -MT inline.lo -MD -MP -MF .deps/inline.Tpo -c /home/evgeniy/MPI-PI_Monte_Karlo/build/gsl_build/src/gsl_external/gsl-2.8/rng/inline.c -o inline.o
libtool: link: ar cr .libs/libgslrng.a  borosh13.o cmrg.o coveyou.o default.o file.o fishman18.o fishman20.o fishman2x.o gfsr4.o knuthran2.o knuthran.o knuthran2002.o lecuyer21.o minstd.o mrg.o mt.o r250.o ran0.o ran1.o ran2.o ran3.o rand48.o rand.o random.o randu.o ranf.o ranlux.o ranlxd.o ranlxs.o ranmar.o rng.o slatec.o taus.o taus113.o transputer.o tt.o types.o uni32.o uni.o vax.o waterman14.o zuf.o inline.o
libtool: link: ranlib .libs/libgslrng.a
libtool: link: ( cd ".libs" && rm -f "libgslrng.la" && ln -s "../libgslrng.la" "libgslrng.la" )
Making all in randist
libtool: compile:  /usr/bin/cc -DHAVE_CONFIG_H -I. -I/home/evgeniy/MPI-PI_Monte_Karlo/build/gsl_build/src/gsl_external/gsl-2.8/randist -I.. -I/home/evgeniy/MPI-PI_Monte_Karlo/build/gsl_build/src/gsl_external/gsl-2.8 -g -O2 -MT bernoulli.lo -MD -MP -MF .deps/bernoulli.Tpo -c /home/evgeniy/MPI-PI_Monte_Karlo/build/gsl_build/src/gsl_external/gsl-2.8/randist/bernoulli.c -o bernoulli.o
libtool: compile:  /usr/bin/cc -DHAVE_CONFIG_H -I. -I/home/evgeniy/MPI-PI_Monte_Karlo/build/gsl_build/src/gsl_external/gsl-2.8/randist -I.. -I/home/evgeniy/MPI-PI_Monte_Karlo/build/gsl_build/src/gsl_external/gsl-2.8 -g -O2 -MT beta.lo -MD -MP -MF .deps/beta.Tpo -c /home/evgeniy/MPI-PI_Monte_Karlo/build/gsl_build/src/gsl_external/gsl-2.8/randist/beta.c -o beta.o
libtool: compile:  /usr/bin/cc -DHAVE_CONFIG_H -I. -I/home/evgeniy/MPI-PI_Monte_Karlo/build/gsl_build/src/gsl_external/gsl-2.8/randist -I.. -I/home/evgeniy/MPI-PI_Monte_Karlo/build/gsl_build/src/gsl_external/gsl-2.8 -g -O2 -MT bigauss.lo -MD -MP -MF .deps/bigauss.Tpo -c /home/evgeniy/MPI-PI_Monte_Karlo/build/gsl_build/src/gsl_external/gsl-2.8/randist/bigauss.c -o bigauss.o
libtool: compile:  /usr/bin/cc -DHAVE_CONFIG_H -I. -I/home/evgeniy/MPI-PI_Monte_Karlo/build/gsl_build/src/gsl_external/gsl-2.8/randist -I.. -I/home/evgeniy/MPI-PI_Monte_Karlo/build/gsl_build/src/gsl_external/gsl-2.8 -g -O2 -MT binomial.lo -MD -MP -MF .deps/binomial.Tpo -c /home/evgeniy/MPI-PI_Monte_Karlo/build/gsl_build/src/gsl_external/gsl-2.8/randist/binomial.c -o binomial.o
libtool: compile:  /usr/bin/cc -DHAVE_CONFIG_H -I. -I/home/evgeniy/MPI-PI_Monte_Karlo/build/gsl_build/src/gsl_external/gsl-2.8/randist -I.. -I/home/evgeniy/MPI-PI_Monte_Karlo/build/gsl_build/src/gsl_external/gsl-2.8 -g -O2 -MT cauchy.lo -MD -MP -MF .deps/cauchy.Tpo -c /home/evgeniy/MPI-PI_Monte_Karlo/build/gsl_build/src/gsl_external/gsl-2.8/randist/cauchy.c -o cauchy.o
libtool: compile:  /usr/bin/cc -DHAVE_CONFIG_H -I. -I/home/evgeniy/MPI-PI_Monte_Karlo/build/gsl_build/src/gsl_external/gsl-2.8/randist -I.. -I/home/evgeniy/MPI-PI_Monte_Karlo/build/gsl_build/src/gsl_external/gsl-2.8 -g -O2 -MT chisq.lo -MD -MP -MF .deps/chisq.Tpo -c /home/evgeniy/MPI-PI_Monte_Karlo/build/gsl_build/src/gsl_external/gsl-2.8/randist/chisq.c -o chisq.o
libtool: compile:  /usr/bin/cc -DHAVE_CONFIG_H -I. -I/home/evgeniy/MPI-PI_Monte_Karlo/build/gsl_build/src/gsl_external/gsl-2.8/randist -I.. -I/home/evgeniy/MPI-PI_Monte_Karlo/build/gsl_build/src/gsl_external/gsl-2.8 -g -O2 -MT dirichlet.lo -MD -MP -MF .deps/dirichlet.Tpo -c /home/evgeniy/MPI-PI_Monte_Karlo/build/gsl_build/src/gsl_external/gsl-2.8/randist/dirichlet.c -o dirichlet.o
libtool: compile:  /usr/bin/cc -DHAVE_CONFIG_H -I. -I/home/evgeniy/MPI-PI_Monte_Karlo/build/gsl_build/src/gsl_external/gsl-2.8/randist -I.. -I/home/evgeniy/MPI-PI_Monte_Karlo/build/gsl_build/src/gsl_external/gsl-2.8 -g -O2 -MT discrete.lo -MD -MP -MF .deps/discrete.Tpo -c /home/evgeniy/MPI-PI_Monte_Karlo/build/gsl_build/src/gsl_external/gsl-2.8/randist/discrete.c -o discrete.o
libtool: compile:  /usr/bin/cc -DHAVE_CONFIG_H -I. -I/home/evgeniy/MPI-PI_Monte_Karlo/build/gsl_build/src/gsl_external/gsl-2.8/randist -I.. -I/home/evgeniy/MPI-PI_Monte_Karlo/build/gsl_build/src/gsl_external/gsl-2.8 -g -O2 -MT erlang.lo -MD -MP -MF .deps/erlang.Tpo -c /home/evgeniy/MPI-PI_Monte_Karlo/build/gsl_build/src/gsl_external/gsl-2.8/randist/erlang.c -o erlang.o
libtool: compile:  /usr/bin/cc -DHAVE_CONFIG_H -I. -I/home/evgeniy/MPI-PI_Monte_Karlo/build/gsl_build/src/gsl_external/gsl-2.8/randist -I.. -I/home/evgeniy/MPI-PI_Monte_Karlo/build/gsl_build/src/gsl_external/gsl-2.8 -g -O2 -MT exponential.lo -MD -MP -MF .deps/exponential.Tpo -c /home/evgeniy/MPI-PI_Monte_Karlo/build/gsl_build/src/gsl_external/gsl-2.8/randist/exponential.c -o exponential.o
libtool: compile:  /usr/bin/cc -DHAVE_CONFIG_H -I. -I/home/evgeniy/MPI-PI_Monte_Karlo/build/gsl_build/src/gsl_external/gsl-2.8/randist -I.. -I/home/evgeniy/MPI-PI_Monte_Karlo/build/gsl_build/src/gsl_external/gsl-2.8 -g -O2 -MT exppow.lo -MD -MP -MF .deps/exppow.Tpo -c /home/evgeniy/MPI-PI_Monte_Karlo/build/gsl_build/src/gsl_external/gsl-2.8/randist/exppow.c -o exppow.o
libtool: compile:  /usr/bin/cc -DHAVE_CONFIG_H -I. -I/home/evgeniy/MPI-PI_Monte_Karlo/build/gsl_build/src/gsl_external/gsl-2.8/randist -I.. -I/home/evgeniy/MPI-PI_Monte_Karlo/build/gsl_build/src/gsl_external/gsl-2.8 -g -O2 -MT fdist.lo -MD -MP -MF .deps/fdist.Tpo -c /home/evgeniy/MPI-PI_Monte_Karlo/build/gsl_build/src/gsl_external/gsl-2.8/randist/fdist.c -o fdist.o
libtool: compile:  /usr/bin/cc -DHAVE_CONFIG_H -I. -I/home/evgeniy/MPI-PI_Monte_Karlo/build/gsl_build/src/gsl_external/gsl-2.8/randist -I.. -I/home/evgeniy/MPI-PI_Monte_Karlo/build/gsl_build/src/gsl_external/gsl-2.8 -g -O2 -MT flat.lo -MD -MP -MF .deps/flat.Tpo -c /home/evgeniy/MPI-PI_Monte_Karlo/build/gsl_build/src/gsl_external/gsl-2.8/randist/flat.c -o flat.o
libtool: compile:  /usr/bin/cc -DHAVE_CONFIG_H -I. -I/home/evgeniy/MPI-PI_Monte_Karlo/build/gsl_build/src/gsl_external/gsl-2.8/randist -I.. -I/home/evgeniy/MPI-PI_Monte_Karlo/build/gsl_build/src/gsl_external/gsl-2.8 -g -O2 -MT gamma.lo -MD -MP -MF .deps/gamma.Tpo -c /home/evgeniy/MPI-PI_Monte_Karlo/build/gsl_build/src/gsl_external/gsl-2.8/randist/gamma.c -o gamma.o
libtool: compile:  /usr/bin/cc -DHAVE_CONFIG_H -I. -I/home/evgeniy/MPI-PI_Monte_Karlo/build/gsl_build/src/gsl_external/gsl-2.8/randist -I.. -I/home/evgeniy/MPI-PI_Monte_Karlo/build/gsl_build/src/gsl_external/gsl-2.8 -g -O2 -MT gauss.lo -MD -MP -MF .deps/gauss.Tpo -c /home/evgeniy/MPI-PI_Monte_Karlo/build/gsl_build/src/gsl_external/gsl-2.8/randist/gauss.c -o gauss.o
libtool: compile:  /usr/bin/cc -DHAVE_CONFIG_H -I. -I/home/evgeniy/MPI-PI_Monte_Karlo/build/gsl_build/src/gsl_external/gsl-2.8/randist -I.. -I/home/evgeniy/MPI-PI_Monte_Karlo/build/gsl_build/src/gsl_external/gsl-2.8 -g -O2 -MT gausszig.lo -MD -MP -MF .deps/gausszig.Tpo -c /home/evgeniy/MPI-PI_Monte_Karlo/build/gsl_build/src/gsl_external/gsl-2.8/randist/gausszig.c -o gausszig.o
libtool: compile:  /usr/bin/cc -DHAVE_CONFIG_H -I. -I/home/evgeniy/MPI-PI_Monte_Karlo/build/gsl_build/src/gsl_external/gsl-2.8/randist -I.. -I/home/evgeniy/MPI-PI_Monte_Karlo/build/gsl_build/src/gsl_external/gsl-2.8 -g -O2 -MT gausstail.lo -MD -MP -MF .deps/gausstail.Tpo -c /home/evgeniy/MPI-PI_Monte_Karlo/build/gsl_build/src/gsl_external/gsl-2.8/randist/gausstail.c -o gausstail.o
libtool: compile:  /usr/bin/cc -DHAVE_CONFIG_H -I. -I/home/evgeniy/MPI-PI_Monte_Karlo/build/gsl_build/src/gsl_external/gsl-2.8/randist -I.. -I/home/evgeniy/MPI-PI_Monte_Karlo/build/gsl_build/src/gsl_external/gsl-2.8 -g -O2 -MT geometric.lo -MD -MP -MF .deps/geometric.Tpo -c /home/evgeniy/MPI-PI_Monte_Karlo/build/gsl_build/src/gsl_external/gsl-2.8/randist/geometric.c -o geometric.o
libtool: compile:  /usr/bin/cc -DHAVE_CONFIG_H -I. -I/home/evgeniy/MPI-PI_Monte_Karlo/build/gsl_build/src/gsl_external/gsl-2.8/randist -I.. -I/home/evgeniy/MPI-PI_Monte_Karlo/build/gsl_build/src/gsl_external/gsl-2.8 -g -O2 -MT gumbel.lo -MD -MP -MF .deps/gumbel.Tpo -c /home/evgeniy/MPI-PI_Monte_Karlo/build/gsl_build/src/gsl_external/gsl-2.8/randist/gumbel.c -o gumbel.o
libtool: compile:  /usr/bin/cc -DHAVE_CONFIG_H -I. -I/home/evgeniy/MPI-PI_Monte_Karlo/build/gsl_build/src/gsl_external/gsl-2.8/randist -I.. -I/home/evgeniy/MPI-PI_Monte_Karlo/build/gsl_build/src/gsl_external/gsl-2.8 -g -O2 -MT hyperg.lo -MD -MP -MF .deps/hyperg.Tpo -c /home/evgeniy/MPI-PI_Monte_Karlo/build/gsl_build/src/gsl_external/gsl-2.8/randist/hyperg.c -o hyperg.o
libtool: compile:  /usr/bin/cc -DHAVE_CONFIG_H -I. -I/home/evgeniy/MPI-PI_Monte_Karlo/build/gsl_build/src/gsl_external/gsl-2.8/randist -I.. -I/home/evgeniy/MPI-PI_Monte_Karlo/build/gsl_build/src/gsl_external/gsl-2.8 -g -O2 -MT laplace.lo -MD -MP -MF .deps/laplace.Tpo -c /home/evgeniy/MPI-PI_Monte_Karlo/build/gsl_build/src/gsl_external/gsl-2.8/randist/laplace.c -o laplace.o
libtool: compile:  /usr/bin/cc -DHAVE_CONFIG_H -I. -I/home/evgeniy/MPI-PI_Monte_Karlo/build/gsl_build/src/gsl_external/gsl-2.8/randist -I.. -I/home/evgeniy/MPI-PI_Monte_Karlo/build/gsl_build/src/gsl_external/gsl-2.8 -g -O2 -MT levy.lo -MD -MP -MF .deps/levy.Tpo -c /home/evgeniy/MPI-PI_Monte_Karlo/build/gsl_build/src/gsl_external/gsl-2.8/randist/levy.c -o levy.o
libtool: compile:  /usr/bin/cc -DHAVE_CONFIG_H -I. -I/home/evgeniy/MPI-PI_Monte_Karlo/build/gsl_build/src/gsl_external/gsl-2.8/randist -I.. -I/home/evgeniy/MPI-PI_Monte_Karlo/build/gsl_build/src/gsl_external/gsl-2.8 -g -O2 -MT logarithmic.lo -MD -MP -MF .deps/logarithmic.Tpo -c /home/evgeniy/MPI-PI_Monte_Karlo/build/gsl_build/src/gsl_external/gsl-2.8/randist/logarithmic.c -o logarithmic.o
libtool: compile:  /usr/bin/cc -DHAVE_CONFIG_H -I. -I/home/evgeniy/MPI-PI_Monte_Karlo/build/gsl_build/src/gsl_external/gsl-2.8/randist -I.. -I/home/evgeniy/MPI-PI_Monte_Karlo/build/gsl_build/src/gsl_external/gsl-2.8 -g -O2 -MT logistic.lo -MD -MP -MF .deps/logistic.Tpo -c /home/evgeniy/MPI-PI_Monte_Karlo/build/gsl_build/src/gsl_external/gsl-2.8/randist/logistic.c -o logistic.o
libtool: compile:  /usr/bin/cc -DHAVE_CONFIG_H -I. -I/home/evgeniy/MPI-PI_Monte_Karlo/build/gsl_build/src/gsl_external/gsl-2.8/randist -I.. -I/home/evgeniy/MPI-PI_Monte_Karlo/build/gsl_build/src/gsl_external/gsl-2.8 -g -O2 -MT lognormal.lo -MD -MP -MF .deps/lognormal.Tpo -c /home/evgeniy/MPI-PI_Monte_Karlo/build/gsl_build/src/gsl_external/gsl-2.8/randist/lognormal.c -o lognormal.o
libtool: compile:  /usr/bin/cc -DHAVE_CONFIG_H -I. -I/home/evgeniy/MPI-PI_Monte_Karlo/build/gsl_build/src/gsl_external/gsl-2.8/randist -I.. -I/home/evgeniy/MPI-PI_Monte_Karlo/build/gsl_build/src/gsl_external/gsl-2.8 -g -O2 -MT multinomial.lo -MD -MP -MF .deps/multinomial.Tpo -c /home/evgeniy/MPI-PI_Monte_Karlo/build/gsl_build/src/gsl_external/gsl-2.8/randist/multinomial.c -o multinomial.o
libtool: compile:  /usr/bin/cc -DHAVE_CONFIG_H -I. -I/home/evgeniy/MPI-PI_Monte_Karlo/build/gsl_build/src/gsl_external/gsl-2.8/randist -I.. -I/home/evgeniy/MPI-PI_Monte_Karlo/build/gsl_build/src/gsl_external/gsl-2.8 -g -O2 -MT mvgauss.lo -MD -MP -MF .deps/mvgauss.Tpo -c /home/evgeniy/MPI-PI_Monte_Karlo/build/gsl_build/src/gsl_external/gsl-2.8/randist/mvgauss.c -o mvgauss.o
libtool: compile:  /usr/bin/cc -DHAVE_CONFIG_H -I. -I/home/evgeniy/MPI-PI_Monte_Karlo/build/gsl_build/src/gsl_external/gsl-2.8/randist -I.. -I/home/evgeniy/MPI-PI_Monte_Karlo/build/gsl_build/src/gsl_external/gsl-2.8 -g -O2 -MT nbinomial.lo -MD -MP -MF .deps/nbinomial.Tpo -c /home/evgeniy/MPI-PI_Monte_Karlo/build/gsl_build/src/gsl_external/gsl-2.8/randist/nbinomial.c -o nbinomial.o
libtool: compile:  /usr/bin/cc -DHAVE_CONFIG_H -I. -I/home/evgeniy/MPI-PI_Monte_Karlo/build/gsl_build/src/gsl_external/gsl-2.8/randist -I.. -I/home/evgeniy/MPI-PI_Monte_Karlo/build/gsl_build/src/gsl_external/gsl-2.8 -g -O2 -MT pareto.lo -MD -MP -MF .deps/pareto.Tpo -c /home/evgeniy/MPI-PI_Monte_Karlo/build/gsl_build/src/gsl_external/gsl-2.8/randist/pareto.c -o pareto.o
libtool: compile:  /usr/bin/cc -DHAVE_CONFIG_H -I. -I/home/evgeniy/MPI-PI_Monte_Karlo/build/gsl_build/src/gsl_external/gsl-2.8/randist -I.. -I/home/evgeniy/MPI-PI_Monte_Karlo/build/gsl_build/src/gsl_external/gsl-2.8 -g -O2 -MT pascal.lo -MD -MP -MF .deps/pascal.Tpo -c /home/evgeniy/MPI-PI_Monte_Karlo/build/gsl_build/src/gsl_external/gsl-2.8/randist/pascal.c -o pascal.o
libtool: compile:  /usr/bin/cc -DHAVE_CONFIG_H -I. -I/home/evgeniy/MPI-PI_Monte_Karlo/build/gsl_build/src/gsl_external/gsl-2.8/randist -I.. -I/home/evgeniy/MPI-PI_Monte_Karlo/build/gsl_build/src/gsl_external/gsl-2.8 -g -O2 -MT poisson.lo -MD -MP -MF .deps/poisson.Tpo -c /home/evgeniy/MPI-PI_Monte_Karlo/build/gsl_build/src/gsl_external/gsl-2.8/randist/poisson.c -o poisson.o
libtool: compile:  /usr/bin/cc -DHAVE_CONFIG_H -I. -I/home/evgeniy/MPI-PI_Monte_Karlo/build/gsl_build/src/gsl_external/gsl-2.8/randist -I.. -I/home/evgeniy/MPI-PI_Monte_Karlo/build/gsl_build/src/gsl_external/gsl-2.8 -g -O2 -MT rayleigh.lo -MD -MP -MF .deps/rayleigh.Tpo -c /home/evgeniy/MPI-PI_Monte_Karlo/build/gsl_build/src/gsl_external/gsl-2.8/randist/rayleigh.c -o rayleigh.o
libtool: compile:  /usr/bin/cc -DHAVE_CONFIG_H -I. -I/home/evgeniy/MPI-PI_Monte_Karlo/build/gsl_build/src/gsl_external/gsl-2.8/randist -I.. -I/home/evgeniy/MPI-PI_Monte_Karlo/build/gsl_build/src/gsl_external/gsl-2.8 -g -O2 -MT shuffle.lo -MD -MP -MF .deps/shuffle.Tpo -c /home/evgeniy/MPI-PI_Monte_Karlo/build/gsl_build/src/gsl_external/gsl-2.8/randist/shuffle.c -o shuffle.o
libtool: compile:  /usr/bin/cc -DHAVE_CONFIG_H -I. -I/home/evgeniy/MPI-PI_Monte_Karlo/build/gsl_build/src/gsl_external/gsl-2.8/randist -I.. -I/home/evgeniy/MPI-PI_Monte_Karlo/build/gsl_build/src/gsl_external/gsl-2.8 -g -O2 -MT sphere.lo -MD -MP -MF .deps/sphere.Tpo -c /home/evgeniy/MPI-PI_Monte_Karlo/build/gsl_build/src/gsl_external/gsl-2.8/randist/sphere.c -o sphere.o
libtool: compile:  /usr/bin/cc -DHAVE_CONFIG_H -I. -I/home/evgeniy/MPI-PI_Monte_Karlo/build/gsl_build/src/gsl_external/gsl-2.8/randist -I.. -I/home/evgeniy/MPI-PI_Monte_Karlo/build/gsl_build/src/gsl_external/gsl-2.8 -g -O2 -MT tdist.lo -MD -MP -MF .deps/tdist.Tpo -c /home/evgeniy/MPI-PI_Monte_Karlo/build/gsl_build/src/gsl_external/gsl-2.8/randist/tdist.c -o tdist.o
libtool: compile:  /usr/bin/cc -DHAVE_CONFIG_H -I. -I/home/evgeniy/MPI-PI_Monte_Karlo/build/gsl_build/src/gsl_external/gsl-2.8/randist -I.. -I/home/evgeniy/MPI-PI_Monte_Karlo/build/gsl_build/src/gsl_external/gsl-2.8 -g -O2 -MT weibull.lo -MD -MP -MF .deps/weibull.Tpo -c /home/evgeniy/MPI-PI_Monte_Karlo/build/gsl_build/src/gsl_external/gsl-2.8/randist/weibull.c -o weibull.o
libtool: compile:  /usr/bin/cc -DHAVE_CONFIG_H -I. -I/home/evgeniy/MPI-PI_Monte_Karlo/build/gsl_build/src/gsl_external/gsl-2.8/randist -I.. -I/home/evgeniy/MPI-PI_Monte_Karlo/build/gsl_build/src/gsl_external/gsl-2.8 -g -O2 -MT landau.lo -MD -MP -MF .deps/landau.Tpo -c /home/evgeniy/MPI-PI_Monte_Karlo/build/gsl_build/src/gsl_external/gsl-2.8/randist/landau.c -o landau.o
libtool: compile:  /usr/bin/cc -DHAVE_CONFIG_H -I. -I/home/evgeniy/MPI-PI_Monte_Karlo/build/gsl_build/src/gsl_external/gsl-2.8/randist -I.. -I/home/evgeniy/MPI-PI_Monte_Karlo/build/gsl_build/src/gsl_external/gsl-2.8 -g -O2 -MT binomial_tpe.lo -MD -MP -MF .deps/binomial_tpe.Tpo -c /home/evgeniy/MPI-PI_Monte_Karlo/build/gsl_build/src/gsl_external/gsl-2.8/randist/binomial_tpe.c -o binomial_tpe.o
libtool: compile:  /usr/bin/cc -DHAVE_CONFIG_H -I. -I/home/evgeniy/MPI-PI_Monte_Karlo/build/gsl_build/src/gsl_external/gsl-2.8/randist -I.. -I/home/evgeniy/MPI-PI_Monte_Karlo/build/gsl_build/src/gsl_external/gsl-2.8 -g -O2 -MT wishart.lo -MD -MP -MF .deps/wishart.Tpo -c /home/evgeniy/MPI-PI_Monte_Karlo/build/gsl_build/src/gsl_external/gsl-2.8/randist/wishart.c -o wishart.o
libtool: link: ar cr .libs/libgslrandist.a  bernoulli.o beta.o bigauss.o binomial.o cauchy.o chisq.o dirichlet.o discrete.o erlang.o exponential.o exppow.o fdist.o flat.o gamma.o gauss.o gausszig.o gausstail.o geometric.o gumbel.o hyperg.o laplace.o levy.o logarithmic.o logistic.o lognormal.o multinomial.o mvgauss.o nbinomial.o pareto.o pascal.o poisson.o rayleigh.o shuffle.o sphere.o tdist.o weibull.o landau.o binomial_tpe.o wishart.o
libtool: link: ranlib .libs/libgslrandist.a
libtool: link: ( cd ".libs" && rm -f "libgslrandist.la" && ln -s "../libgslrandist.la" "libgslrandist.la" )
Making all in fft
libtool: compile:  /usr/bin/cc -DHAVE_CONFIG_H -I. -I/home/evgeniy/MPI-PI_Monte_Karlo/build/gsl_build/src/gsl_external/gsl-2.8/fft -I.. -I/home/evgeniy/MPI-PI_Monte_Karlo/build/gsl_build/src/gsl_external/gsl-2.8 -g -O2 -MT dft.lo -MD -MP -MF .deps/dft.Tpo -c /home/evgeniy/MPI-PI_Monte_Karlo/build/gsl_build/src/gsl_external/gsl-2.8/fft/dft.c -o dft.o
libtool: compile:  /usr/bin/cc -DHAVE_CONFIG_H -I. -I/home/evgeniy/MPI-PI_Monte_Karlo/build/gsl_build/src/gsl_external/gsl-2.8/fft -I.. -I/home/evgeniy/MPI-PI_Monte_Karlo/build/gsl_build/src/gsl_external/gsl-2.8 -g -O2 -MT fft.lo -MD -MP -MF .deps/fft.Tpo -c /home/evgeniy/MPI-PI_Monte_Karlo/build/gsl_build/src/gsl_external/gsl-2.8/fft/fft.c -o fft.o
libtool: link: ar cr .libs/libgslfft.a  dft.o fft.o
libtool: link: ranlib .libs/libgslfft.a
libtool: link: ( cd ".libs" && rm -f "libgslfft.la" && ln -s "../libgslfft.la" "libgslfft.la" )
Making all in poly
libtool: compile:  /usr/bin/cc -DHAVE_CONFIG_H -I. -I/home/evgeniy/MPI-PI_Monte_Karlo/build/gsl_build/src/gsl_external/gsl-2.8/poly -I.. -I/home/evgeniy/MPI-PI_Monte_Karlo/build/gsl_build/src/gsl_external/gsl-2.8 -g -O2 -MT dd.lo -MD -MP -MF .deps/dd.Tpo -c /home/evgeniy/MPI-PI_Monte_Karlo/build/gsl_build/src/gsl_external/gsl-2.8/poly/dd.c -o dd.o
libtool: compile:  /usr/bin/cc -DHAVE_CONFIG_H -I. -I/home/evgeniy/MPI-PI_Monte_Karlo/build/gsl_build/src/gsl_external/gsl-2.8/poly -I.. -I/home/evgeniy/MPI-PI_Monte_Karlo/build/gsl_build/src/gsl_external/gsl-2.8 -g -O2 -MT eval.lo -MD -MP -MF .deps/eval.Tpo -c /home/evgeniy/MPI-PI_Monte_Karlo/build/gsl_build/src/gsl_external/gsl-2.8/poly/eval.c -o eval.o
libtool: compile:  /usr/bin/cc -DHAVE_CONFIG_H -I. -I/home/evgeniy/MPI-PI_Monte_Karlo/build/gsl_build/src/gsl_external/gsl-2.8/poly -I.. -I/home/evgeniy/MPI-PI_Monte_Karlo/build/gsl_build/src/gsl_external/gsl-2.8 -g -O2 -MT solve_quadratic.lo -MD -MP -MF .deps/solve_quadratic.Tpo -c /home/evgeniy/MPI-PI_Monte_Karlo/build/gsl_build/src/gsl_external/gsl-2.8/poly/solve_quadratic.c -o solve_quadratic.o
libtool: compile:  /usr/bin/cc -DHAVE_CONFIG_H -I. -I/home/evgeniy/MPI-PI_Monte_Karlo/build/gsl_build/src/gsl_external/gsl-2.8/poly -I.. -I/home/evgeniy/MPI-PI_Monte_Karlo/build/gsl_build/src/gsl_external/gsl-2.8 -g -O2 -MT solve_cubic.lo -MD -MP -MF .deps/solve_cubic.Tpo -c /home/evgeniy/MPI-PI_Monte_Karlo/build/gsl_build/src/gsl_external/gsl-2.8/poly/solve_cubic.c -o solve_cubic.o
libtool: compile:  /usr/bin/cc -DHAVE_CONFIG_H -I. -I/home/evgeniy/MPI-PI_Monte_Karlo/build/gsl_build/src/gsl_external/gsl-2.8/poly -I.. -I/home/evgeniy/MPI-PI_Monte_Karlo/build/gsl_build/src/gsl_external/gsl-2.8 -g -O2 -MT zsolve_quadratic.lo -MD -MP -MF .deps/zsolve_quadratic.Tpo -c /home/evgeniy/MPI-PI_Monte_Karlo/build/gsl_build/src/gsl_external/gsl-2.8/poly/zsolve_quadratic.c -o zsolve_quadratic.o
libtool: compile:  /usr/bin/cc -DHAVE_CONFIG_H -I. -I/home/evgeniy/MPI-PI_Monte_Karlo/build/gsl_build/src/gsl_external/gsl-2.8/poly -I.. -I/home/evgeniy/MPI-PI_Monte_Karlo/build/gsl_build/src/gsl_external/gsl-2.8 -g -O2 -MT zsolve_cubic.lo -MD -MP -MF .deps/zsolve_cubic.Tpo -c /home/evgeniy/MPI-PI_Monte_Karlo/build/gsl_build/src/gsl_external/gsl-2.8/poly/zsolve_cubic.c -o zsolve_cubic.o
libtool: compile:  /usr/bin/cc -DHAVE_CONFIG_H -I. -I/home/evgeniy/MPI-PI_Monte_Karlo/build/gsl_build/src/gsl_external/gsl-2.8/poly -I.. -I/home/evgeniy/MPI-PI_Monte_Karlo/build/gsl_build/src/gsl_external/gsl-2.8 -g -O2 -MT zsolve.lo -MD -MP -MF .deps/zsolve.Tpo -c /home/evgeniy/MPI-PI_Monte_Karlo/build/gsl_build/src/gsl_external/gsl-2.8/poly/zsolve.c -o zsolve.o
libtool: compile:  /usr/bin/cc -DHAVE_CONFIG_H -I. -I/home/evgeniy/MPI-PI_Monte_Karlo/build/gsl_build/src/gsl_external/gsl-2.8/poly -I.. -I/home/evgeniy/MPI-PI_Monte_Karlo/build/gsl_build/src/gsl_external/gsl-2.8 -g -O2 -MT zsolve_init.lo -MD -MP -MF .deps/zsolve_init.Tpo -c /home/evgeniy/MPI-PI_Monte_Karlo/build/gsl_build/src/gsl_external/gsl-2.8/poly/zsolve_init.c -o zsolve_init.o
libtool: compile:  /usr/bin/cc -DHAVE_CONFIG_H -I. -I/home/evgeniy/MPI-PI_Monte_Karlo/build/gsl_build/src/gsl_external/gsl-2.8/poly -I.. -I/home/evgeniy/MPI-PI_Monte_Karlo/build/gsl_build/src/gsl_external/gsl-2.8 -g -O2 -MT deriv.lo -MD -MP -MF .deps/deriv.Tpo -c /home/evgeniy/MPI-PI_Monte_Karlo/build/gsl_build/src/gsl_external/gsl-2.8/poly/deriv.c -o deriv.o
libtool: link: ar cr .libs/libgslpoly.a  dd.o eval.o solve_quadratic.o solve_cubic.o zsolve_quadratic.o zsolve_cubic.o zsolve.o zsolve_init.o deriv.o
libtool: link: ranlib .libs/libgslpoly.a
libtool: link: ( cd ".libs" && rm -f "libgslpoly.la" && ln -s "../libgslpoly.la" "libgslpoly.la" )
Making all in fit
libtool: compile:  /usr/bin/cc -DHAVE_CONFIG_H -I. -I/home/evgeniy/MPI-PI_Monte_Karlo/build/gsl_build/src/gsl_external/gsl-2.8/fit -I.. -I/home/evgeniy/MPI-PI_Monte_Karlo/build/gsl_build/src/gsl_external/gsl-2.8 -g -O2 -MT linear.lo -MD -MP -MF .deps/linear.Tpo -c /home/evgeniy/MPI-PI_Monte_Karlo/build/gsl_build/src/gsl_external/gsl-2.8/fit/linear.c -o linear.o
libtool: link: ar cr .libs/libgslfit.a  linear.o
libtool: link: ranlib .libs/libgslfit.a
libtool: link: ( cd ".libs" && rm -f "libgslfit.la" && ln -s "../libgslfit.la" "libgslfit.la" )
Making all in multifit
libtool: compile:  /usr/bin/cc -DHAVE_CONFIG_H -I. -I/home/evgeniy/MPI-PI_Monte_Karlo/build/gsl_build/src/gsl_external/gsl-2.8/multifit -I.. -I/home/evgeniy/MPI-PI_Monte_Karlo/build/gsl_build/src/gsl_external/gsl-2.8 -g -O2 -MT gcv.lo -MD -MP -MF .deps/gcv.Tpo -c /home/evgeniy/MPI-PI_Monte_Karlo/build/gsl_build/src/gsl_external/gsl-2.8/multifit/gcv.c -o gcv.o
libtool: compile:  /usr/bin/cc -DHAVE_CONFIG_H -I. -I/home/evgeniy/MPI-PI_Monte_Karlo/build/gsl_build/src/gsl_external/gsl-2.8/multifit -I.. -I/home/evgeniy/MPI-PI_Monte_Karlo/build/gsl_build/src/gsl_external/gsl-2.8 -g -O2 -MT multilinear.lo -MD -MP -MF .deps/multilinear.Tpo -c /home/evgeniy/MPI-PI_Monte_Karlo/build/gsl_build/src/gsl_external/gsl-2.8/multifit/multilinear.c -o multilinear.o
libtool: compile:  /usr/bin/cc -DHAVE_CONFIG_H -I. -I/home/evgeniy/MPI-PI_Monte_Karlo/build/gsl_build/src/gsl_external/gsl-2.8/multifit -I.. -I/home/evgeniy/MPI-PI_Monte_Karlo/build/gsl_build/src/gsl_external/gsl-2.8 -g -O2 -MT multiwlinear.lo -MD -MP -MF .deps/multiwlinear.Tpo -c /home/evgeniy/MPI-PI_Monte_Karlo/build/gsl_build/src/gsl_external/gsl-2.8/multifit/multiwlinear.c -o multiwlinear.o
libtool: compile:  /usr/bin/cc -DHAVE_CONFIG_H -I. -I/home/evgeniy/MPI-PI_Monte_Karlo/build/gsl_build/src/gsl_external/gsl-2.8/multifit -I.. -I/home/evgeniy/MPI-PI_Monte_Karlo/build/gsl_build/src/gsl_external/gsl-2.8 -g -O2 -MT work.lo -MD -MP -MF .deps/work.Tpo -c /home/evgeniy/MPI-PI_Monte_Karlo/build/gsl_build/src/gsl_external/gsl-2.8/multifit/work.c -o work.o
libtool: compile:  /usr/bin/cc -DHAVE_CONFIG_H -I. -I/home/evgeniy/MPI-PI_Monte_Karlo/build/gsl_build/src/gsl_external/gsl-2.8/multifit -I.. -I/home/evgeniy/MPI-PI_Monte_Karlo/build/gsl_build/src/gsl_external/gsl-2.8 -g -O2 -MT lmniel.lo -MD -MP -MF .deps/lmniel.Tpo -c /home/evgeniy/MPI-PI_Monte_Karlo/build/gsl_build/src/gsl_external/gsl-2.8/multifit/lmniel.c -o lmniel.o
libtool: compile:  /usr/bin/cc -DHAVE_CONFIG_H -I. -I/home/evgeniy/MPI-PI_Monte_Karlo/build/gsl_build/src/gsl_external/gsl-2.8/multifit -I.. -I/home/evgeniy/MPI-PI_Monte_Karlo/build/gsl_build/src/gsl_external/gsl-2.8 -g -O2 -MT lmder.lo -MD -MP -MF .deps/lmder.Tpo -c /home/evgeniy/MPI-PI_Monte_Karlo/build/gsl_build/src/gsl_external/gsl-2.8/multifit/lmder.c -o lmder.o
libtool: compile:  /usr/bin/cc -DHAVE_CONFIG_H -I. -I/home/evgeniy/MPI-PI_Monte_Karlo/build/gsl_build/src/gsl_external/gsl-2.8/multifit -I.. -I/home/evgeniy/MPI-PI_Monte_Karlo/build/gsl_build/src/gsl_external/gsl-2.8 -g -O2 -MT fsolver.lo -MD -MP -MF .deps/fsolver.Tpo -c /home/evgeniy/MPI-PI_Monte_Karlo/build/gsl_build/src/gsl_external/gsl-2.8/multifit/fsolver.c -o fsolver.o
libtool: compile:  /usr/bin/cc -DHAVE_CONFIG_H -I. -I/home/evgeniy/MPI-PI_Monte_Karlo/build/gsl_build/src/gsl_external/gsl-2.8/multifit -I.. -I/home/evgeniy/MPI-PI_Monte_Karlo/build/gsl_build/src/gsl_external/gsl-2.8 -g -O2 -MT fdfsolver.lo -MD -MP -MF .deps/fdfsolver.Tpo -c /home/evgeniy/MPI-PI_Monte_Karlo/build/gsl_build/src/gsl_external/gsl-2.8/multifit/fdfsolver.c -o fdfsolver.o
libtool: compile:  /usr/bin/cc -DHAVE_CONFIG_H -I. -I/home/evgeniy/MPI-PI_Monte_Karlo/build/gsl_build/src/gsl_external/gsl-2.8/multifit -I.. -I/home/evgeniy/MPI-PI_Monte_Karlo/build/gsl_build/src/gsl_external/gsl-2.8 -g -O2 -MT fdfridge.lo -MD -MP -MF .deps/fdfridge.Tpo -c /home/evgeniy/MPI-PI_Monte_Karlo/build/gsl_build/src/gsl_external/gsl-2.8/multifit/fdfridge.c -o fdfridge.o
libtool: compile:  /usr/bin/cc -DHAVE_CONFIG_H -I. -I/home/evgeniy/MPI-PI_Monte_Karlo/build/gsl_build/src/gsl_external/gsl-2.8/multifit -I.. -I/home/evgeniy/MPI-PI_Monte_Karlo/build/gsl_build/src/gsl_external/gsl-2.8 -g -O2 -MT fdjac.lo -MD -MP -MF .deps/fdjac.Tpo -c /home/evgeniy/MPI-PI_Monte_Karlo/build/gsl_build/src/gsl_external/gsl-2.8/multifit/fdjac.c -o fdjac.o
libtool: compile:  /usr/bin/cc -DHAVE_CONFIG_H -I. -I/home/evgeniy/MPI-PI_Monte_Karlo/build/gsl_build/src/gsl_external/gsl-2.8/multifit -I.. -I/home/evgeniy/MPI-PI_Monte_Karlo/build/gsl_build/src/gsl_external/gsl-2.8 -g -O2 -MT convergence.lo -MD -MP -MF .deps/convergence.Tpo -c /home/evgeniy/MPI-PI_Monte_Karlo/build/gsl_build/src/gsl_external/gsl-2.8/multifit/convergence.c -o convergence.o
libtool: compile:  /usr/bin/cc -DHAVE_CONFIG_H -I. -I/home/evgeniy/MPI-PI_Monte_Karlo/build/gsl_build/src/gsl_external/gsl-2.8/multifit -I.. -I/home/evgeniy/MPI-PI_Monte_Karlo/build/gsl_build/src/gsl_external/gsl-2.8 -g -O2 -MT gradient.lo -MD -MP -MF .deps/gradient.Tpo -c /home/evgeniy/MPI-PI_Monte_Karlo/build/gsl_build/src/gsl_external/gsl-2.8/multifit/gradient.c -o gradient.o
libtool: compile:  /usr/bin/cc -DHAVE_CONFIG_H -I. -I/home/evgeniy/MPI-PI_Monte_Karlo/build/gsl_build/src/gsl_external/gsl-2.8/multifit -I.. -I/home/evgeniy/MPI-PI_Monte_Karlo/build/gsl_build/src/gsl_external/gsl-2.8 -g -O2 -MT covar.lo -MD -MP -MF .deps/covar.Tpo -c /home/evgeniy/MPI-PI_Monte_Karlo/build/gsl_build/src/gsl_external/gsl-2.8/multifit/covar.c -o covar.o
libtool: compile:  /usr/bin/cc -DHAVE_CONFIG_H -I. -I/home/evgeniy/MPI-PI_Monte_Karlo/build/gsl_build/src/gsl_external/gsl-2.8/multifit -I.. -I/home/evgeniy/MPI-PI_Monte_Karlo/build/gsl_build/src/gsl_external/gsl-2.8 -g -O2 -MT multirobust.lo -MD -MP -MF .deps/multirobust.Tpo -c /home/evgeniy/MPI-PI_Monte_Karlo/build/gsl_build/src/gsl_external/gsl-2.8/multifit/multirobust.c -o multirobust.o
libtool: compile:  /usr/bin/cc -DHAVE_CONFIG_H -I. -I/home/evgeniy/MPI-PI_Monte_Karlo/build/gsl_build/src/gsl_external/gsl-2.8/multifit -I.. -I/home/evgeniy/MPI-PI_Monte_Karlo/build/gsl_build/src/gsl_external/gsl-2.8 -g -O2 -MT robust_wfun.lo -MD -MP -MF .deps/robust_wfun.Tpo -c /home/evgeniy/MPI-PI_Monte_Karlo/build/gsl_build/src/gsl_external/gsl-2.8/multifit/robust_wfun.c -o robust_wfun.o
libtool: compile:  /usr/bin/cc -DHAVE_CONFIG_H -I. -I/home/evgeniy/MPI-PI_Monte_Karlo/build/gsl_build/src/gsl_external/gsl-2.8/multifit -I.. -I/home/evgeniy/MPI-PI_Monte_Karlo/build/gsl_build/src/gsl_external/gsl-2.8 -g -O2 -MT multireg.lo -MD -MP -MF .deps/multireg.Tpo -c /home/evgeniy/MPI-PI_Monte_Karlo/build/gsl_build/src/gsl_external/gsl-2.8/multifit/multireg.c -o multireg.o
libtool: link: ar cr .libs/libgslmultifit.a  gcv.o multilinear.o multiwlinear.o work.o lmniel.o lmder.o fsolver.o fdfsolver.o fdfridge.o fdjac.o convergence.o gradient.o covar.o multirobust.o robust_wfun.o multireg.o
libtool: link: ranlib .libs/libgslmultifit.a
libtool: link: ( cd ".libs" && rm -f "libgslmultifit.la" && ln -s "../libgslmultifit.la" "libgslmultifit.la" )
Making all in multifit_nlinear
libtool: compile:  /usr/bin/cc -DHAVE_CONFIG_H -I. -I/home/evgeniy/MPI-PI_Monte_Karlo/build/gsl_build/src/gsl_external/gsl-2.8/multifit_nlinear -I.. -I/home/evgeniy/MPI-PI_Monte_Karlo/build/gsl_build/src/gsl_external/gsl-2.8 -g -O2 -MT cholesky.lo -MD -MP -MF .deps/cholesky.Tpo -c /home/evgeniy/MPI-PI_Monte_Karlo/build/gsl_build/src/gsl_external/gsl-2.8/multifit_nlinear/cholesky.c -o cholesky.o
libtool: compile:  /usr/bin/cc -DHAVE_CONFIG_H -I. -I/home/evgeniy/MPI-PI_Monte_Karlo/build/gsl_build/src/gsl_external/gsl-2.8/multifit_nlinear -I.. -I/home/evgeniy/MPI-PI_Monte_Karlo/build/gsl_build/src/gsl_external/gsl-2.8 -g -O2 -MT convergence.lo -MD -MP -MF .deps/convergence.Tpo -c /home/evgeniy/MPI-PI_Monte_Karlo/build/gsl_build/src/gsl_external/gsl-2.8/multifit_nlinear/convergence.c -o convergence.o
libtool: compile:  /usr/bin/cc -DHAVE_CONFIG_H -I. -I/home/evgeniy/MPI-PI_Monte_Karlo/build/gsl_build/src/gsl_external/gsl-2.8/multifit_nlinear -I.. -I/home/evgeniy/MPI-PI_Monte_Karlo/build/gsl_build/src/gsl_external/gsl-2.8 -g -O2 -MT covar.lo -MD -MP -MF .deps/covar.Tpo -c /home/evgeniy/MPI-PI_Monte_Karlo/build/gsl_build/src/gsl_external/gsl-2.8/multifit_nlinear/covar.c -o covar.o
libtool: compile:  /usr/bin/cc -DHAVE_CONFIG_H -I. -I/home/evgeniy/MPI-PI_Monte_Karlo/build/gsl_build/src/gsl_external/gsl-2.8/multifit_nlinear -I.. -I/home/evgeniy/MPI-PI_Monte_Karlo/build/gsl_build/src/gsl_external/gsl-2.8 -g -O2 -MT dogleg.lo -MD -MP -MF .deps/dogleg.Tpo -c /home/evgeniy/MPI-PI_Monte_Karlo/build/gsl_build/src/gsl_external/gsl-2.8/multifit_nlinear/dogleg.c -o dogleg.o
libtool: compile:  /usr/bin/cc -DHAVE_CONFIG_H -I. -I/home/evgeniy/MPI-PI_Monte_Karlo/build/gsl_build/src/gsl_external/gsl-2.8/multifit_nlinear -I.. -I/home/evgeniy/MPI-PI_Monte_Karlo/build/gsl_build/src/gsl_external/gsl-2.8 -g -O2 -MT fdf.lo -MD -MP -MF .deps/fdf.Tpo -c /home/evgeniy/MPI-PI_Monte_Karlo/build/gsl_build/src/gsl_external/gsl-2.8/multifit_nlinear/fdf.c -o fdf.o
libtool: compile:  /usr/bin/cc -DHAVE_CONFIG_H -I. -I/home/evgeniy/MPI-PI_Monte_Karlo/build/gsl_build/src/gsl_external/gsl-2.8/multifit_nlinear -I.. -I/home/evgeniy/MPI-PI_Monte_Karlo/build/gsl_build/src/gsl_external/gsl-2.8 -g -O2 -MT fdfvv.lo -MD -MP -MF .deps/fdfvv.Tpo -c /home/evgeniy/MPI-PI_Monte_Karlo/build/gsl_build/src/gsl_external/gsl-2.8/multifit_nlinear/fdfvv.c -o fdfvv.o
libtool: compile:  /usr/bin/cc -DHAVE_CONFIG_H -I. -I/home/evgeniy/MPI-PI_Monte_Karlo/build/gsl_build/src/gsl_external/gsl-2.8/multifit_nlinear -I.. -I/home/evgeniy/MPI-PI_Monte_Karlo/build/gsl_build/src/gsl_external/gsl-2.8 -g -O2 -MT fdjac.lo -MD -MP -MF .deps/fdjac.Tpo -c /home/evgeniy/MPI-PI_Monte_Karlo/build/gsl_build/src/gsl_external/gsl-2.8/multifit_nlinear/fdjac.c -o fdjac.o
libtool: compile:  /usr/bin/cc -DHAVE_CONFIG_H -I. -I/home/evgeniy/MPI-PI_Monte_Karlo/build/gsl_build/src/gsl_external/gsl-2.8/multifit_nlinear -I.. -I/home/evgeniy/MPI-PI_Monte_Karlo/build/gsl_build/src/gsl_external/gsl-2.8 -g -O2 -MT lm.lo -MD -MP -MF .deps/lm.Tpo -c /home/evgeniy/MPI-PI_Monte_Karlo/build/gsl_build/src/gsl_external/gsl-2.8/multifit_nlinear/lm.c -o lm.o
libtool: compile:  /usr/bin/cc -DHAVE_CONFIG_H -I. -I/home/evgeniy/MPI-PI_Monte_Karlo/build/gsl_build/src/gsl_external/gsl-2.8/multifit_nlinear -I.. -I/home/evgeniy/MPI-PI_Monte_Karlo/build/gsl_build/src/gsl_external/gsl-2.8 -g -O2 -MT mcholesky.lo -MD -MP -MF .deps/mcholesky.Tpo -c /home/evgeniy/MPI-PI_Monte_Karlo/build/gsl_build/src/gsl_external/gsl-2.8/multifit_nlinear/mcholesky.c -o mcholesky.o
libtool: compile:  /usr/bin/cc -DHAVE_CONFIG_H -I. -I/home/evgeniy/MPI-PI_Monte_Karlo/build/gsl_build/src/gsl_external/gsl-2.8/multifit_nlinear -I.. -I/home/evgeniy/MPI-PI_Monte_Karlo/build/gsl_build/src/gsl_external/gsl-2.8 -g -O2 -MT qr.lo -MD -MP -MF .deps/qr.Tpo -c /home/evgeniy/MPI-PI_Monte_Karlo/build/gsl_build/src/gsl_external/gsl-2.8/multifit_nlinear/qr.c -o qr.o
libtool: compile:  /usr/bin/cc -DHAVE_CONFIG_H -I. -I/home/evgeniy/MPI-PI_Monte_Karlo/build/gsl_build/src/gsl_external/gsl-2.8/multifit_nlinear -I.. -I/home/evgeniy/MPI-PI_Monte_Karlo/build/gsl_build/src/gsl_external/gsl-2.8 -g -O2 -MT scaling.lo -MD -MP -MF .deps/scaling.Tpo -c /home/evgeniy/MPI-PI_Monte_Karlo/build/gsl_build/src/gsl_external/gsl-2.8/multifit_nlinear/scaling.c -o scaling.o
libtool: compile:  /usr/bin/cc -DHAVE_CONFIG_H -I. -I/home/evgeniy/MPI-PI_Monte_Karlo/build/gsl_build/src/gsl_external/gsl-2.8/multifit_nlinear -I.. -I/home/evgeniy/MPI-PI_Monte_Karlo/build/gsl_build/src/gsl_external/gsl-2.8 -g -O2 -MT subspace2D.lo -MD -MP -MF .deps/subspace2D.Tpo -c /home/evgeniy/MPI-PI_Monte_Karlo/build/gsl_build/src/gsl_external/gsl-2.8/multifit_nlinear/subspace2D.c -o subspace2D.o
libtool: compile:  /usr/bin/cc -DHAVE_CONFIG_H -I. -I/home/evgeniy/MPI-PI_Monte_Karlo/build/gsl_build/src/gsl_external/gsl-2.8/multifit_nlinear -I.. -I/home/evgeniy/MPI-PI_Monte_Karlo/build/gsl_build/src/gsl_external/gsl-2.8 -g -O2 -MT svd.lo -MD -MP -MF .deps/svd.Tpo -c /home/evgeniy/MPI-PI_Monte_Karlo/build/gsl_build/src/gsl_external/gsl-2.8/multifit_nlinear/svd.c -o svd.o
libtool: compile:  /usr/bin/cc -DHAVE_CONFIG_H -I. -I/home/evgeniy/MPI-PI_Monte_Karlo/build/gsl_build/src/gsl_external/gsl-2.8/multifit_nlinear -I.. -I/home/evgeniy/MPI-PI_Monte_Karlo/build/gsl_build/src/gsl_external/gsl-2.8 -g -O2 -MT trust.lo -MD -MP -MF .deps/trust.Tpo -c /home/evgeniy/MPI-PI_Monte_Karlo/build/gsl_build/src/gsl_external/gsl-2.8/multifit_nlinear/trust.c -o trust.o
libtool: link: ar cr .libs/libgslmultifit_nlinear.a  cholesky.o convergence.o covar.o dogleg.o fdf.o fdfvv.o fdjac.o lm.o mcholesky.o qr.o scaling.o subspace2D.o svd.o trust.o
libtool: link: ranlib .libs/libgslmultifit_nlinear.a
libtool: link: ( cd ".libs" && rm -f "libgslmultifit_nlinear.la" && ln -s "../libgslmultifit_nlinear.la" "libgslmultifit_nlinear.la" )
Making all in multilarge
libtool: compile:  /usr/bin/cc -DHAVE_CONFIG_H -I. -I/home/evgeniy/MPI-PI_Monte_Karlo/build/gsl_build/src/gsl_external/gsl-2.8/multilarge -I.. -I/home/evgeniy/MPI-PI_Monte_Karlo/build/gsl_build/src/gsl_external/gsl-2.8 -g -O2 -MT multilarge.lo -MD -MP -MF .deps/multilarge.Tpo -c /home/evgeniy/MPI-PI_Monte_Karlo/build/gsl_build/src/gsl_external/gsl-2.8/multilarge/multilarge.c -o multilarge.o
libtool: compile:  /usr/bin/cc -DHAVE_CONFIG_H -I. -I/home/evgeniy/MPI-PI_Monte_Karlo/build/gsl_build/src/gsl_external/gsl-2.8/multilarge -I.. -I/home/evgeniy/MPI-PI_Monte_Karlo/build/gsl_build/src/gsl_external/gsl-2.8 -g -O2 -MT normal.lo -MD -MP -MF .deps/normal.Tpo -c /home/evgeniy/MPI-PI_Monte_Karlo/build/gsl_build/src/gsl_external/gsl-2.8/multilarge/normal.c -o normal.o
libtool: compile:  /usr/bin/cc -DHAVE_CONFIG_H -I. -I/home/evgeniy/MPI-PI_Monte_Karlo/build/gsl_build/src/gsl_external/gsl-2.8/multilarge -I.. -I/home/evgeniy/MPI-PI_Monte_Karlo/build/gsl_build/src/gsl_external/gsl-2.8 -g -O2 -MT tsqr.lo -MD -MP -MF .deps/tsqr.Tpo -c /home/evgeniy/MPI-PI_Monte_Karlo/build/gsl_build/src/gsl_external/gsl-2.8/multilarge/tsqr.c -o tsqr.o
libtool: link: ar cr .libs/libgslmultilarge.a  multilarge.o normal.o tsqr.o
libtool: link: ranlib .libs/libgslmultilarge.a
libtool: link: ( cd ".libs" && rm -f "libgslmultilarge.la" && ln -s "../libgslmultilarge.la" "libgslmultilarge.la" )
Making all in multilarge_nlinear
libtool: compile:  /usr/bin/cc -DHAVE_CONFIG_H -I. -I/home/evgeniy/MPI-PI_Monte_Karlo/build/gsl_build/src/gsl_external/gsl-2.8/multilarge_nlinear -I.. -I/home/evgeniy/MPI-PI_Monte_Karlo/build/gsl_build/src/gsl_external/gsl-2.8 -g -O2 -MT cgst.lo -MD -MP -MF .deps/cgst.Tpo -c /home/evgeniy/MPI-PI_Monte_Karlo/build/gsl_build/src/gsl_external/gsl-2.8/multilarge_nlinear/cgst.c -o cgst.o
libtool: compile:  /usr/bin/cc -DHAVE_CONFIG_H -I. -I/home/evgeniy/MPI-PI_Monte_Karlo/build/gsl_build/src/gsl_external/gsl-2.8/multilarge_nlinear -I.. -I/home/evgeniy/MPI-PI_Monte_Karlo/build/gsl_build/src/gsl_external/gsl-2.8 -g -O2 -MT cholesky.lo -MD -MP -MF .deps/cholesky.Tpo -c /home/evgeniy/MPI-PI_Monte_Karlo/build/gsl_build/src/gsl_external/gsl-2.8/multilarge_nlinear/cholesky.c -o cholesky.o
libtool: compile:  /usr/bin/cc -DHAVE_CONFIG_H -I. -I/home/evgeniy/MPI-PI_Monte_Karlo/build/gsl_build/src/gsl_external/gsl-2.8/multilarge_nlinear -I.. -I/home/evgeniy/MPI-PI_Monte_Karlo/build/gsl_build/src/gsl_external/gsl-2.8 -g -O2 -MT convergence.lo -MD -MP -MF .deps/convergence.Tpo -c /home/evgeniy/MPI-PI_Monte_Karlo/build/gsl_build/src/gsl_external/gsl-2.8/multilarge_nlinear/convergence.c -o convergence.o
libtool: compile:  /usr/bin/cc -DHAVE_CONFIG_H -I. -I/home/evgeniy/MPI-PI_Monte_Karlo/build/gsl_build/src/gsl_external/gsl-2.8/multilarge_nlinear -I.. -I/home/evgeniy/MPI-PI_Monte_Karlo/build/gsl_build/src/gsl_external/gsl-2.8 -g -O2 -MT dogleg.lo -MD -MP -MF .deps/dogleg.Tpo -c /home/evgeniy/MPI-PI_Monte_Karlo/build/gsl_build/src/gsl_external/gsl-2.8/multilarge_nlinear/dogleg.c -o dogleg.o
libtool: compile:  /usr/bin/cc -DHAVE_CONFIG_H -I. -I/home/evgeniy/MPI-PI_Monte_Karlo/build/gsl_build/src/gsl_external/gsl-2.8/multilarge_nlinear -I.. -I/home/evgeniy/MPI-PI_Monte_Karlo/build/gsl_build/src/gsl_external/gsl-2.8 -g -O2 -MT dummy.lo -MD -MP -MF .deps/dummy.Tpo -c /home/evgeniy/MPI-PI_Monte_Karlo/build/gsl_build/src/gsl_external/gsl-2.8/multilarge_nlinear/dummy.c -o dummy.o
libtool: compile:  /usr/bin/cc -DHAVE_CONFIG_H -I. -I/home/evgeniy/MPI-PI_Monte_Karlo/build/gsl_build/src/gsl_external/gsl-2.8/multilarge_nlinear -I.. -I/home/evgeniy/MPI-PI_Monte_Karlo/build/gsl_build/src/gsl_external/gsl-2.8 -g -O2 -MT fdf.lo -MD -MP -MF .deps/fdf.Tpo -c /home/evgeniy/MPI-PI_Monte_Karlo/build/gsl_build/src/gsl_external/gsl-2.8/multilarge_nlinear/fdf.c -o fdf.o
libtool: compile:  /usr/bin/cc -DHAVE_CONFIG_H -I. -I/home/evgeniy/MPI-PI_Monte_Karlo/build/gsl_build/src/gsl_external/gsl-2.8/multilarge_nlinear -I.. -I/home/evgeniy/MPI-PI_Monte_Karlo/build/gsl_build/src/gsl_external/gsl-2.8 -g -O2 -MT lm.lo -MD -MP -MF .deps/lm.Tpo -c /home/evgeniy/MPI-PI_Monte_Karlo/build/gsl_build/src/gsl_external/gsl-2.8/multilarge_nlinear/lm.c -o lm.o
libtool: compile:  /usr/bin/cc -DHAVE_CONFIG_H -I. -I/home/evgeniy/MPI-PI_Monte_Karlo/build/gsl_build/src/gsl_external/gsl-2.8/multilarge_nlinear -I.. -I/home/evgeniy/MPI-PI_Monte_Karlo/build/gsl_build/src/gsl_external/gsl-2.8 -g -O2 -MT mcholesky.lo -MD -MP -MF .deps/mcholesky.Tpo -c /home/evgeniy/MPI-PI_Monte_Karlo/build/gsl_build/src/gsl_external/gsl-2.8/multilarge_nlinear/mcholesky.c -o mcholesky.o
libtool: compile:  /usr/bin/cc -DHAVE_CONFIG_H -I. -I/home/evgeniy/MPI-PI_Monte_Karlo/build/gsl_build/src/gsl_external/gsl-2.8/multilarge_nlinear -I.. -I/home/evgeniy/MPI-PI_Monte_Karlo/build/gsl_build/src/gsl_external/gsl-2.8 -g -O2 -MT scaling.lo -MD -MP -MF .deps/scaling.Tpo -c /home/evgeniy/MPI-PI_Monte_Karlo/build/gsl_build/src/gsl_external/gsl-2.8/multilarge_nlinear/scaling.c -o scaling.o
libtool: compile:  /usr/bin/cc -DHAVE_CONFIG_H -I. -I/home/evgeniy/MPI-PI_Monte_Karlo/build/gsl_build/src/gsl_external/gsl-2.8/multilarge_nlinear -I.. -I/home/evgeniy/MPI-PI_Monte_Karlo/build/gsl_build/src/gsl_external/gsl-2.8 -g -O2 -MT subspace2D.lo -MD -MP -MF .deps/subspace2D.Tpo -c /home/evgeniy/MPI-PI_Monte_Karlo/build/gsl_build/src/gsl_external/gsl-2.8/multilarge_nlinear/subspace2D.c -o subspace2D.o
libtool: compile:  /usr/bin/cc -DHAVE_CONFIG_H -I. -I/home/evgeniy/MPI-PI_Monte_Karlo/build/gsl_build/src/gsl_external/gsl-2.8/multilarge_nlinear -I.. -I/home/evgeniy/MPI-PI_Monte_Karlo/build/gsl_build/src/gsl_external/gsl-2.8 -g -O2 -MT trust.lo -MD -MP -MF .deps/trust.Tpo -c /home/evgeniy/MPI-PI_Monte_Karlo/build/gsl_build/src/gsl_external/gsl-2.8/multilarge_nlinear/trust.c -o trust.o
libtool: link: ar cr .libs/libgslmultilarge_nlinear.a  cgst.o cholesky.o convergence.o dogleg.o dummy.o fdf.o lm.o mcholesky.o scaling.o subspace2D.o trust.o
libtool: link: ranlib .libs/libgslmultilarge_nlinear.a
libtool: link: ( cd ".libs" && rm -f "libgslmultilarge_nlinear.la" && ln -s "../libgslmultilarge_nlinear.la" "libgslmultilarge_nlinear.la" )
Making all in filter
libtool: compile:  /usr/bin/cc -DHAVE_CONFIG_H -I. -I/home/evgeniy/MPI-PI_Monte_Karlo/build/gsl_build/src/gsl_external/gsl-2.8/filter -I.. -I/home/evgeniy/MPI-PI_Monte_Karlo/build/gsl_build/src/gsl_external/gsl-2.8 -g -O2 -MT gaussian.lo -MD -MP -MF .deps/gaussian.Tpo -c /home/evgeniy/MPI-PI_Monte_Karlo/build/gsl_build/src/gsl_external/gsl-2.8/filter/gaussian.c -o gaussian.o
libtool: compile:  /usr/bin/cc -DHAVE_CONFIG_H -I. -I/home/evgeniy/MPI-PI_Monte_Karlo/build/gsl_build/src/gsl_external/gsl-2.8/filter -I.. -I/home/evgeniy/MPI-PI_Monte_Karlo/build/gsl_build/src/gsl_external/gsl-2.8 -g -O2 -MT impulse.lo -MD -MP -MF .deps/impulse.Tpo -c /home/evgeniy/MPI-PI_Monte_Karlo/build/gsl_build/src/gsl_external/gsl-2.8/filter/impulse.c -o impulse.o
libtool: compile:  /usr/bin/cc -DHAVE_CONFIG_H -I. -I/home/evgeniy/MPI-PI_Monte_Karlo/build/gsl_build/src/gsl_external/gsl-2.8/filter -I.. -I/home/evgeniy/MPI-PI_Monte_Karlo/build/gsl_build/src/gsl_external/gsl-2.8 -g -O2 -MT median.lo -MD -MP -MF .deps/median.Tpo -c /home/evgeniy/MPI-PI_Monte_Karlo/build/gsl_build/src/gsl_external/gsl-2.8/filter/median.c -o median.o
libtool: compile:  /usr/bin/cc -DHAVE_CONFIG_H -I. -I/home/evgeniy/MPI-PI_Monte_Karlo/build/gsl_build/src/gsl_external/gsl-2.8/filter -I.. -I/home/evgeniy/MPI-PI_Monte_Karlo/build/gsl_build/src/gsl_external/gsl-2.8 -g -O2 -MT rmedian.lo -MD -MP -MF .deps/rmedian.Tpo -c /home/evgeniy/MPI-PI_Monte_Karlo/build/gsl_build/src/gsl_external/gsl-2.8/filter/rmedian.c -o rmedian.o
libtool: link: ar cr .libs/libgslfilter.a  gaussian.o impulse.o median.o rmedian.o
libtool: link: ranlib .libs/libgslfilter.a
libtool: link: ( cd ".libs" && rm -f "libgslfilter.la" && ln -s "../libgslfilter.la" "libgslfilter.la" )
Making all in movstat
libtool: compile:  /usr/bin/cc -DHAVE_CONFIG_H -I. -I/home/evgeniy/MPI-PI_Monte_Karlo/build/gsl_build/src/gsl_external/gsl-2.8/movstat -I.. -I/home/evgeniy/MPI-PI_Monte_Karlo/build/gsl_build/src/gsl_external/gsl-2.8 -g -O2 -MT alloc.lo -MD -MP -MF .deps/alloc.Tpo -c /home/evgeniy/MPI-PI_Monte_Karlo/build/gsl_build/src/gsl_external/gsl-2.8/movstat/alloc.c -o alloc.o
libtool: compile:  /usr/bin/cc -DHAVE_CONFIG_H -I. -I/home/evgeniy/MPI-PI_Monte_Karlo/build/gsl_build/src/gsl_external/gsl-2.8/movstat -I.. -I/home/evgeniy/MPI-PI_Monte_Karlo/build/gsl_build/src/gsl_external/gsl-2.8 -g -O2 -MT apply.lo -MD -MP -MF .deps/apply.Tpo -c /home/evgeniy/MPI-PI_Monte_Karlo/build/gsl_build/src/gsl_external/gsl-2.8/movstat/apply.c -o apply.o
libtool: compile:  /usr/bin/cc -DHAVE_CONFIG_H -I. -I/home/evgeniy/MPI-PI_Monte_Karlo/build/gsl_build/src/gsl_external/gsl-2.8/movstat -I.. -I/home/evgeniy/MPI-PI_Monte_Karlo/build/gsl_build/src/gsl_external/gsl-2.8 -g -O2 -MT fill.lo -MD -MP -MF .deps/fill.Tpo -c /home/evgeniy/MPI-PI_Monte_Karlo/build/gsl_build/src/gsl_external/gsl-2.8/movstat/fill.c -o fill.o
libtool: compile:  /usr/bin/cc -DHAVE_CONFIG_H -I. -I/home/evgeniy/MPI-PI_Monte_Karlo/build/gsl_build/src/gsl_external/gsl-2.8/movstat -I.. -I/home/evgeniy/MPI-PI_Monte_Karlo/build/gsl_build/src/gsl_external/gsl-2.8 -g -O2 -MT funcacc.lo -MD -MP -MF .deps/funcacc.Tpo -c /home/evgeniy/MPI-PI_Monte_Karlo/build/gsl_build/src/gsl_external/gsl-2.8/movstat/funcacc.c -o funcacc.o
libtool: compile:  /usr/bin/cc -DHAVE_CONFIG_H -I. -I/home/evgeniy/MPI-PI_Monte_Karlo/build/gsl_build/src/gsl_external/gsl-2.8/movstat -I.. -I/home/evgeniy/MPI-PI_Monte_Karlo/build/gsl_build/src/gsl_external/gsl-2.8 -g -O2 -MT madacc.lo -MD -MP -MF .deps/madacc.Tpo -c /home/evgeniy/MPI-PI_Monte_Karlo/build/gsl_build/src/gsl_external/gsl-2.8/movstat/madacc.c -o madacc.o
libtool: compile:  /usr/bin/cc -DHAVE_CONFIG_H -I. -I/home/evgeniy/MPI-PI_Monte_Karlo/build/gsl_build/src/gsl_external/gsl-2.8/movstat -I.. -I/home/evgeniy/MPI-PI_Monte_Karlo/build/gsl_build/src/gsl_external/gsl-2.8 -g -O2 -MT medacc.lo -MD -MP -MF .deps/medacc.Tpo -c /home/evgeniy/MPI-PI_Monte_Karlo/build/gsl_build/src/gsl_external/gsl-2.8/movstat/medacc.c -o medacc.o
libtool: compile:  /usr/bin/cc -DHAVE_CONFIG_H -I. -I/home/evgeniy/MPI-PI_Monte_Karlo/build/gsl_build/src/gsl_external/gsl-2.8/movstat -I.. -I/home/evgeniy/MPI-PI_Monte_Karlo/build/gsl_build/src/gsl_external/gsl-2.8 -g -O2 -MT mmacc.lo -MD -MP -MF .deps/mmacc.Tpo -c /home/evgeniy/MPI-PI_Monte_Karlo/build/gsl_build/src/gsl_external/gsl-2.8/movstat/mmacc.c -o mmacc.o
libtool: compile:  /usr/bin/cc -DHAVE_CONFIG_H -I. -I/home/evgeniy/MPI-PI_Monte_Karlo/build/gsl_build/src/gsl_external/gsl-2.8/movstat -I.. -I/home/evgeniy/MPI-PI_Monte_Karlo/build/gsl_build/src/gsl_external/gsl-2.8 -g -O2 -MT movmad.lo -MD -MP -MF .deps/movmad.Tpo -c /home/evgeniy/MPI-PI_Monte_Karlo/build/gsl_build/src/gsl_external/gsl-2.8/movstat/movmad.c -o movmad.o
libtool: compile:  /usr/bin/cc -DHAVE_CONFIG_H -I. -I/home/evgeniy/MPI-PI_Monte_Karlo/build/gsl_build/src/gsl_external/gsl-2.8/movstat -I.. -I/home/evgeniy/MPI-PI_Monte_Karlo/build/gsl_build/src/gsl_external/gsl-2.8 -g -O2 -MT movmean.lo -MD -MP -MF .deps/movmean.Tpo -c /home/evgeniy/MPI-PI_Monte_Karlo/build/gsl_build/src/gsl_external/gsl-2.8/movstat/movmean.c -o movmean.o
libtool: compile:  /usr/bin/cc -DHAVE_CONFIG_H -I. -I/home/evgeniy/MPI-PI_Monte_Karlo/build/gsl_build/src/gsl_external/gsl-2.8/movstat -I.. -I/home/evgeniy/MPI-PI_Monte_Karlo/build/gsl_build/src/gsl_external/gsl-2.8 -g -O2 -MT movmedian.lo -MD -MP -MF .deps/movmedian.Tpo -c /home/evgeniy/MPI-PI_Monte_Karlo/build/gsl_build/src/gsl_external/gsl-2.8/movstat/movmedian.c -o movmedian.o
libtool: compile:  /usr/bin/cc -DHAVE_CONFIG_H -I. -I/home/evgeniy/MPI-PI_Monte_Karlo/build/gsl_build/src/gsl_external/gsl-2.8/movstat -I.. -I/home/evgeniy/MPI-PI_Monte_Karlo/build/gsl_build/src/gsl_external/gsl-2.8 -g -O2 -MT movminmax.lo -MD -MP -MF .deps/movminmax.Tpo -c /home/evgeniy/MPI-PI_Monte_Karlo/build/gsl_build/src/gsl_external/gsl-2.8/movstat/movminmax.c -o movminmax.o
libtool: compile:  /usr/bin/cc -DHAVE_CONFIG_H -I. -I/home/evgeniy/MPI-PI_Monte_Karlo/build/gsl_build/src/gsl_external/gsl-2.8/movstat -I.. -I/home/evgeniy/MPI-PI_Monte_Karlo/build/gsl_build/src/gsl_external/gsl-2.8 -g -O2 -MT movsum.lo -MD -MP -MF .deps/movsum.Tpo -c /home/evgeniy/MPI-PI_Monte_Karlo/build/gsl_build/src/gsl_external/gsl-2.8/movstat/movsum.c -o movsum.o
libtool: compile:  /usr/bin/cc -DHAVE_CONFIG_H -I. -I/home/evgeniy/MPI-PI_Monte_Karlo/build/gsl_build/src/gsl_external/gsl-2.8/movstat -I.. -I/home/evgeniy/MPI-PI_Monte_Karlo/build/gsl_build/src/gsl_external/gsl-2.8 -g -O2 -MT movSn.lo -MD -MP -MF .deps/movSn.Tpo -c /home/evgeniy/MPI-PI_Monte_Karlo/build/gsl_build/src/gsl_external/gsl-2.8/movstat/movSn.c -o movSn.o
libtool: compile:  /usr/bin/cc -DHAVE_CONFIG_H -I. -I/home/evgeniy/MPI-PI_Monte_Karlo/build/gsl_build/src/gsl_external/gsl-2.8/movstat -I.. -I/home/evgeniy/MPI-PI_Monte_Karlo/build/gsl_build/src/gsl_external/gsl-2.8 -g -O2 -MT movQn.lo -MD -MP -MF .deps/movQn.Tpo -c /home/evgeniy/MPI-PI_Monte_Karlo/build/gsl_build/src/gsl_external/gsl-2.8/movstat/movQn.c -o movQn.o
libtool: compile:  /usr/bin/cc -DHAVE_CONFIG_H -I. -I/home/evgeniy/MPI-PI_Monte_Karlo/build/gsl_build/src/gsl_external/gsl-2.8/movstat -I.. -I/home/evgeniy/MPI-PI_Monte_Karlo/build/gsl_build/src/gsl_external/gsl-2.8 -g -O2 -MT movqqr.lo -MD -MP -MF .deps/movqqr.Tpo -c /home/evgeniy/MPI-PI_Monte_Karlo/build/gsl_build/src/gsl_external/gsl-2.8/movstat/movqqr.c -o movqqr.o
libtool: compile:  /usr/bin/cc -DHAVE_CONFIG_H -I. -I/home/evgeniy/MPI-PI_Monte_Karlo/build/gsl_build/src/gsl_external/gsl-2.8/movstat -I.. -I/home/evgeniy/MPI-PI_Monte_Karlo/build/gsl_build/src/gsl_external/gsl-2.8 -g -O2 -MT movvariance.lo -MD -MP -MF .deps/movvariance.Tpo -c /home/evgeniy/MPI-PI_Monte_Karlo/build/gsl_build/src/gsl_external/gsl-2.8/movstat/movvariance.c -o movvariance.o
libtool: compile:  /usr/bin/cc -DHAVE_CONFIG_H -I. -I/home/evgeniy/MPI-PI_Monte_Karlo/build/gsl_build/src/gsl_external/gsl-2.8/movstat -I.. -I/home/evgeniy/MPI-PI_Monte_Karlo/build/gsl_build/src/gsl_external/gsl-2.8 -g -O2 -MT mvacc.lo -MD -MP -MF .deps/mvacc.Tpo -c /home/evgeniy/MPI-PI_Monte_Karlo/build/gsl_build/src/gsl_external/gsl-2.8/movstat/mvacc.c -o mvacc.o
libtool: compile:  /usr/bin/cc -DHAVE_CONFIG_H -I. -I/home/evgeniy/MPI-PI_Monte_Karlo/build/gsl_build/src/gsl_external/gsl-2.8/movstat -I.. -I/home/evgeniy/MPI-PI_Monte_Karlo/build/gsl_build/src/gsl_external/gsl-2.8 -g -O2 -MT qnacc.lo -MD -MP -MF .deps/qnacc.Tpo -c /home/evgeniy/MPI-PI_Monte_Karlo/build/gsl_build/src/gsl_external/gsl-2.8/movstat/qnacc.c -o qnacc.o
libtool: compile:  /usr/bin/cc -DHAVE_CONFIG_H -I. -I/home/evgeniy/MPI-PI_Monte_Karlo/build/gsl_build/src/gsl_external/gsl-2.8/movstat -I.. -I/home/evgeniy/MPI-PI_Monte_Karlo/build/gsl_build/src/gsl_external/gsl-2.8 -g -O2 -MT qqracc.lo -MD -MP -MF .deps/qqracc.Tpo -c /home/evgeniy/MPI-PI_Monte_Karlo/build/gsl_build/src/gsl_external/gsl-2.8/movstat/qqracc.c -o qqracc.o
libtool: compile:  /usr/bin/cc -DHAVE_CONFIG_H -I. -I/home/evgeniy/MPI-PI_Monte_Karlo/build/gsl_build/src/gsl_external/gsl-2.8/movstat -I.. -I/home/evgeniy/MPI-PI_Monte_Karlo/build/gsl_build/src/gsl_external/gsl-2.8 -g -O2 -MT snacc.lo -MD -MP -MF .deps/snacc.Tpo -c /home/evgeniy/MPI-PI_Monte_Karlo/build/gsl_build/src/gsl_external/gsl-2.8/movstat/snacc.c -o snacc.o
libtool: compile:  /usr/bin/cc -DHAVE_CONFIG_H -I. -I/home/evgeniy/MPI-PI_Monte_Karlo/build/gsl_build/src/gsl_external/gsl-2.8/movstat -I.. -I/home/evgeniy/MPI-PI_Monte_Karlo/build/gsl_build/src/gsl_external/gsl-2.8 -g -O2 -MT sumacc.lo -MD -MP -MF .deps/sumacc.Tpo -c /home/evgeniy/MPI-PI_Monte_Karlo/build/gsl_build/src/gsl_external/gsl-2.8/movstat/sumacc.c -o sumacc.o
libtool: link: ar cr .libs/libgslmovstat.a  alloc.o apply.o fill.o funcacc.o madacc.o medacc.o mmacc.o movmad.o movmean.o movmedian.o movminmax.o movsum.o movSn.o movQn.o movqqr.o movvariance.o mvacc.o qnacc.o qqracc.o snacc.o sumacc.o
libtool: link: ranlib .libs/libgslmovstat.a
libtool: link: ( cd ".libs" && rm -f "libgslmovstat.la" && ln -s "../libgslmovstat.la" "libgslmovstat.la" )
Making all in rstat
libtool: compile:  /usr/bin/cc -DHAVE_CONFIG_H -I. -I/home/evgeniy/MPI-PI_Monte_Karlo/build/gsl_build/src/gsl_external/gsl-2.8/rstat -I.. -I/home/evgeniy/MPI-PI_Monte_Karlo/build/gsl_build/src/gsl_external/gsl-2.8 -g -O2 -MT rstat.lo -MD -MP -MF .deps/rstat.Tpo -c /home/evgeniy/MPI-PI_Monte_Karlo/build/gsl_build/src/gsl_external/gsl-2.8/rstat/rstat.c -o rstat.o
libtool: compile:  /usr/bin/cc -DHAVE_CONFIG_H -I. -I/home/evgeniy/MPI-PI_Monte_Karlo/build/gsl_build/src/gsl_external/gsl-2.8/rstat -I.. -I/home/evgeniy/MPI-PI_Monte_Karlo/build/gsl_build/src/gsl_external/gsl-2.8 -g -O2 -MT rquantile.lo -MD -MP -MF .deps/rquantile.Tpo -c /home/evgeniy/MPI-PI_Monte_Karlo/build/gsl_build/src/gsl_external/gsl-2.8/rstat/rquantile.c -o rquantile.o
libtool: link: ar cr .libs/libgslrstat.a  rstat.o rquantile.o
libtool: link: ranlib .libs/libgslrstat.a
libtool: link: ( cd ".libs" && rm -f "libgslrstat.la" && ln -s "../libgslrstat.la" "libgslrstat.la" )
Making all in statistics
libtool: compile:  /usr/bin/cc -DHAVE_CONFIG_H -I. -I/home/evgeniy/MPI-PI_Monte_Karlo/build/gsl_build/src/gsl_external/gsl-2.8/statistics -I.. -I/home/evgeniy/MPI-PI_Monte_Karlo/build/gsl_build/src/gsl_external/gsl-2.8 -g -O2 -MT mean.lo -MD -MP -MF .deps/mean.Tpo -c /home/evgeniy/MPI-PI_Monte_Karlo/build/gsl_build/src/gsl_external/gsl-2.8/statistics/mean.c -o mean.o
libtool: compile:  /usr/bin/cc -DHAVE_CONFIG_H -I. -I/home/evgeniy/MPI-PI_Monte_Karlo/build/gsl_build/src/gsl_external/gsl-2.8/statistics -I.. -I/home/evgeniy/MPI-PI_Monte_Karlo/build/gsl_build/src/gsl_external/gsl-2.8 -g -O2 -MT variance.lo -MD -MP -MF .deps/variance.Tpo -c /home/evgeniy/MPI-PI_Monte_Karlo/build/gsl_build/src/gsl_external/gsl-2.8/statistics/variance.c -o variance.o
libtool: compile:  /usr/bin/cc -DHAVE_CONFIG_H -I. -I/home/evgeniy/MPI-PI_Monte_Karlo/build/gsl_build/src/gsl_external/gsl-2.8/statistics -I.. -I/home/evgeniy/MPI-PI_Monte_Karlo/build/gsl_build/src/gsl_external/gsl-2.8 -g -O2 -MT absdev.lo -MD -MP -MF .deps/absdev.Tpo -c /home/evgeniy/MPI-PI_Monte_Karlo/build/gsl_build/src/gsl_external/gsl-2.8/statistics/absdev.c -o absdev.o
libtool: compile:  /usr/bin/cc -DHAVE_CONFIG_H -I. -I/home/evgeniy/MPI-PI_Monte_Karlo/build/gsl_build/src/gsl_external/gsl-2.8/statistics -I.. -I/home/evgeniy/MPI-PI_Monte_Karlo/build/gsl_build/src/gsl_external/gsl-2.8 -g -O2 -MT skew.lo -MD -MP -MF .deps/skew.Tpo -c /home/evgeniy/MPI-PI_Monte_Karlo/build/gsl_build/src/gsl_external/gsl-2.8/statistics/skew.c -o skew.o
libtool: compile:  /usr/bin/cc -DHAVE_CONFIG_H -I. -I/home/evgeniy/MPI-PI_Monte_Karlo/build/gsl_build/src/gsl_external/gsl-2.8/statistics -I.. -I/home/evgeniy/MPI-PI_Monte_Karlo/build/gsl_build/src/gsl_external/gsl-2.8 -g -O2 -MT kurtosis.lo -MD -MP -MF .deps/kurtosis.Tpo -c /home/evgeniy/MPI-PI_Monte_Karlo/build/gsl_build/src/gsl_external/gsl-2.8/statistics/kurtosis.c -o kurtosis.o
libtool: compile:  /usr/bin/cc -DHAVE_CONFIG_H -I. -I/home/evgeniy/MPI-PI_Monte_Karlo/build/gsl_build/src/gsl_external/gsl-2.8/statistics -I.. -I/home/evgeniy/MPI-PI_Monte_Karlo/build/gsl_build/src/gsl_external/gsl-2.8 -g -O2 -MT lag1.lo -MD -MP -MF .deps/lag1.Tpo -c /home/evgeniy/MPI-PI_Monte_Karlo/build/gsl_build/src/gsl_external/gsl-2.8/statistics/lag1.c -o lag1.o
libtool: compile:  /usr/bin/cc -DHAVE_CONFIG_H -I. -I/home/evgeniy/MPI-PI_Monte_Karlo/build/gsl_build/src/gsl_external/gsl-2.8/statistics -I.. -I/home/evgeniy/MPI-PI_Monte_Karlo/build/gsl_build/src/gsl_external/gsl-2.8 -g -O2 -MT p_variance.lo -MD -MP -MF .deps/p_variance.Tpo -c /home/evgeniy/MPI-PI_Monte_Karlo/build/gsl_build/src/gsl_external/gsl-2.8/statistics/p_variance.c -o p_variance.o
libtool: compile:  /usr/bin/cc -DHAVE_CONFIG_H -I. -I/home/evgeniy/MPI-PI_Monte_Karlo/build/gsl_build/src/gsl_external/gsl-2.8/statistics -I.. -I/home/evgeniy/MPI-PI_Monte_Karlo/build/gsl_build/src/gsl_external/gsl-2.8 -g -O2 -MT minmax.lo -MD -MP -MF .deps/minmax.Tpo -c /home/evgeniy/MPI-PI_Monte_Karlo/build/gsl_build/src/gsl_external/gsl-2.8/statistics/minmax.c -o minmax.o
libtool: compile:  /usr/bin/cc -DHAVE_CONFIG_H -I. -I/home/evgeniy/MPI-PI_Monte_Karlo/build/gsl_build/src/gsl_external/gsl-2.8/statistics -I.. -I/home/evgeniy/MPI-PI_Monte_Karlo/build/gsl_build/src/gsl_external/gsl-2.8 -g -O2 -MT ttest.lo -MD -MP -MF .deps/ttest.Tpo -c /home/evgeniy/MPI-PI_Monte_Karlo/build/gsl_build/src/gsl_external/gsl-2.8/statistics/ttest.c -o ttest.o
libtool: compile:  /usr/bin/cc -DHAVE_CONFIG_H -I. -I/home/evgeniy/MPI-PI_Monte_Karlo/build/gsl_build/src/gsl_external/gsl-2.8/statistics -I.. -I/home/evgeniy/MPI-PI_Monte_Karlo/build/gsl_build/src/gsl_external/gsl-2.8 -g -O2 -MT mad.lo -MD -MP -MF .deps/mad.Tpo -c /home/evgeniy/MPI-PI_Monte_Karlo/build/gsl_build/src/gsl_external/gsl-2.8/statistics/mad.c -o mad.o
libtool: compile:  /usr/bin/cc -DHAVE_CONFIG_H -I. -I/home/evgeniy/MPI-PI_Monte_Karlo/build/gsl_build/src/gsl_external/gsl-2.8/statistics -I.. -I/home/evgeniy/MPI-PI_Monte_Karlo/build/gsl_build/src/gsl_external/gsl-2.8 -g -O2 -MT median.lo -MD -MP -MF .deps/median.Tpo -c /home/evgeniy/MPI-PI_Monte_Karlo/build/gsl_build/src/gsl_external/gsl-2.8/statistics/median.c -o median.o
libtool: compile:  /usr/bin/cc -DHAVE_CONFIG_H -I. -I/home/evgeniy/MPI-PI_Monte_Karlo/build/gsl_build/src/gsl_external/gsl-2.8/statistics -I.. -I/home/evgeniy/MPI-PI_Monte_Karlo/build/gsl_build/src/gsl_external/gsl-2.8 -g -O2 -MT covariance.lo -MD -MP -MF .deps/covariance.Tpo -c /home/evgeniy/MPI-PI_Monte_Karlo/build/gsl_build/src/gsl_external/gsl-2.8/statistics/covariance.c -o covariance.o
libtool: compile:  /usr/bin/cc -DHAVE_CONFIG_H -I. -I/home/evgeniy/MPI-PI_Monte_Karlo/build/gsl_build/src/gsl_external/gsl-2.8/statistics -I.. -I/home/evgeniy/MPI-PI_Monte_Karlo/build/gsl_build/src/gsl_external/gsl-2.8 -g -O2 -MT quantiles.lo -MD -MP -MF .deps/quantiles.Tpo -c /home/evgeniy/MPI-PI_Monte_Karlo/build/gsl_build/src/gsl_external/gsl-2.8/statistics/quantiles.c -o quantiles.o
libtool: compile:  /usr/bin/cc -DHAVE_CONFIG_H -I. -I/home/evgeniy/MPI-PI_Monte_Karlo/build/gsl_build/src/gsl_external/gsl-2.8/statistics -I.. -I/home/evgeniy/MPI-PI_Monte_Karlo/build/gsl_build/src/gsl_external/gsl-2.8 -g -O2 -MT select.lo -MD -MP -MF .deps/select.Tpo -c /home/evgeniy/MPI-PI_Monte_Karlo/build/gsl_build/src/gsl_external/gsl-2.8/statistics/select.c -o select.o
libtool: compile:  /usr/bin/cc -DHAVE_CONFIG_H -I. -I/home/evgeniy/MPI-PI_Monte_Karlo/build/gsl_build/src/gsl_external/gsl-2.8/statistics -I.. -I/home/evgeniy/MPI-PI_Monte_Karlo/build/gsl_build/src/gsl_external/gsl-2.8 -g -O2 -MT Sn.lo -MD -MP -MF .deps/Sn.Tpo -c /home/evgeniy/MPI-PI_Monte_Karlo/build/gsl_build/src/gsl_external/gsl-2.8/statistics/Sn.c -o Sn.o
libtool: compile:  /usr/bin/cc -DHAVE_CONFIG_H -I. -I/home/evgeniy/MPI-PI_Monte_Karlo/build/gsl_build/src/gsl_external/gsl-2.8/statistics -I.. -I/home/evgeniy/MPI-PI_Monte_Karlo/build/gsl_build/src/gsl_external/gsl-2.8 -g -O2 -MT Qn.lo -MD -MP -MF .deps/Qn.Tpo -c /home/evgeniy/MPI-PI_Monte_Karlo/build/gsl_build/src/gsl_external/gsl-2.8/statistics/Qn.c -o Qn.o
libtool: compile:  /usr/bin/cc -DHAVE_CONFIG_H -I. -I/home/evgeniy/MPI-PI_Monte_Karlo/build/gsl_build/src/gsl_external/gsl-2.8/statistics -I.. -I/home/evgeniy/MPI-PI_Monte_Karlo/build/gsl_build/src/gsl_external/gsl-2.8 -g -O2 -MT gastwirth.lo -MD -MP -MF .deps/gastwirth.Tpo -c /home/evgeniy/MPI-PI_Monte_Karlo/build/gsl_build/src/gsl_external/gsl-2.8/statistics/gastwirth.c -o gastwirth.o
libtool: compile:  /usr/bin/cc -DHAVE_CONFIG_H -I. -I/home/evgeniy/MPI-PI_Monte_Karlo/build/gsl_build/src/gsl_external/gsl-2.8/statistics -I.. -I/home/evgeniy/MPI-PI_Monte_Karlo/build/gsl_build/src/gsl_external/gsl-2.8 -g -O2 -MT trmean.lo -MD -MP -MF .deps/trmean.Tpo -c /home/evgeniy/MPI-PI_Monte_Karlo/build/gsl_build/src/gsl_external/gsl-2.8/statistics/trmean.c -o trmean.o
libtool: compile:  /usr/bin/cc -DHAVE_CONFIG_H -I. -I/home/evgeniy/MPI-PI_Monte_Karlo/build/gsl_build/src/gsl_external/gsl-2.8/statistics -I.. -I/home/evgeniy/MPI-PI_Monte_Karlo/build/gsl_build/src/gsl_external/gsl-2.8 -g -O2 -MT wmean.lo -MD -MP -MF .deps/wmean.Tpo -c /home/evgeniy/MPI-PI_Monte_Karlo/build/gsl_build/src/gsl_external/gsl-2.8/statistics/wmean.c -o wmean.o
libtool: compile:  /usr/bin/cc -DHAVE_CONFIG_H -I. -I/home/evgeniy/MPI-PI_Monte_Karlo/build/gsl_build/src/gsl_external/gsl-2.8/statistics -I.. -I/home/evgeniy/MPI-PI_Monte_Karlo/build/gsl_build/src/gsl_external/gsl-2.8 -g -O2 -MT wvariance.lo -MD -MP -MF .deps/wvariance.Tpo -c /home/evgeniy/MPI-PI_Monte_Karlo/build/gsl_build/src/gsl_external/gsl-2.8/statistics/wvariance.c -o wvariance.o
libtool: compile:  /usr/bin/cc -DHAVE_CONFIG_H -I. -I/home/evgeniy/MPI-PI_Monte_Karlo/build/gsl_build/src/gsl_external/gsl-2.8/statistics -I.. -I/home/evgeniy/MPI-PI_Monte_Karlo/build/gsl_build/src/gsl_external/gsl-2.8 -g -O2 -MT wabsdev.lo -MD -MP -MF .deps/wabsdev.Tpo -c /home/evgeniy/MPI-PI_Monte_Karlo/build/gsl_build/src/gsl_external/gsl-2.8/statistics/wabsdev.c -o wabsdev.o
libtool: compile:  /usr/bin/cc -DHAVE_CONFIG_H -I. -I/home/evgeniy/MPI-PI_Monte_Karlo/build/gsl_build/src/gsl_external/gsl-2.8/statistics -I.. -I/home/evgeniy/MPI-PI_Monte_Karlo/build/gsl_build/src/gsl_external/gsl-2.8 -g -O2 -MT wskew.lo -MD -MP -MF .deps/wskew.Tpo -c /home/evgeniy/MPI-PI_Monte_Karlo/build/gsl_build/src/gsl_external/gsl-2.8/statistics/wskew.c -o wskew.o
libtool: compile:  /usr/bin/cc -DHAVE_CONFIG_H -I. -I/home/evgeniy/MPI-PI_Monte_Karlo/build/gsl_build/src/gsl_external/gsl-2.8/statistics -I.. -I/home/evgeniy/MPI-PI_Monte_Karlo/build/gsl_build/src/gsl_external/gsl-2.8 -g -O2 -MT wkurtosis.lo -MD -MP -MF .deps/wkurtosis.Tpo -c /home/evgeniy/MPI-PI_Monte_Karlo/build/gsl_build/src/gsl_external/gsl-2.8/statistics/wkurtosis.c -o wkurtosis.o
libtool: link: ar cr .libs/libgslstatistics.a  mean.o variance.o absdev.o skew.o kurtosis.o lag1.o p_variance.o minmax.o ttest.o mad.o median.o covariance.o quantiles.o select.o Sn.o Qn.o gastwirth.o trmean.o wmean.o wvariance.o wabsdev.o wskew.o wkurtosis.o
libtool: link: ranlib .libs/libgslstatistics.a
libtool: link: ( cd ".libs" && rm -f "libgslstatistics.la" && ln -s "../libgslstatistics.la" "libgslstatistics.la" )
Making all in siman
libtool: compile:  /usr/bin/cc -DHAVE_CONFIG_H -I. -I/home/evgeniy/MPI-PI_Monte_Karlo/build/gsl_build/src/gsl_external/gsl-2.8/siman -I.. -I/home/evgeniy/MPI-PI_Monte_Karlo/build/gsl_build/src/gsl_external/gsl-2.8 -g -O2 -MT siman.lo -MD -MP -MF .deps/siman.Tpo -c /home/evgeniy/MPI-PI_Monte_Karlo/build/gsl_build/src/gsl_external/gsl-2.8/siman/siman.c -o siman.o
libtool: link: ar cr .libs/libgslsiman.a  siman.o
libtool: link: ranlib .libs/libgslsiman.a
libtool: link: ( cd ".libs" && rm -f "libgslsiman.la" && ln -s "../libgslsiman.la" "libgslsiman.la" )
libtool: link: /usr/bin/cc -g -O2 -o siman_tsp siman_tsp.o  ./.libs/libgslsiman.a ../rng/.libs/libgslrng.a ../ieee-utils/.libs/libgslieeeutils.a ../err/.libs/libgslerr.a ../sys/.libs/libgslsys.a ../utils/.libs/libutils.a -lm
Making all in sum
libtool: compile:  /usr/bin/cc -DHAVE_CONFIG_H -I. -I/home/evgeniy/MPI-PI_Monte_Karlo/build/gsl_build/src/gsl_external/gsl-2.8/sum -I.. -I/home/evgeniy/MPI-PI_Monte_Karlo/build/gsl_build/src/gsl_external/gsl-2.8 -g -O2 -MT levin_u.lo -MD -MP -MF .deps/levin_u.Tpo -c /home/evgeniy/MPI-PI_Monte_Karlo/build/gsl_build/src/gsl_external/gsl-2.8/sum/levin_u.c -o levin_u.o
libtool: compile:  /usr/bin/cc -DHAVE_CONFIG_H -I. -I/home/evgeniy/MPI-PI_Monte_Karlo/build/gsl_build/src/gsl_external/gsl-2.8/sum -I.. -I/home/evgeniy/MPI-PI_Monte_Karlo/build/gsl_build/src/gsl_external/gsl-2.8 -g -O2 -MT levin_utrunc.lo -MD -MP -MF .deps/levin_utrunc.Tpo -c /home/evgeniy/MPI-PI_Monte_Karlo/build/gsl_build/src/gsl_external/gsl-2.8/sum/levin_utrunc.c -o levin_utrunc.o
libtool: compile:  /usr/bin/cc -DHAVE_CONFIG_H -I. -I/home/evgeniy/MPI-PI_Monte_Karlo/build/gsl_build/src/gsl_external/gsl-2.8/sum -I.. -I/home/evgeniy/MPI-PI_Monte_Karlo/build/gsl_build/src/gsl_external/gsl-2.8 -g -O2 -MT work_u.lo -MD -MP -MF .deps/work_u.Tpo -c /home/evgeniy/MPI-PI_Monte_Karlo/build/gsl_build/src/gsl_external/gsl-2.8/sum/work_u.c -o work_u.o
libtool: compile:  /usr/bin/cc -DHAVE_CONFIG_H -I. -I/home/evgeniy/MPI-PI_Monte_Karlo/build/gsl_build/src/gsl_external/gsl-2.8/sum -I.. -I/home/evgeniy/MPI-PI_Monte_Karlo/build/gsl_build/src/gsl_external/gsl-2.8 -g -O2 -MT work_utrunc.lo -MD -MP -MF .deps/work_utrunc.Tpo -c /home/evgeniy/MPI-PI_Monte_Karlo/build/gsl_build/src/gsl_external/gsl-2.8/sum/work_utrunc.c -o work_utrunc.o
libtool: link: ar cr .libs/libgslsum.a  levin_u.o levin_utrunc.o work_u.o work_utrunc.o
libtool: link: ranlib .libs/libgslsum.a
libtool: link: ( cd ".libs" && rm -f "libgslsum.la" && ln -s "../libgslsum.la" "libgslsum.la" )
Making all in integration
libtool: compile:  /usr/bin/cc -DHAVE_CONFIG_H -I. -I/home/evgeniy/MPI-PI_Monte_Karlo/build/gsl_build/src/gsl_external/gsl-2.8/integration -I.. -I/home/evgeniy/MPI-PI_Monte_Karlo/build/gsl_build/src/gsl_external/gsl-2.8 -g -O2 -MT qk15.lo -MD -MP -MF .deps/qk15.Tpo -c /home/evgeniy/MPI-PI_Monte_Karlo/build/gsl_build/src/gsl_external/gsl-2.8/integration/qk15.c -o qk15.o
libtool: compile:  /usr/bin/cc -DHAVE_CONFIG_H -I. -I/home/evgeniy/MPI-PI_Monte_Karlo/build/gsl_build/src/gsl_external/gsl-2.8/integration -I.. -I/home/evgeniy/MPI-PI_Monte_Karlo/build/gsl_build/src/gsl_external/gsl-2.8 -g -O2 -MT qk21.lo -MD -MP -MF .deps/qk21.Tpo -c /home/evgeniy/MPI-PI_Monte_Karlo/build/gsl_build/src/gsl_external/gsl-2.8/integration/qk21.c -o qk21.o
libtool: compile:  /usr/bin/cc -DHAVE_CONFIG_H -I. -I/home/evgeniy/MPI-PI_Monte_Karlo/build/gsl_build/src/gsl_external/gsl-2.8/integration -I.. -I/home/evgeniy/MPI-PI_Monte_Karlo/build/gsl_build/src/gsl_external/gsl-2.8 -g -O2 -MT qk31.lo -MD -MP -MF .deps/qk31.Tpo -c /home/evgeniy/MPI-PI_Monte_Karlo/build/gsl_build/src/gsl_external/gsl-2.8/integration/qk31.c -o qk31.o
libtool: compile:  /usr/bin/cc -DHAVE_CONFIG_H -I. -I/home/evgeniy/MPI-PI_Monte_Karlo/build/gsl_build/src/gsl_external/gsl-2.8/integration -I.. -I/home/evgeniy/MPI-PI_Monte_Karlo/build/gsl_build/src/gsl_external/gsl-2.8 -g -O2 -MT qk41.lo -MD -MP -MF .deps/qk41.Tpo -c /home/evgeniy/MPI-PI_Monte_Karlo/build/gsl_build/src/gsl_external/gsl-2.8/integration/qk41.c -o qk41.o
libtool: compile:  /usr/bin/cc -DHAVE_CONFIG_H -I. -I/home/evgeniy/MPI-PI_Monte_Karlo/build/gsl_build/src/gsl_external/gsl-2.8/integration -I.. -I/home/evgeniy/MPI-PI_Monte_Karlo/build/gsl_build/src/gsl_external/gsl-2.8 -g -O2 -MT qk51.lo -MD -MP -MF .deps/qk51.Tpo -c /home/evgeniy/MPI-PI_Monte_Karlo/build/gsl_build/src/gsl_external/gsl-2.8/integration/qk51.c -o qk51.o
libtool: compile:  /usr/bin/cc -DHAVE_CONFIG_H -I. -I/home/evgeniy/MPI-PI_Monte_Karlo/build/gsl_build/src/gsl_external/gsl-2.8/integration -I.. -I/home/evgeniy/MPI-PI_Monte_Karlo/build/gsl_build/src/gsl_external/gsl-2.8 -g -O2 -MT qk61.lo -MD -MP -MF .deps/qk61.Tpo -c /home/evgeniy/MPI-PI_Monte_Karlo/build/gsl_build/src/gsl_external/gsl-2.8/integration/qk61.c -o qk61.o
libtool: compile:  /usr/bin/cc -DHAVE_CONFIG_H -I. -I/home/evgeniy/MPI-PI_Monte_Karlo/build/gsl_build/src/gsl_external/gsl-2.8/integration -I.. -I/home/evgeniy/MPI-PI_Monte_Karlo/build/gsl_build/src/gsl_external/gsl-2.8 -g -O2 -MT qk.lo -MD -MP -MF .deps/qk.Tpo -c /home/evgeniy/MPI-PI_Monte_Karlo/build/gsl_build/src/gsl_external/gsl-2.8/integration/qk.c -o qk.o
libtool: compile:  /usr/bin/cc -DHAVE_CONFIG_H -I. -I/home/evgeniy/MPI-PI_Monte_Karlo/build/gsl_build/src/gsl_external/gsl-2.8/integration -I.. -I/home/evgeniy/MPI-PI_Monte_Karlo/build/gsl_build/src/gsl_external/gsl-2.8 -g -O2 -MT qng.lo -MD -MP -MF .deps/qng.Tpo -c /home/evgeniy/MPI-PI_Monte_Karlo/build/gsl_build/src/gsl_external/gsl-2.8/integration/qng.c -o qng.o
libtool: compile:  /usr/bin/cc -DHAVE_CONFIG_H -I. -I/home/evgeniy/MPI-PI_Monte_Karlo/build/gsl_build/src/gsl_external/gsl-2.8/integration -I.. -I/home/evgeniy/MPI-PI_Monte_Karlo/build/gsl_build/src/gsl_external/gsl-2.8 -g -O2 -MT qag.lo -MD -MP -MF .deps/qag.Tpo -c /home/evgeniy/MPI-PI_Monte_Karlo/build/gsl_build/src/gsl_external/gsl-2.8/integration/qag.c -o qag.o
libtool: compile:  /usr/bin/cc -DHAVE_CONFIG_H -I. -I/home/evgeniy/MPI-PI_Monte_Karlo/build/gsl_build/src/gsl_external/gsl-2.8/integration -I.. -I/home/evgeniy/MPI-PI_Monte_Karlo/build/gsl_build/src/gsl_external/gsl-2.8 -g -O2 -MT qags.lo -MD -MP -MF .deps/qags.Tpo -c /home/evgeniy/MPI-PI_Monte_Karlo/build/gsl_build/src/gsl_external/gsl-2.8/integration/qags.c -o qags.o
libtool: compile:  /usr/bin/cc -DHAVE_CONFIG_H -I. -I/home/evgeniy/MPI-PI_Monte_Karlo/build/gsl_build/src/gsl_external/gsl-2.8/integration -I.. -I/home/evgeniy/MPI-PI_Monte_Karlo/build/gsl_build/src/gsl_external/gsl-2.8 -g -O2 -MT qagp.lo -MD -MP -MF .deps/qagp.Tpo -c /home/evgeniy/MPI-PI_Monte_Karlo/build/gsl_build/src/gsl_external/gsl-2.8/integration/qagp.c -o qagp.o
libtool: compile:  /usr/bin/cc -DHAVE_CONFIG_H -I. -I/home/evgeniy/MPI-PI_Monte_Karlo/build/gsl_build/src/gsl_external/gsl-2.8/integration -I.. -I/home/evgeniy/MPI-PI_Monte_Karlo/build/gsl_build/src/gsl_external/gsl-2.8 -g -O2 -MT workspace.lo -MD -MP -MF .deps/workspace.Tpo -c /home/evgeniy/MPI-PI_Monte_Karlo/build/gsl_build/src/gsl_external/gsl-2.8/integration/workspace.c -o workspace.o
libtool: compile:  /usr/bin/cc -DHAVE_CONFIG_H -I. -I/home/evgeniy/MPI-PI_Monte_Karlo/build/gsl_build/src/gsl_external/gsl-2.8/integration -I.. -I/home/evgeniy/MPI-PI_Monte_Karlo/build/gsl_build/src/gsl_external/gsl-2.8 -g -O2 -MT qcheb.lo -MD -MP -MF .deps/qcheb.Tpo -c /home/evgeniy/MPI-PI_Monte_Karlo/build/gsl_build/src/gsl_external/gsl-2.8/integration/qcheb.c -o qcheb.o
libtool: compile:  /usr/bin/cc -DHAVE_CONFIG_H -I. -I/home/evgeniy/MPI-PI_Monte_Karlo/build/gsl_build/src/gsl_external/gsl-2.8/integration -I.. -I/home/evgeniy/MPI-PI_Monte_Karlo/build/gsl_build/src/gsl_external/gsl-2.8 -g -O2 -MT qawc.lo -MD -MP -MF .deps/qawc.Tpo -c /home/evgeniy/MPI-PI_Monte_Karlo/build/gsl_build/src/gsl_external/gsl-2.8/integration/qawc.c -o qawc.o
libtool: compile:  /usr/bin/cc -DHAVE_CONFIG_H -I. -I/home/evgeniy/MPI-PI_Monte_Karlo/build/gsl_build/src/gsl_external/gsl-2.8/integration -I.. -I/home/evgeniy/MPI-PI_Monte_Karlo/build/gsl_build/src/gsl_external/gsl-2.8 -g -O2 -MT qmomo.lo -MD -MP -MF .deps/qmomo.Tpo -c /home/evgeniy/MPI-PI_Monte_Karlo/build/gsl_build/src/gsl_external/gsl-2.8/integration/qmomo.c -o qmomo.o
libtool: compile:  /usr/bin/cc -DHAVE_CONFIG_H -I. -I/home/evgeniy/MPI-PI_Monte_Karlo/build/gsl_build/src/gsl_external/gsl-2.8/integration -I.. -I/home/evgeniy/MPI-PI_Monte_Karlo/build/gsl_build/src/gsl_external/gsl-2.8 -g -O2 -MT qaws.lo -MD -MP -MF .deps/qaws.Tpo -c /home/evgeniy/MPI-PI_Monte_Karlo/build/gsl_build/src/gsl_external/gsl-2.8/integration/qaws.c -o qaws.o
libtool: compile:  /usr/bin/cc -DHAVE_CONFIG_H -I. -I/home/evgeniy/MPI-PI_Monte_Karlo/build/gsl_build/src/gsl_external/gsl-2.8/integration -I.. -I/home/evgeniy/MPI-PI_Monte_Karlo/build/gsl_build/src/gsl_external/gsl-2.8 -g -O2 -MT qmomof.lo -MD -MP -MF .deps/qmomof.Tpo -c /home/evgeniy/MPI-PI_Monte_Karlo/build/gsl_build/src/gsl_external/gsl-2.8/integration/qmomof.c -o qmomof.o
libtool: compile:  /usr/bin/cc -DHAVE_CONFIG_H -I. -I/home/evgeniy/MPI-PI_Monte_Karlo/build/gsl_build/src/gsl_external/gsl-2.8/integration -I.. -I/home/evgeniy/MPI-PI_Monte_Karlo/build/gsl_build/src/gsl_external/gsl-2.8 -g -O2 -MT qawo.lo -MD -MP -MF .deps/qawo.Tpo -c /home/evgeniy/MPI-PI_Monte_Karlo/build/gsl_build/src/gsl_external/gsl-2.8/integration/qawo.c -o qawo.o
libtool: compile:  /usr/bin/cc -DHAVE_CONFIG_H -I. -I/home/evgeniy/MPI-PI_Monte_Karlo/build/gsl_build/src/gsl_external/gsl-2.8/integration -I.. -I/home/evgeniy/MPI-PI_Monte_Karlo/build/gsl_build/src/gsl_external/gsl-2.8 -g -O2 -MT qawf.lo -MD -MP -MF .deps/qawf.Tpo -c /home/evgeniy/MPI-PI_Monte_Karlo/build/gsl_build/src/gsl_external/gsl-2.8/integration/qawf.c -o qawf.o
libtool: compile:  /usr/bin/cc -DHAVE_CONFIG_H -I. -I/home/evgeniy/MPI-PI_Monte_Karlo/build/gsl_build/src/gsl_external/gsl-2.8/integration -I.. -I/home/evgeniy/MPI-PI_Monte_Karlo/build/gsl_build/src/gsl_external/gsl-2.8 -g -O2 -MT glfixed.lo -MD -MP -MF .deps/glfixed.Tpo -c /home/evgeniy/MPI-PI_Monte_Karlo/build/gsl_build/src/gsl_external/gsl-2.8/integration/glfixed.c -o glfixed.o
libtool: compile:  /usr/bin/cc -DHAVE_CONFIG_H -I. -I/home/evgeniy/MPI-PI_Monte_Karlo/build/gsl_build/src/gsl_external/gsl-2.8/integration -I.. -I/home/evgeniy/MPI-PI_Monte_Karlo/build/gsl_build/src/gsl_external/gsl-2.8 -g -O2 -MT cquad.lo -MD -MP -MF .deps/cquad.Tpo -c /home/evgeniy/MPI-PI_Monte_Karlo/build/gsl_build/src/gsl_external/gsl-2.8/integration/cquad.c -o cquad.o
libtool: compile:  /usr/bin/cc -DHAVE_CONFIG_H -I. -I/home/evgeniy/MPI-PI_Monte_Karlo/build/gsl_build/src/gsl_external/gsl-2.8/integration -I.. -I/home/evgeniy/MPI-PI_Monte_Karlo/build/gsl_build/src/gsl_external/gsl-2.8 -g -O2 -MT fixed.lo -MD -MP -MF .deps/fixed.Tpo -c /home/evgeniy/MPI-PI_Monte_Karlo/build/gsl_build/src/gsl_external/gsl-2.8/integration/fixed.c -o fixed.o
libtool: compile:  /usr/bin/cc -DHAVE_CONFIG_H -I. -I/home/evgeniy/MPI-PI_Monte_Karlo/build/gsl_build/src/gsl_external/gsl-2.8/integration -I.. -I/home/evgeniy/MPI-PI_Monte_Karlo/build/gsl_build/src/gsl_external/gsl-2.8 -g -O2 -MT chebyshev.lo -MD -MP -MF .deps/chebyshev.Tpo -c /home/evgeniy/MPI-PI_Monte_Karlo/build/gsl_build/src/gsl_external/gsl-2.8/integration/chebyshev.c -o chebyshev.o
libtool: compile:  /usr/bin/cc -DHAVE_CONFIG_H -I. -I/home/evgeniy/MPI-PI_Monte_Karlo/build/gsl_build/src/gsl_external/gsl-2.8/integration -I.. -I/home/evgeniy/MPI-PI_Monte_Karlo/build/gsl_build/src/gsl_external/gsl-2.8 -g -O2 -MT chebyshev2.lo -MD -MP -MF .deps/chebyshev2.Tpo -c /home/evgeniy/MPI-PI_Monte_Karlo/build/gsl_build/src/gsl_external/gsl-2.8/integration/chebyshev2.c -o chebyshev2.o
libtool: compile:  /usr/bin/cc -DHAVE_CONFIG_H -I. -I/home/evgeniy/MPI-PI_Monte_Karlo/build/gsl_build/src/gsl_external/gsl-2.8/integration -I.. -I/home/evgeniy/MPI-PI_Monte_Karlo/build/gsl_build/src/gsl_external/gsl-2.8 -g -O2 -MT legendre.lo -MD -MP -MF .deps/legendre.Tpo -c /home/evgeniy/MPI-PI_Monte_Karlo/build/gsl_build/src/gsl_external/gsl-2.8/integration/legendre.c -o legendre.o
libtool: compile:  /usr/bin/cc -DHAVE_CONFIG_H -I. -I/home/evgeniy/MPI-PI_Monte_Karlo/build/gsl_build/src/gsl_external/gsl-2.8/integration -I.. -I/home/evgeniy/MPI-PI_Monte_Karlo/build/gsl_build/src/gsl_external/gsl-2.8 -g -O2 -MT hermite.lo -MD -MP -MF .deps/hermite.Tpo -c /home/evgeniy/MPI-PI_Monte_Karlo/build/gsl_build/src/gsl_external/gsl-2.8/integration/hermite.c -o hermite.o
libtool: compile:  /usr/bin/cc -DHAVE_CONFIG_H -I. -I/home/evgeniy/MPI-PI_Monte_Karlo/build/gsl_build/src/gsl_external/gsl-2.8/integration -I.. -I/home/evgeniy/MPI-PI_Monte_Karlo/build/gsl_build/src/gsl_external/gsl-2.8 -g -O2 -MT laguerre.lo -MD -MP -MF .deps/laguerre.Tpo -c /home/evgeniy/MPI-PI_Monte_Karlo/build/gsl_build/src/gsl_external/gsl-2.8/integration/laguerre.c -o laguerre.o
libtool: compile:  /usr/bin/cc -DHAVE_CONFIG_H -I. -I/home/evgeniy/MPI-PI_Monte_Karlo/build/gsl_build/src/gsl_external/gsl-2.8/integration -I.. -I/home/evgeniy/MPI-PI_Monte_Karlo/build/gsl_build/src/gsl_external/gsl-2.8 -g -O2 -MT gegenbauer.lo -MD -MP -MF .deps/gegenbauer.Tpo -c /home/evgeniy/MPI-PI_Monte_Karlo/build/gsl_build/src/gsl_external/gsl-2.8/integration/gegenbauer.c -o gegenbauer.o
libtool: compile:  /usr/bin/cc -DHAVE_CONFIG_H -I. -I/home/evgeniy/MPI-PI_Monte_Karlo/build/gsl_build/src/gsl_external/gsl-2.8/integration -I.. -I/home/evgeniy/MPI-PI_Monte_Karlo/build/gsl_build/src/gsl_external/gsl-2.8 -g -O2 -MT jacobi.lo -MD -MP -MF .deps/jacobi.Tpo -c /home/evgeniy/MPI-PI_Monte_Karlo/build/gsl_build/src/gsl_external/gsl-2.8/integration/jacobi.c -o jacobi.o
libtool: compile:  /usr/bin/cc -DHAVE_CONFIG_H -I. -I/home/evgeniy/MPI-PI_Monte_Karlo/build/gsl_build/src/gsl_external/gsl-2.8/integration -I.. -I/home/evgeniy/MPI-PI_Monte_Karlo/build/gsl_build/src/gsl_external/gsl-2.8 -g -O2 -MT exponential.lo -MD -MP -MF .deps/exponential.Tpo -c /home/evgeniy/MPI-PI_Monte_Karlo/build/gsl_build/src/gsl_external/gsl-2.8/integration/exponential.c -o exponential.o
libtool: compile:  /usr/bin/cc -DHAVE_CONFIG_H -I. -I/home/evgeniy/MPI-PI_Monte_Karlo/build/gsl_build/src/gsl_external/gsl-2.8/integration -I.. -I/home/evgeniy/MPI-PI_Monte_Karlo/build/gsl_build/src/gsl_external/gsl-2.8 -g -O2 -MT lebedev.lo -MD -MP -MF .deps/lebedev.Tpo -c /home/evgeniy/MPI-PI_Monte_Karlo/build/gsl_build/src/gsl_external/gsl-2.8/integration/lebedev.c -o lebedev.o
libtool: compile:  /usr/bin/cc -DHAVE_CONFIG_H -I. -I/home/evgeniy/MPI-PI_Monte_Karlo/build/gsl_build/src/gsl_external/gsl-2.8/integration -I.. -I/home/evgeniy/MPI-PI_Monte_Karlo/build/gsl_build/src/gsl_external/gsl-2.8 -g -O2 -MT rational.lo -MD -MP -MF .deps/rational.Tpo -c /home/evgeniy/MPI-PI_Monte_Karlo/build/gsl_build/src/gsl_external/gsl-2.8/integration/rational.c -o rational.o
libtool: compile:  /usr/bin/cc -DHAVE_CONFIG_H -I. -I/home/evgeniy/MPI-PI_Monte_Karlo/build/gsl_build/src/gsl_external/gsl-2.8/integration -I.. -I/home/evgeniy/MPI-PI_Monte_Karlo/build/gsl_build/src/gsl_external/gsl-2.8 -g -O2 -MT romberg.lo -MD -MP -MF .deps/romberg.Tpo -c /home/evgeniy/MPI-PI_Monte_Karlo/build/gsl_build/src/gsl_external/gsl-2.8/integration/romberg.c -o romberg.o
libtool: link: ar cr .libs/libgslintegration.a  qk15.o qk21.o qk31.o qk41.o qk51.o qk61.o qk.o qng.o qag.o qags.o qagp.o workspace.o qcheb.o qawc.o qmomo.o qaws.o qmomof.o qawo.o qawf.o glfixed.o cquad.o fixed.o chebyshev.o chebyshev2.o legendre.o hermite.o laguerre.o gegenbauer.o jacobi.o exponential.o lebedev.o rational.o romberg.o
libtool: link: ranlib .libs/libgslintegration.a
libtool: link: ( cd ".libs" && rm -f "libgslintegration.la" && ln -s "../libgslintegration.la" "libgslintegration.la" )
Making all in interpolation
libtool: compile:  /usr/bin/cc -DHAVE_CONFIG_H -I. -I/home/evgeniy/MPI-PI_Monte_Karlo/build/gsl_build/src/gsl_external/gsl-2.8/interpolation -I.. -I/home/evgeniy/MPI-PI_Monte_Karlo/build/gsl_build/src/gsl_external/gsl-2.8 -g -O2 -MT accel.lo -MD -MP -MF .deps/accel.Tpo -c /home/evgeniy/MPI-PI_Monte_Karlo/build/gsl_build/src/gsl_external/gsl-2.8/interpolation/accel.c -o accel.o
libtool: compile:  /usr/bin/cc -DHAVE_CONFIG_H -I. -I/home/evgeniy/MPI-PI_Monte_Karlo/build/gsl_build/src/gsl_external/gsl-2.8/interpolation -I.. -I/home/evgeniy/MPI-PI_Monte_Karlo/build/gsl_build/src/gsl_external/gsl-2.8 -g -O2 -MT akima.lo -MD -MP -MF .deps/akima.Tpo -c /home/evgeniy/MPI-PI_Monte_Karlo/build/gsl_build/src/gsl_external/gsl-2.8/interpolation/akima.c -o akima.o
libtool: compile:  /usr/bin/cc -DHAVE_CONFIG_H -I. -I/home/evgeniy/MPI-PI_Monte_Karlo/build/gsl_build/src/gsl_external/gsl-2.8/interpolation -I.. -I/home/evgeniy/MPI-PI_Monte_Karlo/build/gsl_build/src/gsl_external/gsl-2.8 -g -O2 -MT cspline.lo -MD -MP -MF .deps/cspline.Tpo -c /home/evgeniy/MPI-PI_Monte_Karlo/build/gsl_build/src/gsl_external/gsl-2.8/interpolation/cspline.c -o cspline.o
libtool: compile:  /usr/bin/cc -DHAVE_CONFIG_H -I. -I/home/evgeniy/MPI-PI_Monte_Karlo/build/gsl_build/src/gsl_external/gsl-2.8/interpolation -I.. -I/home/evgeniy/MPI-PI_Monte_Karlo/build/gsl_build/src/gsl_external/gsl-2.8 -g -O2 -MT interp.lo -MD -MP -MF .deps/interp.Tpo -c /home/evgeniy/MPI-PI_Monte_Karlo/build/gsl_build/src/gsl_external/gsl-2.8/interpolation/interp.c -o interp.o
libtool: compile:  /usr/bin/cc -DHAVE_CONFIG_H -I. -I/home/evgeniy/MPI-PI_Monte_Karlo/build/gsl_build/src/gsl_external/gsl-2.8/interpolation -I.. -I/home/evgeniy/MPI-PI_Monte_Karlo/build/gsl_build/src/gsl_external/gsl-2.8 -g -O2 -MT linear.lo -MD -MP -MF .deps/linear.Tpo -c /home/evgeniy/MPI-PI_Monte_Karlo/build/gsl_build/src/gsl_external/gsl-2.8/interpolation/linear.c -o linear.o
libtool: compile:  /usr/bin/cc -DHAVE_CONFIG_H -I. -I/home/evgeniy/MPI-PI_Monte_Karlo/build/gsl_build/src/gsl_external/gsl-2.8/interpolation -I.. -I/home/evgeniy/MPI-PI_Monte_Karlo/build/gsl_build/src/gsl_external/gsl-2.8 -g -O2 -MT spline.lo -MD -MP -MF .deps/spline.Tpo -c /home/evgeniy/MPI-PI_Monte_Karlo/build/gsl_build/src/gsl_external/gsl-2.8/interpolation/spline.c -o spline.o
libtool: compile:  /usr/bin/cc -DHAVE_CONFIG_H -I. -I/home/evgeniy/MPI-PI_Monte_Karlo/build/gsl_build/src/gsl_external/gsl-2.8/interpolation -I.. -I/home/evgeniy/MPI-PI_Monte_Karlo/build/gsl_build/src/gsl_external/gsl-2.8 -g -O2 -MT poly.lo -MD -MP -MF .deps/poly.Tpo -c /home/evgeniy/MPI-PI_Monte_Karlo/build/gsl_build/src/gsl_external/gsl-2.8/interpolation/poly.c -o poly.o
libtool: compile:  /usr/bin/cc -DHAVE_CONFIG_H -I. -I/home/evgeniy/MPI-PI_Monte_Karlo/build/gsl_build/src/gsl_external/gsl-2.8/interpolation -I.. -I/home/evgeniy/MPI-PI_Monte_Karlo/build/gsl_build/src/gsl_external/gsl-2.8 -g -O2 -MT steffen.lo -MD -MP -MF .deps/steffen.Tpo -c /home/evgeniy/MPI-PI_Monte_Karlo/build/gsl_build/src/gsl_external/gsl-2.8/interpolation/steffen.c -o steffen.o
libtool: compile:  /usr/bin/cc -DHAVE_CONFIG_H -I. -I/home/evgeniy/MPI-PI_Monte_Karlo/build/gsl_build/src/gsl_external/gsl-2.8/interpolation -I.. -I/home/evgeniy/MPI-PI_Monte_Karlo/build/gsl_build/src/gsl_external/gsl-2.8 -g -O2 -MT inline.lo -MD -MP -MF .deps/inline.Tpo -c /home/evgeniy/MPI-PI_Monte_Karlo/build/gsl_build/src/gsl_external/gsl-2.8/interpolation/inline.c -o inline.o
libtool: compile:  /usr/bin/cc -DHAVE_CONFIG_H -I. -I/home/evgeniy/MPI-PI_Monte_Karlo/build/gsl_build/src/gsl_external/gsl-2.8/interpolation -I.. -I/home/evgeniy/MPI-PI_Monte_Karlo/build/gsl_build/src/gsl_external/gsl-2.8 -g -O2 -MT interp2d.lo -MD -MP -MF .deps/interp2d.Tpo -c /home/evgeniy/MPI-PI_Monte_Karlo/build/gsl_build/src/gsl_external/gsl-2.8/interpolation/interp2d.c -o interp2d.o
libtool: compile:  /usr/bin/cc -DHAVE_CONFIG_H -I. -I/home/evgeniy/MPI-PI_Monte_Karlo/build/gsl_build/src/gsl_external/gsl-2.8/interpolation -I.. -I/home/evgeniy/MPI-PI_Monte_Karlo/build/gsl_build/src/gsl_external/gsl-2.8 -g -O2 -MT bilinear.lo -MD -MP -MF .deps/bilinear.Tpo -c /home/evgeniy/MPI-PI_Monte_Karlo/build/gsl_build/src/gsl_external/gsl-2.8/interpolation/bilinear.c -o bilinear.o
libtool: compile:  /usr/bin/cc -DHAVE_CONFIG_H -I. -I/home/evgeniy/MPI-PI_Monte_Karlo/build/gsl_build/src/gsl_external/gsl-2.8/interpolation -I.. -I/home/evgeniy/MPI-PI_Monte_Karlo/build/gsl_build/src/gsl_external/gsl-2.8 -g -O2 -MT bicubic.lo -MD -MP -MF .deps/bicubic.Tpo -c /home/evgeniy/MPI-PI_Monte_Karlo/build/gsl_build/src/gsl_external/gsl-2.8/interpolation/bicubic.c -o bicubic.o
libtool: compile:  /usr/bin/cc -DHAVE_CONFIG_H -I. -I/home/evgeniy/MPI-PI_Monte_Karlo/build/gsl_build/src/gsl_external/gsl-2.8/interpolation -I.. -I/home/evgeniy/MPI-PI_Monte_Karlo/build/gsl_build/src/gsl_external/gsl-2.8 -g -O2 -MT spline2d.lo -MD -MP -MF .deps/spline2d.Tpo -c /home/evgeniy/MPI-PI_Monte_Karlo/build/gsl_build/src/gsl_external/gsl-2.8/interpolation/spline2d.c -o spline2d.o
libtool: link: ar cr .libs/libgslinterpolation.a  accel.o akima.o cspline.o interp.o linear.o spline.o poly.o steffen.o inline.o interp2d.o bilinear.o bicubic.o spline2d.o
libtool: link: ranlib .libs/libgslinterpolation.a
libtool: link: ( cd ".libs" && rm -f "libgslinterpolation.la" && ln -s "../libgslinterpolation.la" "libgslinterpolation.la" )
Making all in histogram
libtool: compile:  /usr/bin/cc -DHAVE_CONFIG_H -I. -I/home/evgeniy/MPI-PI_Monte_Karlo/build/gsl_build/src/gsl_external/gsl-2.8/histogram -I.. -I/home/evgeniy/MPI-PI_Monte_Karlo/build/gsl_build/src/gsl_external/gsl-2.8 -g -O2 -MT add.lo -MD -MP -MF .deps/add.Tpo -c /home/evgeniy/MPI-PI_Monte_Karlo/build/gsl_build/src/gsl_external/gsl-2.8/histogram/add.c -o add.o
libtool: compile:  /usr/bin/cc -DHAVE_CONFIG_H -I. -I/home/evgeniy/MPI-PI_Monte_Karlo/build/gsl_build/src/gsl_external/gsl-2.8/histogram -I.. -I/home/evgeniy/MPI-PI_Monte_Karlo/build/gsl_build/src/gsl_external/gsl-2.8 -g -O2 -MT get.lo -MD -MP -MF .deps/get.Tpo -c /home/evgeniy/MPI-PI_Monte_Karlo/build/gsl_build/src/gsl_external/gsl-2.8/histogram/get.c -o get.o
libtool: compile:  /usr/bin/cc -DHAVE_CONFIG_H -I. -I/home/evgeniy/MPI-PI_Monte_Karlo/build/gsl_build/src/gsl_external/gsl-2.8/histogram -I.. -I/home/evgeniy/MPI-PI_Monte_Karlo/build/gsl_build/src/gsl_external/gsl-2.8 -g -O2 -MT init.lo -MD -MP -MF .deps/init.Tpo -c /home/evgeniy/MPI-PI_Monte_Karlo/build/gsl_build/src/gsl_external/gsl-2.8/histogram/init.c -o init.o
libtool: compile:  /usr/bin/cc -DHAVE_CONFIG_H -I. -I/home/evgeniy/MPI-PI_Monte_Karlo/build/gsl_build/src/gsl_external/gsl-2.8/histogram -I.. -I/home/evgeniy/MPI-PI_Monte_Karlo/build/gsl_build/src/gsl_external/gsl-2.8 -g -O2 -MT params.lo -MD -MP -MF .deps/params.Tpo -c /home/evgeniy/MPI-PI_Monte_Karlo/build/gsl_build/src/gsl_external/gsl-2.8/histogram/params.c -o params.o
libtool: compile:  /usr/bin/cc -DHAVE_CONFIG_H -I. -I/home/evgeniy/MPI-PI_Monte_Karlo/build/gsl_build/src/gsl_external/gsl-2.8/histogram -I.. -I/home/evgeniy/MPI-PI_Monte_Karlo/build/gsl_build/src/gsl_external/gsl-2.8 -g -O2 -MT reset.lo -MD -MP -MF .deps/reset.Tpo -c /home/evgeniy/MPI-PI_Monte_Karlo/build/gsl_build/src/gsl_external/gsl-2.8/histogram/reset.c -o reset.o
libtool: compile:  /usr/bin/cc -DHAVE_CONFIG_H -I. -I/home/evgeniy/MPI-PI_Monte_Karlo/build/gsl_build/src/gsl_external/gsl-2.8/histogram -I.. -I/home/evgeniy/MPI-PI_Monte_Karlo/build/gsl_build/src/gsl_external/gsl-2.8 -g -O2 -MT file.lo -MD -MP -MF .deps/file.Tpo -c /home/evgeniy/MPI-PI_Monte_Karlo/build/gsl_build/src/gsl_external/gsl-2.8/histogram/file.c -o file.o
libtool: compile:  /usr/bin/cc -DHAVE_CONFIG_H -I. -I/home/evgeniy/MPI-PI_Monte_Karlo/build/gsl_build/src/gsl_external/gsl-2.8/histogram -I.. -I/home/evgeniy/MPI-PI_Monte_Karlo/build/gsl_build/src/gsl_external/gsl-2.8 -g -O2 -MT pdf.lo -MD -MP -MF .deps/pdf.Tpo -c /home/evgeniy/MPI-PI_Monte_Karlo/build/gsl_build/src/gsl_external/gsl-2.8/histogram/pdf.c -o pdf.o
libtool: compile:  /usr/bin/cc -DHAVE_CONFIG_H -I. -I/home/evgeniy/MPI-PI_Monte_Karlo/build/gsl_build/src/gsl_external/gsl-2.8/histogram -I.. -I/home/evgeniy/MPI-PI_Monte_Karlo/build/gsl_build/src/gsl_external/gsl-2.8 -g -O2 -MT add2d.lo -MD -MP -MF .deps/add2d.Tpo -c /home/evgeniy/MPI-PI_Monte_Karlo/build/gsl_build/src/gsl_external/gsl-2.8/histogram/add2d.c -o add2d.o
libtool: compile:  /usr/bin/cc -DHAVE_CONFIG_H -I. -I/home/evgeniy/MPI-PI_Monte_Karlo/build/gsl_build/src/gsl_external/gsl-2.8/histogram -I.. -I/home/evgeniy/MPI-PI_Monte_Karlo/build/gsl_build/src/gsl_external/gsl-2.8 -g -O2 -MT get2d.lo -MD -MP -MF .deps/get2d.Tpo -c /home/evgeniy/MPI-PI_Monte_Karlo/build/gsl_build/src/gsl_external/gsl-2.8/histogram/get2d.c -o get2d.o
libtool: compile:  /usr/bin/cc -DHAVE_CONFIG_H -I. -I/home/evgeniy/MPI-PI_Monte_Karlo/build/gsl_build/src/gsl_external/gsl-2.8/histogram -I.. -I/home/evgeniy/MPI-PI_Monte_Karlo/build/gsl_build/src/gsl_external/gsl-2.8 -g -O2 -MT init2d.lo -MD -MP -MF .deps/init2d.Tpo -c /home/evgeniy/MPI-PI_Monte_Karlo/build/gsl_build/src/gsl_external/gsl-2.8/histogram/init2d.c -o init2d.o
libtool: compile:  /usr/bin/cc -DHAVE_CONFIG_H -I. -I/home/evgeniy/MPI-PI_Monte_Karlo/build/gsl_build/src/gsl_external/gsl-2.8/histogram -I.. -I/home/evgeniy/MPI-PI_Monte_Karlo/build/gsl_build/src/gsl_external/gsl-2.8 -g -O2 -MT params2d.lo -MD -MP -MF .deps/params2d.Tpo -c /home/evgeniy/MPI-PI_Monte_Karlo/build/gsl_build/src/gsl_external/gsl-2.8/histogram/params2d.c -o params2d.o
libtool: compile:  /usr/bin/cc -DHAVE_CONFIG_H -I. -I/home/evgeniy/MPI-PI_Monte_Karlo/build/gsl_build/src/gsl_external/gsl-2.8/histogram -I.. -I/home/evgeniy/MPI-PI_Monte_Karlo/build/gsl_build/src/gsl_external/gsl-2.8 -g -O2 -MT reset2d.lo -MD -MP -MF .deps/reset2d.Tpo -c /home/evgeniy/MPI-PI_Monte_Karlo/build/gsl_build/src/gsl_external/gsl-2.8/histogram/reset2d.c -o reset2d.o
libtool: compile:  /usr/bin/cc -DHAVE_CONFIG_H -I. -I/home/evgeniy/MPI-PI_Monte_Karlo/build/gsl_build/src/gsl_external/gsl-2.8/histogram -I.. -I/home/evgeniy/MPI-PI_Monte_Karlo/build/gsl_build/src/gsl_external/gsl-2.8 -g -O2 -MT file2d.lo -MD -MP -MF .deps/file2d.Tpo -c /home/evgeniy/MPI-PI_Monte_Karlo/build/gsl_build/src/gsl_external/gsl-2.8/histogram/file2d.c -o file2d.o
libtool: compile:  /usr/bin/cc -DHAVE_CONFIG_H -I. -I/home/evgeniy/MPI-PI_Monte_Karlo/build/gsl_build/src/gsl_external/gsl-2.8/histogram -I.. -I/home/evgeniy/MPI-PI_Monte_Karlo/build/gsl_build/src/gsl_external/gsl-2.8 -g -O2 -MT pdf2d.lo -MD -MP -MF .deps/pdf2d.Tpo -c /home/evgeniy/MPI-PI_Monte_Karlo/build/gsl_build/src/gsl_external/gsl-2.8/histogram/pdf2d.c -o pdf2d.o
libtool: compile:  /usr/bin/cc -DHAVE_CONFIG_H -I. -I/home/evgeniy/MPI-PI_Monte_Karlo/build/gsl_build/src/gsl_external/gsl-2.8/histogram -I.. -I/home/evgeniy/MPI-PI_Monte_Karlo/build/gsl_build/src/gsl_external/gsl-2.8 -g -O2 -MT calloc_range.lo -MD -MP -MF .deps/calloc_range.Tpo -c /home/evgeniy/MPI-PI_Monte_Karlo/build/gsl_build/src/gsl_external/gsl-2.8/histogram/calloc_range.c -o calloc_range.o
libtool: compile:  /usr/bin/cc -DHAVE_CONFIG_H -I. -I/home/evgeniy/MPI-PI_Monte_Karlo/build/gsl_build/src/gsl_external/gsl-2.8/histogram -I.. -I/home/evgeniy/MPI-PI_Monte_Karlo/build/gsl_build/src/gsl_external/gsl-2.8 -g -O2 -MT calloc_range2d.lo -MD -MP -MF .deps/calloc_range2d.Tpo -c /home/evgeniy/MPI-PI_Monte_Karlo/build/gsl_build/src/gsl_external/gsl-2.8/histogram/calloc_range2d.c -o calloc_range2d.o
libtool: compile:  /usr/bin/cc -DHAVE_CONFIG_H -I. -I/home/evgeniy/MPI-PI_Monte_Karlo/build/gsl_build/src/gsl_external/gsl-2.8/histogram -I.. -I/home/evgeniy/MPI-PI_Monte_Karlo/build/gsl_build/src/gsl_external/gsl-2.8 -g -O2 -MT copy.lo -MD -MP -MF .deps/copy.Tpo -c /home/evgeniy/MPI-PI_Monte_Karlo/build/gsl_build/src/gsl_external/gsl-2.8/histogram/copy.c -o copy.o
libtool: compile:  /usr/bin/cc -DHAVE_CONFIG_H -I. -I/home/evgeniy/MPI-PI_Monte_Karlo/build/gsl_build/src/gsl_external/gsl-2.8/histogram -I.. -I/home/evgeniy/MPI-PI_Monte_Karlo/build/gsl_build/src/gsl_external/gsl-2.8 -g -O2 -MT copy2d.lo -MD -MP -MF .deps/copy2d.Tpo -c /home/evgeniy/MPI-PI_Monte_Karlo/build/gsl_build/src/gsl_external/gsl-2.8/histogram/copy2d.c -o copy2d.o
libtool: compile:  /usr/bin/cc -DHAVE_CONFIG_H -I. -I/home/evgeniy/MPI-PI_Monte_Karlo/build/gsl_build/src/gsl_external/gsl-2.8/histogram -I.. -I/home/evgeniy/MPI-PI_Monte_Karlo/build/gsl_build/src/gsl_external/gsl-2.8 -g -O2 -MT maxval.lo -MD -MP -MF .deps/maxval.Tpo -c /home/evgeniy/MPI-PI_Monte_Karlo/build/gsl_build/src/gsl_external/gsl-2.8/histogram/maxval.c -o maxval.o
libtool: compile:  /usr/bin/cc -DHAVE_CONFIG_H -I. -I/home/evgeniy/MPI-PI_Monte_Karlo/build/gsl_build/src/gsl_external/gsl-2.8/histogram -I.. -I/home/evgeniy/MPI-PI_Monte_Karlo/build/gsl_build/src/gsl_external/gsl-2.8 -g -O2 -MT maxval2d.lo -MD -MP -MF .deps/maxval2d.Tpo -c /home/evgeniy/MPI-PI_Monte_Karlo/build/gsl_build/src/gsl_external/gsl-2.8/histogram/maxval2d.c -o maxval2d.o
libtool: compile:  /usr/bin/cc -DHAVE_CONFIG_H -I. -I/home/evgeniy/MPI-PI_Monte_Karlo/build/gsl_build/src/gsl_external/gsl-2.8/histogram -I.. -I/home/evgeniy/MPI-PI_Monte_Karlo/build/gsl_build/src/gsl_external/gsl-2.8 -g -O2 -MT oper.lo -MD -MP -MF .deps/oper.Tpo -c /home/evgeniy/MPI-PI_Monte_Karlo/build/gsl_build/src/gsl_external/gsl-2.8/histogram/oper.c -o oper.o
libtool: compile:  /usr/bin/cc -DHAVE_CONFIG_H -I. -I/home/evgeniy/MPI-PI_Monte_Karlo/build/gsl_build/src/gsl_external/gsl-2.8/histogram -I.. -I/home/evgeniy/MPI-PI_Monte_Karlo/build/gsl_build/src/gsl_external/gsl-2.8 -g -O2 -MT oper2d.lo -MD -MP -MF .deps/oper2d.Tpo -c /home/evgeniy/MPI-PI_Monte_Karlo/build/gsl_build/src/gsl_external/gsl-2.8/histogram/oper2d.c -o oper2d.o
libtool: compile:  /usr/bin/cc -DHAVE_CONFIG_H -I. -I/home/evgeniy/MPI-PI_Monte_Karlo/build/gsl_build/src/gsl_external/gsl-2.8/histogram -I.. -I/home/evgeniy/MPI-PI_Monte_Karlo/build/gsl_build/src/gsl_external/gsl-2.8 -g -O2 -MT stat.lo -MD -MP -MF .deps/stat.Tpo -c /home/evgeniy/MPI-PI_Monte_Karlo/build/gsl_build/src/gsl_external/gsl-2.8/histogram/stat.c -o stat.o
libtool: compile:  /usr/bin/cc -DHAVE_CONFIG_H -I. -I/home/evgeniy/MPI-PI_Monte_Karlo/build/gsl_build/src/gsl_external/gsl-2.8/histogram -I.. -I/home/evgeniy/MPI-PI_Monte_Karlo/build/gsl_build/src/gsl_external/gsl-2.8 -g -O2 -MT stat2d.lo -MD -MP -MF .deps/stat2d.Tpo -c /home/evgeniy/MPI-PI_Monte_Karlo/build/gsl_build/src/gsl_external/gsl-2.8/histogram/stat2d.c -o stat2d.o
libtool: link: ar cr .libs/libgslhistogram.a  add.o get.o init.o params.o reset.o file.o pdf.o add2d.o get2d.o init2d.o params2d.o reset2d.o file2d.o pdf2d.o calloc_range.o calloc_range2d.o copy.o copy2d.o maxval.o maxval2d.o oper.o oper2d.o stat.o stat2d.o
libtool: link: ranlib .libs/libgslhistogram.a
libtool: link: ( cd ".libs" && rm -f "libgslhistogram.la" && ln -s "../libgslhistogram.la" "libgslhistogram.la" )
Making all in ode-initval
libtool: compile:  /usr/bin/cc -DHAVE_CONFIG_H -I. -I/home/evgeniy/MPI-PI_Monte_Karlo/build/gsl_build/src/gsl_external/gsl-2.8/ode-initval -I.. -I/home/evgeniy/MPI-PI_Monte_Karlo/build/gsl_build/src/gsl_external/gsl-2.8 -g -O2 -MT control.lo -MD -MP -MF .deps/control.Tpo -c /home/evgeniy/MPI-PI_Monte_Karlo/build/gsl_build/src/gsl_external/gsl-2.8/ode-initval/control.c -o control.o
libtool: compile:  /usr/bin/cc -DHAVE_CONFIG_H -I. -I/home/evgeniy/MPI-PI_Monte_Karlo/build/gsl_build/src/gsl_external/gsl-2.8/ode-initval -I.. -I/home/evgeniy/MPI-PI_Monte_Karlo/build/gsl_build/src/gsl_external/gsl-2.8 -g -O2 -MT cstd.lo -MD -MP -MF .deps/cstd.Tpo -c /home/evgeniy/MPI-PI_Monte_Karlo/build/gsl_build/src/gsl_external/gsl-2.8/ode-initval/cstd.c -o cstd.o
libtool: compile:  /usr/bin/cc -DHAVE_CONFIG_H -I. -I/home/evgeniy/MPI-PI_Monte_Karlo/build/gsl_build/src/gsl_external/gsl-2.8/ode-initval -I.. -I/home/evgeniy/MPI-PI_Monte_Karlo/build/gsl_build/src/gsl_external/gsl-2.8 -g -O2 -MT cscal.lo -MD -MP -MF .deps/cscal.Tpo -c /home/evgeniy/MPI-PI_Monte_Karlo/build/gsl_build/src/gsl_external/gsl-2.8/ode-initval/cscal.c -o cscal.o
libtool: compile:  /usr/bin/cc -DHAVE_CONFIG_H -I. -I/home/evgeniy/MPI-PI_Monte_Karlo/build/gsl_build/src/gsl_external/gsl-2.8/ode-initval -I.. -I/home/evgeniy/MPI-PI_Monte_Karlo/build/gsl_build/src/gsl_external/gsl-2.8 -g -O2 -MT evolve.lo -MD -MP -MF .deps/evolve.Tpo -c /home/evgeniy/MPI-PI_Monte_Karlo/build/gsl_build/src/gsl_external/gsl-2.8/ode-initval/evolve.c -o evolve.o
libtool: compile:  /usr/bin/cc -DHAVE_CONFIG_H -I. -I/home/evgeniy/MPI-PI_Monte_Karlo/build/gsl_build/src/gsl_external/gsl-2.8/ode-initval -I.. -I/home/evgeniy/MPI-PI_Monte_Karlo/build/gsl_build/src/gsl_external/gsl-2.8 -g -O2 -MT step.lo -MD -MP -MF .deps/step.Tpo -c /home/evgeniy/MPI-PI_Monte_Karlo/build/gsl_build/src/gsl_external/gsl-2.8/ode-initval/step.c -o step.o
libtool: compile:  /usr/bin/cc -DHAVE_CONFIG_H -I. -I/home/evgeniy/MPI-PI_Monte_Karlo/build/gsl_build/src/gsl_external/gsl-2.8/ode-initval -I.. -I/home/evgeniy/MPI-PI_Monte_Karlo/build/gsl_build/src/gsl_external/gsl-2.8 -g -O2 -MT rk2.lo -MD -MP -MF .deps/rk2.Tpo -c /home/evgeniy/MPI-PI_Monte_Karlo/build/gsl_build/src/gsl_external/gsl-2.8/ode-initval/rk2.c -o rk2.o
libtool: compile:  /usr/bin/cc -DHAVE_CONFIG_H -I. -I/home/evgeniy/MPI-PI_Monte_Karlo/build/gsl_build/src/gsl_external/gsl-2.8/ode-initval -I.. -I/home/evgeniy/MPI-PI_Monte_Karlo/build/gsl_build/src/gsl_external/gsl-2.8 -g -O2 -MT rk2imp.lo -MD -MP -MF .deps/rk2imp.Tpo -c /home/evgeniy/MPI-PI_Monte_Karlo/build/gsl_build/src/gsl_external/gsl-2.8/ode-initval/rk2imp.c -o rk2imp.o
libtool: compile:  /usr/bin/cc -DHAVE_CONFIG_H -I. -I/home/evgeniy/MPI-PI_Monte_Karlo/build/gsl_build/src/gsl_external/gsl-2.8/ode-initval -I.. -I/home/evgeniy/MPI-PI_Monte_Karlo/build/gsl_build/src/gsl_external/gsl-2.8 -g -O2 -MT rk2simp.lo -MD -MP -MF .deps/rk2simp.Tpo -c /home/evgeniy/MPI-PI_Monte_Karlo/build/gsl_build/src/gsl_external/gsl-2.8/ode-initval/rk2simp.c -o rk2simp.o
libtool: compile:  /usr/bin/cc -DHAVE_CONFIG_H -I. -I/home/evgeniy/MPI-PI_Monte_Karlo/build/gsl_build/src/gsl_external/gsl-2.8/ode-initval -I.. -I/home/evgeniy/MPI-PI_Monte_Karlo/build/gsl_build/src/gsl_external/gsl-2.8 -g -O2 -MT rk4.lo -MD -MP -MF .deps/rk4.Tpo -c /home/evgeniy/MPI-PI_Monte_Karlo/build/gsl_build/src/gsl_external/gsl-2.8/ode-initval/rk4.c -o rk4.o
libtool: compile:  /usr/bin/cc -DHAVE_CONFIG_H -I. -I/home/evgeniy/MPI-PI_Monte_Karlo/build/gsl_build/src/gsl_external/gsl-2.8/ode-initval -I.. -I/home/evgeniy/MPI-PI_Monte_Karlo/build/gsl_build/src/gsl_external/gsl-2.8 -g -O2 -MT rk4imp.lo -MD -MP -MF .deps/rk4imp.Tpo -c /home/evgeniy/MPI-PI_Monte_Karlo/build/gsl_build/src/gsl_external/gsl-2.8/ode-initval/rk4imp.c -o rk4imp.o
libtool: compile:  /usr/bin/cc -DHAVE_CONFIG_H -I. -I/home/evgeniy/MPI-PI_Monte_Karlo/build/gsl_build/src/gsl_external/gsl-2.8/ode-initval -I.. -I/home/evgeniy/MPI-PI_Monte_Karlo/build/gsl_build/src/gsl_external/gsl-2.8 -g -O2 -MT rkf45.lo -MD -MP -MF .deps/rkf45.Tpo -c /home/evgeniy/MPI-PI_Monte_Karlo/build/gsl_build/src/gsl_external/gsl-2.8/ode-initval/rkf45.c -o rkf45.o
libtool: compile:  /usr/bin/cc -DHAVE_CONFIG_H -I. -I/home/evgeniy/MPI-PI_Monte_Karlo/build/gsl_build/src/gsl_external/gsl-2.8/ode-initval -I.. -I/home/evgeniy/MPI-PI_Monte_Karlo/build/gsl_build/src/gsl_external/gsl-2.8 -g -O2 -MT rk8pd.lo -MD -MP -MF .deps/rk8pd.Tpo -c /home/evgeniy/MPI-PI_Monte_Karlo/build/gsl_build/src/gsl_external/gsl-2.8/ode-initval/rk8pd.c -o rk8pd.o
libtool: compile:  /usr/bin/cc -DHAVE_CONFIG_H -I. -I/home/evgeniy/MPI-PI_Monte_Karlo/build/gsl_build/src/gsl_external/gsl-2.8/ode-initval -I.. -I/home/evgeniy/MPI-PI_Monte_Karlo/build/gsl_build/src/gsl_external/gsl-2.8 -g -O2 -MT rkck.lo -MD -MP -MF .deps/rkck.Tpo -c /home/evgeniy/MPI-PI_Monte_Karlo/build/gsl_build/src/gsl_external/gsl-2.8/ode-initval/rkck.c -o rkck.o
libtool: compile:  /usr/bin/cc -DHAVE_CONFIG_H -I. -I/home/evgeniy/MPI-PI_Monte_Karlo/build/gsl_build/src/gsl_external/gsl-2.8/ode-initval -I.. -I/home/evgeniy/MPI-PI_Monte_Karlo/build/gsl_build/src/gsl_external/gsl-2.8 -g -O2 -MT bsimp.lo -MD -MP -MF .deps/bsimp.Tpo -c /home/evgeniy/MPI-PI_Monte_Karlo/build/gsl_build/src/gsl_external/gsl-2.8/ode-initval/bsimp.c -o bsimp.o
libtool: compile:  /usr/bin/cc -DHAVE_CONFIG_H -I. -I/home/evgeniy/MPI-PI_Monte_Karlo/build/gsl_build/src/gsl_external/gsl-2.8/ode-initval -I.. -I/home/evgeniy/MPI-PI_Monte_Karlo/build/gsl_build/src/gsl_external/gsl-2.8 -g -O2 -MT gear1.lo -MD -MP -MF .deps/gear1.Tpo -c /home/evgeniy/MPI-PI_Monte_Karlo/build/gsl_build/src/gsl_external/gsl-2.8/ode-initval/gear1.c -o gear1.o
libtool: compile:  /usr/bin/cc -DHAVE_CONFIG_H -I. -I/home/evgeniy/MPI-PI_Monte_Karlo/build/gsl_build/src/gsl_external/gsl-2.8/ode-initval -I.. -I/home/evgeniy/MPI-PI_Monte_Karlo/build/gsl_build/src/gsl_external/gsl-2.8 -g -O2 -MT gear2.lo -MD -MP -MF .deps/gear2.Tpo -c /home/evgeniy/MPI-PI_Monte_Karlo/build/gsl_build/src/gsl_external/gsl-2.8/ode-initval/gear2.c -o gear2.o
libtool: link: ar cr .libs/libgslodeiv.a  control.o cstd.o cscal.o evolve.o step.o rk2.o rk2imp.o rk2simp.o rk4.o rk4imp.o rkf45.o rk8pd.o rkck.o bsimp.o gear1.o gear2.o
libtool: link: ranlib .libs/libgslodeiv.a
libtool: link: ( cd ".libs" && rm -f "libgslodeiv.la" && ln -s "../libgslodeiv.la" "libgslodeiv.la" )
Making all in ode-initval2
libtool: compile:  /usr/bin/cc -DHAVE_CONFIG_H -I. -I/home/evgeniy/MPI-PI_Monte_Karlo/build/gsl_build/src/gsl_external/gsl-2.8/ode-initval2 -I.. -I/home/evgeniy/MPI-PI_Monte_Karlo/build/gsl_build/src/gsl_external/gsl-2.8 -g -O2 -MT control.lo -MD -MP -MF .deps/control.Tpo -c /home/evgeniy/MPI-PI_Monte_Karlo/build/gsl_build/src/gsl_external/gsl-2.8/ode-initval2/control.c -o control.o
libtool: compile:  /usr/bin/cc -DHAVE_CONFIG_H -I. -I/home/evgeniy/MPI-PI_Monte_Karlo/build/gsl_build/src/gsl_external/gsl-2.8/ode-initval2 -I.. -I/home/evgeniy/MPI-PI_Monte_Karlo/build/gsl_build/src/gsl_external/gsl-2.8 -g -O2 -MT cstd.lo -MD -MP -MF .deps/cstd.Tpo -c /home/evgeniy/MPI-PI_Monte_Karlo/build/gsl_build/src/gsl_external/gsl-2.8/ode-initval2/cstd.c -o cstd.o
libtool: compile:  /usr/bin/cc -DHAVE_CONFIG_H -I. -I/home/evgeniy/MPI-PI_Monte_Karlo/build/gsl_build/src/gsl_external/gsl-2.8/ode-initval2 -I.. -I/home/evgeniy/MPI-PI_Monte_Karlo/build/gsl_build/src/gsl_external/gsl-2.8 -g -O2 -MT cscal.lo -MD -MP -MF .deps/cscal.Tpo -c /home/evgeniy/MPI-PI_Monte_Karlo/build/gsl_build/src/gsl_external/gsl-2.8/ode-initval2/cscal.c -o cscal.o
libtool: compile:  /usr/bin/cc -DHAVE_CONFIG_H -I. -I/home/evgeniy/MPI-PI_Monte_Karlo/build/gsl_build/src/gsl_external/gsl-2.8/ode-initval2 -I.. -I/home/evgeniy/MPI-PI_Monte_Karlo/build/gsl_build/src/gsl_external/gsl-2.8 -g -O2 -MT evolve.lo -MD -MP -MF .deps/evolve.Tpo -c /home/evgeniy/MPI-PI_Monte_Karlo/build/gsl_build/src/gsl_external/gsl-2.8/ode-initval2/evolve.c -o evolve.o
libtool: compile:  /usr/bin/cc -DHAVE_CONFIG_H -I. -I/home/evgeniy/MPI-PI_Monte_Karlo/build/gsl_build/src/gsl_external/gsl-2.8/ode-initval2 -I.. -I/home/evgeniy/MPI-PI_Monte_Karlo/build/gsl_build/src/gsl_external/gsl-2.8 -g -O2 -MT step.lo -MD -MP -MF .deps/step.Tpo -c /home/evgeniy/MPI-PI_Monte_Karlo/build/gsl_build/src/gsl_external/gsl-2.8/ode-initval2/step.c -o step.o
libtool: compile:  /usr/bin/cc -DHAVE_CONFIG_H -I. -I/home/evgeniy/MPI-PI_Monte_Karlo/build/gsl_build/src/gsl_external/gsl-2.8/ode-initval2 -I.. -I/home/evgeniy/MPI-PI_Monte_Karlo/build/gsl_build/src/gsl_external/gsl-2.8 -g -O2 -MT rk2.lo -MD -MP -MF .deps/rk2.Tpo -c /home/evgeniy/MPI-PI_Monte_Karlo/build/gsl_build/src/gsl_external/gsl-2.8/ode-initval2/rk2.c -o rk2.o
libtool: compile:  /usr/bin/cc -DHAVE_CONFIG_H -I. -I/home/evgeniy/MPI-PI_Monte_Karlo/build/gsl_build/src/gsl_external/gsl-2.8/ode-initval2 -I.. -I/home/evgeniy/MPI-PI_Monte_Karlo/build/gsl_build/src/gsl_external/gsl-2.8 -g -O2 -MT rk2imp.lo -MD -MP -MF .deps/rk2imp.Tpo -c /home/evgeniy/MPI-PI_Monte_Karlo/build/gsl_build/src/gsl_external/gsl-2.8/ode-initval2/rk2imp.c -o rk2imp.o
libtool: compile:  /usr/bin/cc -DHAVE_CONFIG_H -I. -I/home/evgeniy/MPI-PI_Monte_Karlo/build/gsl_build/src/gsl_external/gsl-2.8/ode-initval2 -I.. -I/home/evgeniy/MPI-PI_Monte_Karlo/build/gsl_build/src/gsl_external/gsl-2.8 -g -O2 -MT rk4.lo -MD -MP -MF .deps/rk4.Tpo -c /home/evgeniy/MPI-PI_Monte_Karlo/build/gsl_build/src/gsl_external/gsl-2.8/ode-initval2/rk4.c -o rk4.o
libtool: compile:  /usr/bin/cc -DHAVE_CONFIG_H -I. -I/home/evgeniy/MPI-PI_Monte_Karlo/build/gsl_build/src/gsl_external/gsl-2.8/ode-initval2 -I.. -I/home/evgeniy/MPI-PI_Monte_Karlo/build/gsl_build/src/gsl_external/gsl-2.8 -g -O2 -MT rk4imp.lo -MD -MP -MF .deps/rk4imp.Tpo -c /home/evgeniy/MPI-PI_Monte_Karlo/build/gsl_build/src/gsl_external/gsl-2.8/ode-initval2/rk4imp.c -o rk4imp.o
libtool: compile:  /usr/bin/cc -DHAVE_CONFIG_H -I. -I/home/evgeniy/MPI-PI_Monte_Karlo/build/gsl_build/src/gsl_external/gsl-2.8/ode-initval2 -I.. -I/home/evgeniy/MPI-PI_Monte_Karlo/build/gsl_build/src/gsl_external/gsl-2.8 -g -O2 -MT rkf45.lo -MD -MP -MF .deps/rkf45.Tpo -c /home/evgeniy/MPI-PI_Monte_Karlo/build/gsl_build/src/gsl_external/gsl-2.8/ode-initval2/rkf45.c -o rkf45.o
libtool: compile:  /usr/bin/cc -DHAVE_CONFIG_H -I. -I/home/evgeniy/MPI-PI_Monte_Karlo/build/gsl_build/src/gsl_external/gsl-2.8/ode-initval2 -I.. -I/home/evgeniy/MPI-PI_Monte_Karlo/build/gsl_build/src/gsl_external/gsl-2.8 -g -O2 -MT rk8pd.lo -MD -MP -MF .deps/rk8pd.Tpo -c /home/evgeniy/MPI-PI_Monte_Karlo/build/gsl_build/src/gsl_external/gsl-2.8/ode-initval2/rk8pd.c -o rk8pd.o
libtool: compile:  /usr/bin/cc -DHAVE_CONFIG_H -I. -I/home/evgeniy/MPI-PI_Monte_Karlo/build/gsl_build/src/gsl_external/gsl-2.8/ode-initval2 -I.. -I/home/evgeniy/MPI-PI_Monte_Karlo/build/gsl_build/src/gsl_external/gsl-2.8 -g -O2 -MT rkck.lo -MD -MP -MF .deps/rkck.Tpo -c /home/evgeniy/MPI-PI_Monte_Karlo/build/gsl_build/src/gsl_external/gsl-2.8/ode-initval2/rkck.c -o rkck.o
libtool: compile:  /usr/bin/cc -DHAVE_CONFIG_H -I. -I/home/evgeniy/MPI-PI_Monte_Karlo/build/gsl_build/src/gsl_external/gsl-2.8/ode-initval2 -I.. -I/home/evgeniy/MPI-PI_Monte_Karlo/build/gsl_build/src/gsl_external/gsl-2.8 -g -O2 -MT bsimp.lo -MD -MP -MF .deps/bsimp.Tpo -c /home/evgeniy/MPI-PI_Monte_Karlo/build/gsl_build/src/gsl_external/gsl-2.8/ode-initval2/bsimp.c -o bsimp.o
libtool: compile:  /usr/bin/cc -DHAVE_CONFIG_H -I. -I/home/evgeniy/MPI-PI_Monte_Karlo/build/gsl_build/src/gsl_external/gsl-2.8/ode-initval2 -I.. -I/home/evgeniy/MPI-PI_Monte_Karlo/build/gsl_build/src/gsl_external/gsl-2.8 -g -O2 -MT rk1imp.lo -MD -MP -MF .deps/rk1imp.Tpo -c /home/evgeniy/MPI-PI_Monte_Karlo/build/gsl_build/src/gsl_external/gsl-2.8/ode-initval2/rk1imp.c -o rk1imp.o
libtool: compile:  /usr/bin/cc -DHAVE_CONFIG_H -I. -I/home/evgeniy/MPI-PI_Monte_Karlo/build/gsl_build/src/gsl_external/gsl-2.8/ode-initval2 -I.. -I/home/evgeniy/MPI-PI_Monte_Karlo/build/gsl_build/src/gsl_external/gsl-2.8 -g -O2 -MT msadams.lo -MD -MP -MF .deps/msadams.Tpo -c /home/evgeniy/MPI-PI_Monte_Karlo/build/gsl_build/src/gsl_external/gsl-2.8/ode-initval2/msadams.c -o msadams.o
libtool: compile:  /usr/bin/cc -DHAVE_CONFIG_H -I. -I/home/evgeniy/MPI-PI_Monte_Karlo/build/gsl_build/src/gsl_external/gsl-2.8/ode-initval2 -I.. -I/home/evgeniy/MPI-PI_Monte_Karlo/build/gsl_build/src/gsl_external/gsl-2.8 -g -O2 -MT msbdf.lo -MD -MP -MF .deps/msbdf.Tpo -c /home/evgeniy/MPI-PI_Monte_Karlo/build/gsl_build/src/gsl_external/gsl-2.8/ode-initval2/msbdf.c -o msbdf.o
libtool: compile:  /usr/bin/cc -DHAVE_CONFIG_H -I. -I/home/evgeniy/MPI-PI_Monte_Karlo/build/gsl_build/src/gsl_external/gsl-2.8/ode-initval2 -I.. -I/home/evgeniy/MPI-PI_Monte_Karlo/build/gsl_build/src/gsl_external/gsl-2.8 -g -O2 -MT driver.lo -MD -MP -MF .deps/driver.Tpo -c /home/evgeniy/MPI-PI_Monte_Karlo/build/gsl_build/src/gsl_external/gsl-2.8/ode-initval2/driver.c -o driver.o
libtool: link: ar cr .libs/libgslodeiv2.a  control.o cstd.o cscal.o evolve.o step.o rk2.o rk2imp.o rk4.o rk4imp.o rkf45.o rk8pd.o rkck.o bsimp.o rk1imp.o msadams.o msbdf.o driver.o
libtool: link: ranlib .libs/libgslodeiv2.a
libtool: link: ( cd ".libs" && rm -f "libgslodeiv2.la" && ln -s "../libgslodeiv2.la" "libgslodeiv2.la" )
Making all in roots
libtool: compile:  /usr/bin/cc -DHAVE_CONFIG_H -I. -I/home/evgeniy/MPI-PI_Monte_Karlo/build/gsl_build/src/gsl_external/gsl-2.8/roots -I.. -I/home/evgeniy/MPI-PI_Monte_Karlo/build/gsl_build/src/gsl_external/gsl-2.8 -g -O2 -MT bisection.lo -MD -MP -MF .deps/bisection.Tpo -c /home/evgeniy/MPI-PI_Monte_Karlo/build/gsl_build/src/gsl_external/gsl-2.8/roots/bisection.c -o bisection.o
libtool: compile:  /usr/bin/cc -DHAVE_CONFIG_H -I. -I/home/evgeniy/MPI-PI_Monte_Karlo/build/gsl_build/src/gsl_external/gsl-2.8/roots -I.. -I/home/evgeniy/MPI-PI_Monte_Karlo/build/gsl_build/src/gsl_external/gsl-2.8 -g -O2 -MT brent.lo -MD -MP -MF .deps/brent.Tpo -c /home/evgeniy/MPI-PI_Monte_Karlo/build/gsl_build/src/gsl_external/gsl-2.8/roots/brent.c -o brent.o
libtool: compile:  /usr/bin/cc -DHAVE_CONFIG_H -I. -I/home/evgeniy/MPI-PI_Monte_Karlo/build/gsl_build/src/gsl_external/gsl-2.8/roots -I.. -I/home/evgeniy/MPI-PI_Monte_Karlo/build/gsl_build/src/gsl_external/gsl-2.8 -g -O2 -MT falsepos.lo -MD -MP -MF .deps/falsepos.Tpo -c /home/evgeniy/MPI-PI_Monte_Karlo/build/gsl_build/src/gsl_external/gsl-2.8/roots/falsepos.c -o falsepos.o
libtool: compile:  /usr/bin/cc -DHAVE_CONFIG_H -I. -I/home/evgeniy/MPI-PI_Monte_Karlo/build/gsl_build/src/gsl_external/gsl-2.8/roots -I.. -I/home/evgeniy/MPI-PI_Monte_Karlo/build/gsl_build/src/gsl_external/gsl-2.8 -g -O2 -MT newton.lo -MD -MP -MF .deps/newton.Tpo -c /home/evgeniy/MPI-PI_Monte_Karlo/build/gsl_build/src/gsl_external/gsl-2.8/roots/newton.c -o newton.o
libtool: compile:  /usr/bin/cc -DHAVE_CONFIG_H -I. -I/home/evgeniy/MPI-PI_Monte_Karlo/build/gsl_build/src/gsl_external/gsl-2.8/roots -I.. -I/home/evgeniy/MPI-PI_Monte_Karlo/build/gsl_build/src/gsl_external/gsl-2.8 -g -O2 -MT secant.lo -MD -MP -MF .deps/secant.Tpo -c /home/evgeniy/MPI-PI_Monte_Karlo/build/gsl_build/src/gsl_external/gsl-2.8/roots/secant.c -o secant.o
libtool: compile:  /usr/bin/cc -DHAVE_CONFIG_H -I. -I/home/evgeniy/MPI-PI_Monte_Karlo/build/gsl_build/src/gsl_external/gsl-2.8/roots -I.. -I/home/evgeniy/MPI-PI_Monte_Karlo/build/gsl_build/src/gsl_external/gsl-2.8 -g -O2 -MT steffenson.lo -MD -MP -MF .deps/steffenson.Tpo -c /home/evgeniy/MPI-PI_Monte_Karlo/build/gsl_build/src/gsl_external/gsl-2.8/roots/steffenson.c -o steffenson.o
libtool: compile:  /usr/bin/cc -DHAVE_CONFIG_H -I. -I/home/evgeniy/MPI-PI_Monte_Karlo/build/gsl_build/src/gsl_external/gsl-2.8/roots -I.. -I/home/evgeniy/MPI-PI_Monte_Karlo/build/gsl_build/src/gsl_external/gsl-2.8 -g -O2 -MT convergence.lo -MD -MP -MF .deps/convergence.Tpo -c /home/evgeniy/MPI-PI_Monte_Karlo/build/gsl_build/src/gsl_external/gsl-2.8/roots/convergence.c -o convergence.o
libtool: compile:  /usr/bin/cc -DHAVE_CONFIG_H -I. -I/home/evgeniy/MPI-PI_Monte_Karlo/build/gsl_build/src/gsl_external/gsl-2.8/roots -I.. -I/home/evgeniy/MPI-PI_Monte_Karlo/build/gsl_build/src/gsl_external/gsl-2.8 -g -O2 -MT fsolver.lo -MD -MP -MF .deps/fsolver.Tpo -c /home/evgeniy/MPI-PI_Monte_Karlo/build/gsl_build/src/gsl_external/gsl-2.8/roots/fsolver.c -o fsolver.o
libtool: compile:  /usr/bin/cc -DHAVE_CONFIG_H -I. -I/home/evgeniy/MPI-PI_Monte_Karlo/build/gsl_build/src/gsl_external/gsl-2.8/roots -I.. -I/home/evgeniy/MPI-PI_Monte_Karlo/build/gsl_build/src/gsl_external/gsl-2.8 -g -O2 -MT fdfsolver.lo -MD -MP -MF .deps/fdfsolver.Tpo -c /home/evgeniy/MPI-PI_Monte_Karlo/build/gsl_build/src/gsl_external/gsl-2.8/roots/fdfsolver.c -o fdfsolver.o
libtool: link: ar cr .libs/libgslroots.a  bisection.o brent.o falsepos.o newton.o secant.o steffenson.o convergence.o fsolver.o fdfsolver.o
libtool: link: ranlib .libs/libgslroots.a
libtool: link: ( cd ".libs" && rm -f "libgslroots.la" && ln -s "../libgslroots.la" "libgslroots.la" )
Making all in multiroots
libtool: compile:  /usr/bin/cc -DHAVE_CONFIG_H -I. -I/home/evgeniy/MPI-PI_Monte_Karlo/build/gsl_build/src/gsl_external/gsl-2.8/multiroots -I.. -I/home/evgeniy/MPI-PI_Monte_Karlo/build/gsl_build/src/gsl_external/gsl-2.8 -g -O2 -MT fdjac.lo -MD -MP -MF .deps/fdjac.Tpo -c /home/evgeniy/MPI-PI_Monte_Karlo/build/gsl_build/src/gsl_external/gsl-2.8/multiroots/fdjac.c -o fdjac.o
libtool: compile:  /usr/bin/cc -DHAVE_CONFIG_H -I. -I/home/evgeniy/MPI-PI_Monte_Karlo/build/gsl_build/src/gsl_external/gsl-2.8/multiroots -I.. -I/home/evgeniy/MPI-PI_Monte_Karlo/build/gsl_build/src/gsl_external/gsl-2.8 -g -O2 -MT fsolver.lo -MD -MP -MF .deps/fsolver.Tpo -c /home/evgeniy/MPI-PI_Monte_Karlo/build/gsl_build/src/gsl_external/gsl-2.8/multiroots/fsolver.c -o fsolver.o
libtool: compile:  /usr/bin/cc -DHAVE_CONFIG_H -I. -I/home/evgeniy/MPI-PI_Monte_Karlo/build/gsl_build/src/gsl_external/gsl-2.8/multiroots -I.. -I/home/evgeniy/MPI-PI_Monte_Karlo/build/gsl_build/src/gsl_external/gsl-2.8 -g -O2 -MT fdfsolver.lo -MD -MP -MF .deps/fdfsolver.Tpo -c /home/evgeniy/MPI-PI_Monte_Karlo/build/gsl_build/src/gsl_external/gsl-2.8/multiroots/fdfsolver.c -o fdfsolver.o
libtool: compile:  /usr/bin/cc -DHAVE_CONFIG_H -I. -I/home/evgeniy/MPI-PI_Monte_Karlo/build/gsl_build/src/gsl_external/gsl-2.8/multiroots -I.. -I/home/evgeniy/MPI-PI_Monte_Karlo/build/gsl_build/src/gsl_external/gsl-2.8 -g -O2 -MT convergence.lo -MD -MP -MF .deps/convergence.Tpo -c /home/evgeniy/MPI-PI_Monte_Karlo/build/gsl_build/src/gsl_external/gsl-2.8/multiroots/convergence.c -o convergence.o
libtool: compile:  /usr/bin/cc -DHAVE_CONFIG_H -I. -I/home/evgeniy/MPI-PI_Monte_Karlo/build/gsl_build/src/gsl_external/gsl-2.8/multiroots -I.. -I/home/evgeniy/MPI-PI_Monte_Karlo/build/gsl_build/src/gsl_external/gsl-2.8 -g -O2 -MT newton.lo -MD -MP -MF .deps/newton.Tpo -c /home/evgeniy/MPI-PI_Monte_Karlo/build/gsl_build/src/gsl_external/gsl-2.8/multiroots/newton.c -o newton.o
libtool: compile:  /usr/bin/cc -DHAVE_CONFIG_H -I. -I/home/evgeniy/MPI-PI_Monte_Karlo/build/gsl_build/src/gsl_external/gsl-2.8/multiroots -I.. -I/home/evgeniy/MPI-PI_Monte_Karlo/build/gsl_build/src/gsl_external/gsl-2.8 -g -O2 -MT gnewton.lo -MD -MP -MF .deps/gnewton.Tpo -c /home/evgeniy/MPI-PI_Monte_Karlo/build/gsl_build/src/gsl_external/gsl-2.8/multiroots/gnewton.c -o gnewton.o
libtool: compile:  /usr/bin/cc -DHAVE_CONFIG_H -I. -I/home/evgeniy/MPI-PI_Monte_Karlo/build/gsl_build/src/gsl_external/gsl-2.8/multiroots -I.. -I/home/evgeniy/MPI-PI_Monte_Karlo/build/gsl_build/src/gsl_external/gsl-2.8 -g -O2 -MT dnewton.lo -MD -MP -MF .deps/dnewton.Tpo -c /home/evgeniy/MPI-PI_Monte_Karlo/build/gsl_build/src/gsl_external/gsl-2.8/multiroots/dnewton.c -o dnewton.o
libtool: compile:  /usr/bin/cc -DHAVE_CONFIG_H -I. -I/home/evgeniy/MPI-PI_Monte_Karlo/build/gsl_build/src/gsl_external/gsl-2.8/multiroots -I.. -I/home/evgeniy/MPI-PI_Monte_Karlo/build/gsl_build/src/gsl_external/gsl-2.8 -g -O2 -MT broyden.lo -MD -MP -MF .deps/broyden.Tpo -c /home/evgeniy/MPI-PI_Monte_Karlo/build/gsl_build/src/gsl_external/gsl-2.8/multiroots/broyden.c -o broyden.o
libtool: compile:  /usr/bin/cc -DHAVE_CONFIG_H -I. -I/home/evgeniy/MPI-PI_Monte_Karlo/build/gsl_build/src/gsl_external/gsl-2.8/multiroots -I.. -I/home/evgeniy/MPI-PI_Monte_Karlo/build/gsl_build/src/gsl_external/gsl-2.8 -g -O2 -MT hybrid.lo -MD -MP -MF .deps/hybrid.Tpo -c /home/evgeniy/MPI-PI_Monte_Karlo/build/gsl_build/src/gsl_external/gsl-2.8/multiroots/hybrid.c -o hybrid.o
libtool: compile:  /usr/bin/cc -DHAVE_CONFIG_H -I. -I/home/evgeniy/MPI-PI_Monte_Karlo/build/gsl_build/src/gsl_external/gsl-2.8/multiroots -I.. -I/home/evgeniy/MPI-PI_Monte_Karlo/build/gsl_build/src/gsl_external/gsl-2.8 -g -O2 -MT hybridj.lo -MD -MP -MF .deps/hybridj.Tpo -c /home/evgeniy/MPI-PI_Monte_Karlo/build/gsl_build/src/gsl_external/gsl-2.8/multiroots/hybridj.c -o hybridj.o
libtool: link: ar cr .libs/libgslmultiroots.a  fdjac.o fsolver.o fdfsolver.o convergence.o newton.o gnewton.o dnewton.o broyden.o hybrid.o hybridj.o
libtool: link: ranlib .libs/libgslmultiroots.a
libtool: link: ( cd ".libs" && rm -f "libgslmultiroots.la" && ln -s "../libgslmultiroots.la" "libgslmultiroots.la" )
Making all in min
libtool: compile:  /usr/bin/cc -DHAVE_CONFIG_H -I. -I/home/evgeniy/MPI-PI_Monte_Karlo/build/gsl_build/src/gsl_external/gsl-2.8/min -I.. -I/home/evgeniy/MPI-PI_Monte_Karlo/build/gsl_build/src/gsl_external/gsl-2.8 -g -O2 -MT fsolver.lo -MD -MP -MF .deps/fsolver.Tpo -c /home/evgeniy/MPI-PI_Monte_Karlo/build/gsl_build/src/gsl_external/gsl-2.8/min/fsolver.c -o fsolver.o
libtool: compile:  /usr/bin/cc -DHAVE_CONFIG_H -I. -I/home/evgeniy/MPI-PI_Monte_Karlo/build/gsl_build/src/gsl_external/gsl-2.8/min -I.. -I/home/evgeniy/MPI-PI_Monte_Karlo/build/gsl_build/src/gsl_external/gsl-2.8 -g -O2 -MT golden.lo -MD -MP -MF .deps/golden.Tpo -c /home/evgeniy/MPI-PI_Monte_Karlo/build/gsl_build/src/gsl_external/gsl-2.8/min/golden.c -o golden.o
libtool: compile:  /usr/bin/cc -DHAVE_CONFIG_H -I. -I/home/evgeniy/MPI-PI_Monte_Karlo/build/gsl_build/src/gsl_external/gsl-2.8/min -I.. -I/home/evgeniy/MPI-PI_Monte_Karlo/build/gsl_build/src/gsl_external/gsl-2.8 -g -O2 -MT brent.lo -MD -MP -MF .deps/brent.Tpo -c /home/evgeniy/MPI-PI_Monte_Karlo/build/gsl_build/src/gsl_external/gsl-2.8/min/brent.c -o brent.o
libtool: compile:  /usr/bin/cc -DHAVE_CONFIG_H -I. -I/home/evgeniy/MPI-PI_Monte_Karlo/build/gsl_build/src/gsl_external/gsl-2.8/min -I.. -I/home/evgeniy/MPI-PI_Monte_Karlo/build/gsl_build/src/gsl_external/gsl-2.8 -g -O2 -MT convergence.lo -MD -MP -MF .deps/convergence.Tpo -c /home/evgeniy/MPI-PI_Monte_Karlo/build/gsl_build/src/gsl_external/gsl-2.8/min/convergence.c -o convergence.o
libtool: compile:  /usr/bin/cc -DHAVE_CONFIG_H -I. -I/home/evgeniy/MPI-PI_Monte_Karlo/build/gsl_build/src/gsl_external/gsl-2.8/min -I.. -I/home/evgeniy/MPI-PI_Monte_Karlo/build/gsl_build/src/gsl_external/gsl-2.8 -g -O2 -MT bracketing.lo -MD -MP -MF .deps/bracketing.Tpo -c /home/evgeniy/MPI-PI_Monte_Karlo/build/gsl_build/src/gsl_external/gsl-2.8/min/bracketing.c -o bracketing.o
libtool: compile:  /usr/bin/cc -DHAVE_CONFIG_H -I. -I/home/evgeniy/MPI-PI_Monte_Karlo/build/gsl_build/src/gsl_external/gsl-2.8/min -I.. -I/home/evgeniy/MPI-PI_Monte_Karlo/build/gsl_build/src/gsl_external/gsl-2.8 -g -O2 -MT quad_golden.lo -MD -MP -MF .deps/quad_golden.Tpo -c /home/evgeniy/MPI-PI_Monte_Karlo/build/gsl_build/src/gsl_external/gsl-2.8/min/quad_golden.c -o quad_golden.o
libtool: link: ar cr .libs/libgslmin.a  fsolver.o golden.o brent.o convergence.o bracketing.o quad_golden.o
libtool: link: ranlib .libs/libgslmin.a
libtool: link: ( cd ".libs" && rm -f "libgslmin.la" && ln -s "../libgslmin.la" "libgslmin.la" )
Making all in multimin
libtool: compile:  /usr/bin/cc -DHAVE_CONFIG_H -I. -I/home/evgeniy/MPI-PI_Monte_Karlo/build/gsl_build/src/gsl_external/gsl-2.8/multimin -I.. -I/home/evgeniy/MPI-PI_Monte_Karlo/build/gsl_build/src/gsl_external/gsl-2.8 -g -O2 -MT fdfminimizer.lo -MD -MP -MF .deps/fdfminimizer.Tpo -c /home/evgeniy/MPI-PI_Monte_Karlo/build/gsl_build/src/gsl_external/gsl-2.8/multimin/fdfminimizer.c -o fdfminimizer.o
libtool: compile:  /usr/bin/cc -DHAVE_CONFIG_H -I. -I/home/evgeniy/MPI-PI_Monte_Karlo/build/gsl_build/src/gsl_external/gsl-2.8/multimin -I.. -I/home/evgeniy/MPI-PI_Monte_Karlo/build/gsl_build/src/gsl_external/gsl-2.8 -g -O2 -MT steepest_descent.lo -MD -MP -MF .deps/steepest_descent.Tpo -c /home/evgeniy/MPI-PI_Monte_Karlo/build/gsl_build/src/gsl_external/gsl-2.8/multimin/steepest_descent.c -o steepest_descent.o
libtool: compile:  /usr/bin/cc -DHAVE_CONFIG_H -I. -I/home/evgeniy/MPI-PI_Monte_Karlo/build/gsl_build/src/gsl_external/gsl-2.8/multimin -I.. -I/home/evgeniy/MPI-PI_Monte_Karlo/build/gsl_build/src/gsl_external/gsl-2.8 -g -O2 -MT conjugate_fr.lo -MD -MP -MF .deps/conjugate_fr.Tpo -c /home/evgeniy/MPI-PI_Monte_Karlo/build/gsl_build/src/gsl_external/gsl-2.8/multimin/conjugate_fr.c -o conjugate_fr.o
libtool: compile:  /usr/bin/cc -DHAVE_CONFIG_H -I. -I/home/evgeniy/MPI-PI_Monte_Karlo/build/gsl_build/src/gsl_external/gsl-2.8/multimin -I.. -I/home/evgeniy/MPI-PI_Monte_Karlo/build/gsl_build/src/gsl_external/gsl-2.8 -g -O2 -MT conjugate_pr.lo -MD -MP -MF .deps/conjugate_pr.Tpo -c /home/evgeniy/MPI-PI_Monte_Karlo/build/gsl_build/src/gsl_external/gsl-2.8/multimin/conjugate_pr.c -o conjugate_pr.o
libtool: compile:  /usr/bin/cc -DHAVE_CONFIG_H -I. -I/home/evgeniy/MPI-PI_Monte_Karlo/build/gsl_build/src/gsl_external/gsl-2.8/multimin -I.. -I/home/evgeniy/MPI-PI_Monte_Karlo/build/gsl_build/src/gsl_external/gsl-2.8 -g -O2 -MT convergence.lo -MD -MP -MF .deps/convergence.Tpo -c /home/evgeniy/MPI-PI_Monte_Karlo/build/gsl_build/src/gsl_external/gsl-2.8/multimin/convergence.c -o convergence.o
libtool: compile:  /usr/bin/cc -DHAVE_CONFIG_H -I. -I/home/evgeniy/MPI-PI_Monte_Karlo/build/gsl_build/src/gsl_external/gsl-2.8/multimin -I.. -I/home/evgeniy/MPI-PI_Monte_Karlo/build/gsl_build/src/gsl_external/gsl-2.8 -g -O2 -MT diff.lo -MD -MP -MF .deps/diff.Tpo -c /home/evgeniy/MPI-PI_Monte_Karlo/build/gsl_build/src/gsl_external/gsl-2.8/multimin/diff.c -o diff.o
libtool: compile:  /usr/bin/cc -DHAVE_CONFIG_H -I. -I/home/evgeniy/MPI-PI_Monte_Karlo/build/gsl_build/src/gsl_external/gsl-2.8/multimin -I.. -I/home/evgeniy/MPI-PI_Monte_Karlo/build/gsl_build/src/gsl_external/gsl-2.8 -g -O2 -MT vector_bfgs.lo -MD -MP -MF .deps/vector_bfgs.Tpo -c /home/evgeniy/MPI-PI_Monte_Karlo/build/gsl_build/src/gsl_external/gsl-2.8/multimin/vector_bfgs.c -o vector_bfgs.o
libtool: compile:  /usr/bin/cc -DHAVE_CONFIG_H -I. -I/home/evgeniy/MPI-PI_Monte_Karlo/build/gsl_build/src/gsl_external/gsl-2.8/multimin -I.. -I/home/evgeniy/MPI-PI_Monte_Karlo/build/gsl_build/src/gsl_external/gsl-2.8 -g -O2 -MT vector_bfgs2.lo -MD -MP -MF .deps/vector_bfgs2.Tpo -c /home/evgeniy/MPI-PI_Monte_Karlo/build/gsl_build/src/gsl_external/gsl-2.8/multimin/vector_bfgs2.c -o vector_bfgs2.o
libtool: compile:  /usr/bin/cc -DHAVE_CONFIG_H -I. -I/home/evgeniy/MPI-PI_Monte_Karlo/build/gsl_build/src/gsl_external/gsl-2.8/multimin -I.. -I/home/evgeniy/MPI-PI_Monte_Karlo/build/gsl_build/src/gsl_external/gsl-2.8 -g -O2 -MT fminimizer.lo -MD -MP -MF .deps/fminimizer.Tpo -c /home/evgeniy/MPI-PI_Monte_Karlo/build/gsl_build/src/gsl_external/gsl-2.8/multimin/fminimizer.c -o fminimizer.o
libtool: compile:  /usr/bin/cc -DHAVE_CONFIG_H -I. -I/home/evgeniy/MPI-PI_Monte_Karlo/build/gsl_build/src/gsl_external/gsl-2.8/multimin -I.. -I/home/evgeniy/MPI-PI_Monte_Karlo/build/gsl_build/src/gsl_external/gsl-2.8 -g -O2 -MT simplex.lo -MD -MP -MF .deps/simplex.Tpo -c /home/evgeniy/MPI-PI_Monte_Karlo/build/gsl_build/src/gsl_external/gsl-2.8/multimin/simplex.c -o simplex.o
libtool: compile:  /usr/bin/cc -DHAVE_CONFIG_H -I. -I/home/evgeniy/MPI-PI_Monte_Karlo/build/gsl_build/src/gsl_external/gsl-2.8/multimin -I.. -I/home/evgeniy/MPI-PI_Monte_Karlo/build/gsl_build/src/gsl_external/gsl-2.8 -g -O2 -MT simplex2.lo -MD -MP -MF .deps/simplex2.Tpo -c /home/evgeniy/MPI-PI_Monte_Karlo/build/gsl_build/src/gsl_external/gsl-2.8/multimin/simplex2.c -o simplex2.o
libtool: link: ar cr .libs/libgslmultimin.a  fdfminimizer.o steepest_descent.o conjugate_fr.o conjugate_pr.o convergence.o diff.o vector_bfgs.o vector_bfgs2.o fminimizer.o simplex.o simplex2.o
libtool: link: ranlib .libs/libgslmultimin.a
libtool: link: ( cd ".libs" && rm -f "libgslmultimin.la" && ln -s "../libgslmultimin.la" "libgslmultimin.la" )
Making all in monte
libtool: compile:  /usr/bin/cc -DHAVE_CONFIG_H -I. -I/home/evgeniy/MPI-PI_Monte_Karlo/build/gsl_build/src/gsl_external/gsl-2.8/monte -I.. -I/home/evgeniy/MPI-PI_Monte_Karlo/build/gsl_build/src/gsl_external/gsl-2.8 -g -O2 -MT miser.lo -MD -MP -MF .deps/miser.Tpo -c /home/evgeniy/MPI-PI_Monte_Karlo/build/gsl_build/src/gsl_external/gsl-2.8/monte/miser.c -o miser.o
libtool: compile:  /usr/bin/cc -DHAVE_CONFIG_H -I. -I/home/evgeniy/MPI-PI_Monte_Karlo/build/gsl_build/src/gsl_external/gsl-2.8/monte -I.. -I/home/evgeniy/MPI-PI_Monte_Karlo/build/gsl_build/src/gsl_external/gsl-2.8 -g -O2 -MT plain.lo -MD -MP -MF .deps/plain.Tpo -c /home/evgeniy/MPI-PI_Monte_Karlo/build/gsl_build/src/gsl_external/gsl-2.8/monte/plain.c -o plain.o
libtool: compile:  /usr/bin/cc -DHAVE_CONFIG_H -I. -I/home/evgeniy/MPI-PI_Monte_Karlo/build/gsl_build/src/gsl_external/gsl-2.8/monte -I.. -I/home/evgeniy/MPI-PI_Monte_Karlo/build/gsl_build/src/gsl_external/gsl-2.8 -g -O2 -MT vegas.lo -MD -MP -MF .deps/vegas.Tpo -c /home/evgeniy/MPI-PI_Monte_Karlo/build/gsl_build/src/gsl_external/gsl-2.8/monte/vegas.c -o vegas.o
libtool: link: ar cr .libs/libgslmonte.a  miser.o plain.o vegas.o
libtool: link: ranlib .libs/libgslmonte.a
libtool: link: ( cd ".libs" && rm -f "libgslmonte.la" && ln -s "../libgslmonte.la" "libgslmonte.la" )
Making all in ntuple
libtool: compile:  /usr/bin/cc -DHAVE_CONFIG_H -I. -I/home/evgeniy/MPI-PI_Monte_Karlo/build/gsl_build/src/gsl_external/gsl-2.8/ntuple -I.. -I/home/evgeniy/MPI-PI_Monte_Karlo/build/gsl_build/src/gsl_external/gsl-2.8 -g -O2 -MT ntuple.lo -MD -MP -MF .deps/ntuple.Tpo -c /home/evgeniy/MPI-PI_Monte_Karlo/build/gsl_build/src/gsl_external/gsl-2.8/ntuple/ntuple.c -o ntuple.o
libtool: link: ar cr .libs/libgslntuple.a  ntuple.o
libtool: link: ranlib .libs/libgslntuple.a
libtool: link: ( cd ".libs" && rm -f "libgslntuple.la" && ln -s "../libgslntuple.la" "libgslntuple.la" )
Making all in diff
libtool: compile:  /usr/bin/cc -DHAVE_CONFIG_H -I. -I/home/evgeniy/MPI-PI_Monte_Karlo/build/gsl_build/src/gsl_external/gsl-2.8/diff -I.. -I/home/evgeniy/MPI-PI_Monte_Karlo/build/gsl_build/src/gsl_external/gsl-2.8 -g -O2 -MT diff.lo -MD -MP -MF .deps/diff.Tpo -c /home/evgeniy/MPI-PI_Monte_Karlo/build/gsl_build/src/gsl_external/gsl-2.8/diff/diff.c -o diff.o
libtool: link: ar cr .libs/libgsldiff.a  diff.o
libtool: link: ranlib .libs/libgsldiff.a
libtool: link: ( cd ".libs" && rm -f "libgsldiff.la" && ln -s "../libgsldiff.la" "libgsldiff.la" )
Making all in deriv
libtool: compile:  /usr/bin/cc -DHAVE_CONFIG_H -I. -I/home/evgeniy/MPI-PI_Monte_Karlo/build/gsl_build/src/gsl_external/gsl-2.8/deriv -I.. -I/home/evgeniy/MPI-PI_Monte_Karlo/build/gsl_build/src/gsl_external/gsl-2.8 -g -O2 -MT deriv.lo -MD -MP -MF .deps/deriv.Tpo -c /home/evgeniy/MPI-PI_Monte_Karlo/build/gsl_build/src/gsl_external/gsl-2.8/deriv/deriv.c -o deriv.o
libtool: link: ar cr .libs/libgslderiv.a  deriv.o
libtool: link: ranlib .libs/libgslderiv.a
libtool: link: ( cd ".libs" && rm -f "libgslderiv.la" && ln -s "../libgslderiv.la" "libgslderiv.la" )
Making all in cdf
libtool: compile:  /usr/bin/cc -DHAVE_CONFIG_H -I. -I/home/evgeniy/MPI-PI_Monte_Karlo/build/gsl_build/src/gsl_external/gsl-2.8/cdf -I.. -I/home/evgeniy/MPI-PI_Monte_Karlo/build/gsl_build/src/gsl_external/gsl-2.8 -g -O2 -MT beta.lo -MD -MP -MF .deps/beta.Tpo -c /home/evgeniy/MPI-PI_Monte_Karlo/build/gsl_build/src/gsl_external/gsl-2.8/cdf/beta.c -o beta.o
libtool: compile:  /usr/bin/cc -DHAVE_CONFIG_H -I. -I/home/evgeniy/MPI-PI_Monte_Karlo/build/gsl_build/src/gsl_external/gsl-2.8/cdf -I.. -I/home/evgeniy/MPI-PI_Monte_Karlo/build/gsl_build/src/gsl_external/gsl-2.8 -g -O2 -MT betainv.lo -MD -MP -MF .deps/betainv.Tpo -c /home/evgeniy/MPI-PI_Monte_Karlo/build/gsl_build/src/gsl_external/gsl-2.8/cdf/betainv.c -o betainv.o
libtool: compile:  /usr/bin/cc -DHAVE_CONFIG_H -I. -I/home/evgeniy/MPI-PI_Monte_Karlo/build/gsl_build/src/gsl_external/gsl-2.8/cdf -I.. -I/home/evgeniy/MPI-PI_Monte_Karlo/build/gsl_build/src/gsl_external/gsl-2.8 -g -O2 -MT cauchy.lo -MD -MP -MF .deps/cauchy.Tpo -c /home/evgeniy/MPI-PI_Monte_Karlo/build/gsl_build/src/gsl_external/gsl-2.8/cdf/cauchy.c -o cauchy.o
libtool: compile:  /usr/bin/cc -DHAVE_CONFIG_H -I. -I/home/evgeniy/MPI-PI_Monte_Karlo/build/gsl_build/src/gsl_external/gsl-2.8/cdf -I.. -I/home/evgeniy/MPI-PI_Monte_Karlo/build/gsl_build/src/gsl_external/gsl-2.8 -g -O2 -MT cauchyinv.lo -MD -MP -MF .deps/cauchyinv.Tpo -c /home/evgeniy/MPI-PI_Monte_Karlo/build/gsl_build/src/gsl_external/gsl-2.8/cdf/cauchyinv.c -o cauchyinv.o
libtool: compile:  /usr/bin/cc -DHAVE_CONFIG_H -I. -I/home/evgeniy/MPI-PI_Monte_Karlo/build/gsl_build/src/gsl_external/gsl-2.8/cdf -I.. -I/home/evgeniy/MPI-PI_Monte_Karlo/build/gsl_build/src/gsl_external/gsl-2.8 -g -O2 -MT chisq.lo -MD -MP -MF .deps/chisq.Tpo -c /home/evgeniy/MPI-PI_Monte_Karlo/build/gsl_build/src/gsl_external/gsl-2.8/cdf/chisq.c -o chisq.o
libtool: compile:  /usr/bin/cc -DHAVE_CONFIG_H -I. -I/home/evgeniy/MPI-PI_Monte_Karlo/build/gsl_build/src/gsl_external/gsl-2.8/cdf -I.. -I/home/evgeniy/MPI-PI_Monte_Karlo/build/gsl_build/src/gsl_external/gsl-2.8 -g -O2 -MT chisqinv.lo -MD -MP -MF .deps/chisqinv.Tpo -c /home/evgeniy/MPI-PI_Monte_Karlo/build/gsl_build/src/gsl_external/gsl-2.8/cdf/chisqinv.c -o chisqinv.o
libtool: compile:  /usr/bin/cc -DHAVE_CONFIG_H -I. -I/home/evgeniy/MPI-PI_Monte_Karlo/build/gsl_build/src/gsl_external/gsl-2.8/cdf -I.. -I/home/evgeniy/MPI-PI_Monte_Karlo/build/gsl_build/src/gsl_external/gsl-2.8 -g -O2 -MT exponential.lo -MD -MP -MF .deps/exponential.Tpo -c /home/evgeniy/MPI-PI_Monte_Karlo/build/gsl_build/src/gsl_external/gsl-2.8/cdf/exponential.c -o exponential.o
libtool: compile:  /usr/bin/cc -DHAVE_CONFIG_H -I. -I/home/evgeniy/MPI-PI_Monte_Karlo/build/gsl_build/src/gsl_external/gsl-2.8/cdf -I.. -I/home/evgeniy/MPI-PI_Monte_Karlo/build/gsl_build/src/gsl_external/gsl-2.8 -g -O2 -MT exponentialinv.lo -MD -MP -MF .deps/exponentialinv.Tpo -c /home/evgeniy/MPI-PI_Monte_Karlo/build/gsl_build/src/gsl_external/gsl-2.8/cdf/exponentialinv.c -o exponentialinv.o
libtool: compile:  /usr/bin/cc -DHAVE_CONFIG_H -I. -I/home/evgeniy/MPI-PI_Monte_Karlo/build/gsl_build/src/gsl_external/gsl-2.8/cdf -I.. -I/home/evgeniy/MPI-PI_Monte_Karlo/build/gsl_build/src/gsl_external/gsl-2.8 -g -O2 -MT exppow.lo -MD -MP -MF .deps/exppow.Tpo -c /home/evgeniy/MPI-PI_Monte_Karlo/build/gsl_build/src/gsl_external/gsl-2.8/cdf/exppow.c -o exppow.o
libtool: compile:  /usr/bin/cc -DHAVE_CONFIG_H -I. -I/home/evgeniy/MPI-PI_Monte_Karlo/build/gsl_build/src/gsl_external/gsl-2.8/cdf -I.. -I/home/evgeniy/MPI-PI_Monte_Karlo/build/gsl_build/src/gsl_external/gsl-2.8 -g -O2 -MT fdist.lo -MD -MP -MF .deps/fdist.Tpo -c /home/evgeniy/MPI-PI_Monte_Karlo/build/gsl_build/src/gsl_external/gsl-2.8/cdf/fdist.c -o fdist.o
libtool: compile:  /usr/bin/cc -DHAVE_CONFIG_H -I. -I/home/evgeniy/MPI-PI_Monte_Karlo/build/gsl_build/src/gsl_external/gsl-2.8/cdf -I.. -I/home/evgeniy/MPI-PI_Monte_Karlo/build/gsl_build/src/gsl_external/gsl-2.8 -g -O2 -MT fdistinv.lo -MD -MP -MF .deps/fdistinv.Tpo -c /home/evgeniy/MPI-PI_Monte_Karlo/build/gsl_build/src/gsl_external/gsl-2.8/cdf/fdistinv.c -o fdistinv.o
libtool: compile:  /usr/bin/cc -DHAVE_CONFIG_H -I. -I/home/evgeniy/MPI-PI_Monte_Karlo/build/gsl_build/src/gsl_external/gsl-2.8/cdf -I.. -I/home/evgeniy/MPI-PI_Monte_Karlo/build/gsl_build/src/gsl_external/gsl-2.8 -g -O2 -MT flat.lo -MD -MP -MF .deps/flat.Tpo -c /home/evgeniy/MPI-PI_Monte_Karlo/build/gsl_build/src/gsl_external/gsl-2.8/cdf/flat.c -o flat.o
libtool: compile:  /usr/bin/cc -DHAVE_CONFIG_H -I. -I/home/evgeniy/MPI-PI_Monte_Karlo/build/gsl_build/src/gsl_external/gsl-2.8/cdf -I.. -I/home/evgeniy/MPI-PI_Monte_Karlo/build/gsl_build/src/gsl_external/gsl-2.8 -g -O2 -MT flatinv.lo -MD -MP -MF .deps/flatinv.Tpo -c /home/evgeniy/MPI-PI_Monte_Karlo/build/gsl_build/src/gsl_external/gsl-2.8/cdf/flatinv.c -o flatinv.o
libtool: compile:  /usr/bin/cc -DHAVE_CONFIG_H -I. -I/home/evgeniy/MPI-PI_Monte_Karlo/build/gsl_build/src/gsl_external/gsl-2.8/cdf -I.. -I/home/evgeniy/MPI-PI_Monte_Karlo/build/gsl_build/src/gsl_external/gsl-2.8 -g -O2 -MT gamma.lo -MD -MP -MF .deps/gamma.Tpo -c /home/evgeniy/MPI-PI_Monte_Karlo/build/gsl_build/src/gsl_external/gsl-2.8/cdf/gamma.c -o gamma.o
libtool: compile:  /usr/bin/cc -DHAVE_CONFIG_H -I. -I/home/evgeniy/MPI-PI_Monte_Karlo/build/gsl_build/src/gsl_external/gsl-2.8/cdf -I.. -I/home/evgeniy/MPI-PI_Monte_Karlo/build/gsl_build/src/gsl_external/gsl-2.8 -g -O2 -MT gammainv.lo -MD -MP -MF .deps/gammainv.Tpo -c /home/evgeniy/MPI-PI_Monte_Karlo/build/gsl_build/src/gsl_external/gsl-2.8/cdf/gammainv.c -o gammainv.o
libtool: compile:  /usr/bin/cc -DHAVE_CONFIG_H -I. -I/home/evgeniy/MPI-PI_Monte_Karlo/build/gsl_build/src/gsl_external/gsl-2.8/cdf -I.. -I/home/evgeniy/MPI-PI_Monte_Karlo/build/gsl_build/src/gsl_external/gsl-2.8 -g -O2 -MT gauss.lo -MD -MP -MF .deps/gauss.Tpo -c /home/evgeniy/MPI-PI_Monte_Karlo/build/gsl_build/src/gsl_external/gsl-2.8/cdf/gauss.c -o gauss.o
libtool: compile:  /usr/bin/cc -DHAVE_CONFIG_H -I. -I/home/evgeniy/MPI-PI_Monte_Karlo/build/gsl_build/src/gsl_external/gsl-2.8/cdf -I.. -I/home/evgeniy/MPI-PI_Monte_Karlo/build/gsl_build/src/gsl_external/gsl-2.8 -g -O2 -MT gaussinv.lo -MD -MP -MF .deps/gaussinv.Tpo -c /home/evgeniy/MPI-PI_Monte_Karlo/build/gsl_build/src/gsl_external/gsl-2.8/cdf/gaussinv.c -o gaussinv.o
libtool: compile:  /usr/bin/cc -DHAVE_CONFIG_H -I. -I/home/evgeniy/MPI-PI_Monte_Karlo/build/gsl_build/src/gsl_external/gsl-2.8/cdf -I.. -I/home/evgeniy/MPI-PI_Monte_Karlo/build/gsl_build/src/gsl_external/gsl-2.8 -g -O2 -MT gumbel1.lo -MD -MP -MF .deps/gumbel1.Tpo -c /home/evgeniy/MPI-PI_Monte_Karlo/build/gsl_build/src/gsl_external/gsl-2.8/cdf/gumbel1.c -o gumbel1.o
libtool: compile:  /usr/bin/cc -DHAVE_CONFIG_H -I. -I/home/evgeniy/MPI-PI_Monte_Karlo/build/gsl_build/src/gsl_external/gsl-2.8/cdf -I.. -I/home/evgeniy/MPI-PI_Monte_Karlo/build/gsl_build/src/gsl_external/gsl-2.8 -g -O2 -MT gumbel1inv.lo -MD -MP -MF .deps/gumbel1inv.Tpo -c /home/evgeniy/MPI-PI_Monte_Karlo/build/gsl_build/src/gsl_external/gsl-2.8/cdf/gumbel1inv.c -o gumbel1inv.o
libtool: compile:  /usr/bin/cc -DHAVE_CONFIG_H -I. -I/home/evgeniy/MPI-PI_Monte_Karlo/build/gsl_build/src/gsl_external/gsl-2.8/cdf -I.. -I/home/evgeniy/MPI-PI_Monte_Karlo/build/gsl_build/src/gsl_external/gsl-2.8 -g -O2 -MT gumbel2.lo -MD -MP -MF .deps/gumbel2.Tpo -c /home/evgeniy/MPI-PI_Monte_Karlo/build/gsl_build/src/gsl_external/gsl-2.8/cdf/gumbel2.c -o gumbel2.o
libtool: compile:  /usr/bin/cc -DHAVE_CONFIG_H -I. -I/home/evgeniy/MPI-PI_Monte_Karlo/build/gsl_build/src/gsl_external/gsl-2.8/cdf -I.. -I/home/evgeniy/MPI-PI_Monte_Karlo/build/gsl_build/src/gsl_external/gsl-2.8 -g -O2 -MT gumbel2inv.lo -MD -MP -MF .deps/gumbel2inv.Tpo -c /home/evgeniy/MPI-PI_Monte_Karlo/build/gsl_build/src/gsl_external/gsl-2.8/cdf/gumbel2inv.c -o gumbel2inv.o
libtool: compile:  /usr/bin/cc -DHAVE_CONFIG_H -I. -I/home/evgeniy/MPI-PI_Monte_Karlo/build/gsl_build/src/gsl_external/gsl-2.8/cdf -I.. -I/home/evgeniy/MPI-PI_Monte_Karlo/build/gsl_build/src/gsl_external/gsl-2.8 -g -O2 -MT laplace.lo -MD -MP -MF .deps/laplace.Tpo -c /home/evgeniy/MPI-PI_Monte_Karlo/build/gsl_build/src/gsl_external/gsl-2.8/cdf/laplace.c -o laplace.o
libtool: compile:  /usr/bin/cc -DHAVE_CONFIG_H -I. -I/home/evgeniy/MPI-PI_Monte_Karlo/build/gsl_build/src/gsl_external/gsl-2.8/cdf -I.. -I/home/evgeniy/MPI-PI_Monte_Karlo/build/gsl_build/src/gsl_external/gsl-2.8 -g -O2 -MT laplaceinv.lo -MD -MP -MF .deps/laplaceinv.Tpo -c /home/evgeniy/MPI-PI_Monte_Karlo/build/gsl_build/src/gsl_external/gsl-2.8/cdf/laplaceinv.c -o laplaceinv.o
libtool: compile:  /usr/bin/cc -DHAVE_CONFIG_H -I. -I/home/evgeniy/MPI-PI_Monte_Karlo/build/gsl_build/src/gsl_external/gsl-2.8/cdf -I.. -I/home/evgeniy/MPI-PI_Monte_Karlo/build/gsl_build/src/gsl_external/gsl-2.8 -g -O2 -MT logistic.lo -MD -MP -MF .deps/logistic.Tpo -c /home/evgeniy/MPI-PI_Monte_Karlo/build/gsl_build/src/gsl_external/gsl-2.8/cdf/logistic.c -o logistic.o
libtool: compile:  /usr/bin/cc -DHAVE_CONFIG_H -I. -I/home/evgeniy/MPI-PI_Monte_Karlo/build/gsl_build/src/gsl_external/gsl-2.8/cdf -I.. -I/home/evgeniy/MPI-PI_Monte_Karlo/build/gsl_build/src/gsl_external/gsl-2.8 -g -O2 -MT logisticinv.lo -MD -MP -MF .deps/logisticinv.Tpo -c /home/evgeniy/MPI-PI_Monte_Karlo/build/gsl_build/src/gsl_external/gsl-2.8/cdf/logisticinv.c -o logisticinv.o
libtool: compile:  /usr/bin/cc -DHAVE_CONFIG_H -I. -I/home/evgeniy/MPI-PI_Monte_Karlo/build/gsl_build/src/gsl_external/gsl-2.8/cdf -I.. -I/home/evgeniy/MPI-PI_Monte_Karlo/build/gsl_build/src/gsl_external/gsl-2.8 -g -O2 -MT lognormal.lo -MD -MP -MF .deps/lognormal.Tpo -c /home/evgeniy/MPI-PI_Monte_Karlo/build/gsl_build/src/gsl_external/gsl-2.8/cdf/lognormal.c -o lognormal.o
libtool: compile:  /usr/bin/cc -DHAVE_CONFIG_H -I. -I/home/evgeniy/MPI-PI_Monte_Karlo/build/gsl_build/src/gsl_external/gsl-2.8/cdf -I.. -I/home/evgeniy/MPI-PI_Monte_Karlo/build/gsl_build/src/gsl_external/gsl-2.8 -g -O2 -MT lognormalinv.lo -MD -MP -MF .deps/lognormalinv.Tpo -c /home/evgeniy/MPI-PI_Monte_Karlo/build/gsl_build/src/gsl_external/gsl-2.8/cdf/lognormalinv.c -o lognormalinv.o
libtool: compile:  /usr/bin/cc -DHAVE_CONFIG_H -I. -I/home/evgeniy/MPI-PI_Monte_Karlo/build/gsl_build/src/gsl_external/gsl-2.8/cdf -I.. -I/home/evgeniy/MPI-PI_Monte_Karlo/build/gsl_build/src/gsl_external/gsl-2.8 -g -O2 -MT pareto.lo -MD -MP -MF .deps/pareto.Tpo -c /home/evgeniy/MPI-PI_Monte_Karlo/build/gsl_build/src/gsl_external/gsl-2.8/cdf/pareto.c -o pareto.o
libtool: compile:  /usr/bin/cc -DHAVE_CONFIG_H -I. -I/home/evgeniy/MPI-PI_Monte_Karlo/build/gsl_build/src/gsl_external/gsl-2.8/cdf -I.. -I/home/evgeniy/MPI-PI_Monte_Karlo/build/gsl_build/src/gsl_external/gsl-2.8 -g -O2 -MT paretoinv.lo -MD -MP -MF .deps/paretoinv.Tpo -c /home/evgeniy/MPI-PI_Monte_Karlo/build/gsl_build/src/gsl_external/gsl-2.8/cdf/paretoinv.c -o paretoinv.o
libtool: compile:  /usr/bin/cc -DHAVE_CONFIG_H -I. -I/home/evgeniy/MPI-PI_Monte_Karlo/build/gsl_build/src/gsl_external/gsl-2.8/cdf -I.. -I/home/evgeniy/MPI-PI_Monte_Karlo/build/gsl_build/src/gsl_external/gsl-2.8 -g -O2 -MT rayleigh.lo -MD -MP -MF .deps/rayleigh.Tpo -c /home/evgeniy/MPI-PI_Monte_Karlo/build/gsl_build/src/gsl_external/gsl-2.8/cdf/rayleigh.c -o rayleigh.o
libtool: compile:  /usr/bin/cc -DHAVE_CONFIG_H -I. -I/home/evgeniy/MPI-PI_Monte_Karlo/build/gsl_build/src/gsl_external/gsl-2.8/cdf -I.. -I/home/evgeniy/MPI-PI_Monte_Karlo/build/gsl_build/src/gsl_external/gsl-2.8 -g -O2 -MT rayleighinv.lo -MD -MP -MF .deps/rayleighinv.Tpo -c /home/evgeniy/MPI-PI_Monte_Karlo/build/gsl_build/src/gsl_external/gsl-2.8/cdf/rayleighinv.c -o rayleighinv.o
libtool: compile:  /usr/bin/cc -DHAVE_CONFIG_H -I. -I/home/evgeniy/MPI-PI_Monte_Karlo/build/gsl_build/src/gsl_external/gsl-2.8/cdf -I.. -I/home/evgeniy/MPI-PI_Monte_Karlo/build/gsl_build/src/gsl_external/gsl-2.8 -g -O2 -MT tdist.lo -MD -MP -MF .deps/tdist.Tpo -c /home/evgeniy/MPI-PI_Monte_Karlo/build/gsl_build/src/gsl_external/gsl-2.8/cdf/tdist.c -o tdist.o
libtool: compile:  /usr/bin/cc -DHAVE_CONFIG_H -I. -I/home/evgeniy/MPI-PI_Monte_Karlo/build/gsl_build/src/gsl_external/gsl-2.8/cdf -I.. -I/home/evgeniy/MPI-PI_Monte_Karlo/build/gsl_build/src/gsl_external/gsl-2.8 -g -O2 -MT tdistinv.lo -MD -MP -MF .deps/tdistinv.Tpo -c /home/evgeniy/MPI-PI_Monte_Karlo/build/gsl_build/src/gsl_external/gsl-2.8/cdf/tdistinv.c -o tdistinv.o
libtool: compile:  /usr/bin/cc -DHAVE_CONFIG_H -I. -I/home/evgeniy/MPI-PI_Monte_Karlo/build/gsl_build/src/gsl_external/gsl-2.8/cdf -I.. -I/home/evgeniy/MPI-PI_Monte_Karlo/build/gsl_build/src/gsl_external/gsl-2.8 -g -O2 -MT weibull.lo -MD -MP -MF .deps/weibull.Tpo -c /home/evgeniy/MPI-PI_Monte_Karlo/build/gsl_build/src/gsl_external/gsl-2.8/cdf/weibull.c -o weibull.o
libtool: compile:  /usr/bin/cc -DHAVE_CONFIG_H -I. -I/home/evgeniy/MPI-PI_Monte_Karlo/build/gsl_build/src/gsl_external/gsl-2.8/cdf -I.. -I/home/evgeniy/MPI-PI_Monte_Karlo/build/gsl_build/src/gsl_external/gsl-2.8 -g -O2 -MT weibullinv.lo -MD -MP -MF .deps/weibullinv.Tpo -c /home/evgeniy/MPI-PI_Monte_Karlo/build/gsl_build/src/gsl_external/gsl-2.8/cdf/weibullinv.c -o weibullinv.o
libtool: compile:  /usr/bin/cc -DHAVE_CONFIG_H -I. -I/home/evgeniy/MPI-PI_Monte_Karlo/build/gsl_build/src/gsl_external/gsl-2.8/cdf -I.. -I/home/evgeniy/MPI-PI_Monte_Karlo/build/gsl_build/src/gsl_external/gsl-2.8 -g -O2 -MT binomial.lo -MD -MP -MF .deps/binomial.Tpo -c /home/evgeniy/MPI-PI_Monte_Karlo/build/gsl_build/src/gsl_external/gsl-2.8/cdf/binomial.c -o binomial.o
libtool: compile:  /usr/bin/cc -DHAVE_CONFIG_H -I. -I/home/evgeniy/MPI-PI_Monte_Karlo/build/gsl_build/src/gsl_external/gsl-2.8/cdf -I.. -I/home/evgeniy/MPI-PI_Monte_Karlo/build/gsl_build/src/gsl_external/gsl-2.8 -g -O2 -MT poisson.lo -MD -MP -MF .deps/poisson.Tpo -c /home/evgeniy/MPI-PI_Monte_Karlo/build/gsl_build/src/gsl_external/gsl-2.8/cdf/poisson.c -o poisson.o
libtool: compile:  /usr/bin/cc -DHAVE_CONFIG_H -I. -I/home/evgeniy/MPI-PI_Monte_Karlo/build/gsl_build/src/gsl_external/gsl-2.8/cdf -I.. -I/home/evgeniy/MPI-PI_Monte_Karlo/build/gsl_build/src/gsl_external/gsl-2.8 -g -O2 -MT geometric.lo -MD -MP -MF .deps/geometric.Tpo -c /home/evgeniy/MPI-PI_Monte_Karlo/build/gsl_build/src/gsl_external/gsl-2.8/cdf/geometric.c -o geometric.o
libtool: compile:  /usr/bin/cc -DHAVE_CONFIG_H -I. -I/home/evgeniy/MPI-PI_Monte_Karlo/build/gsl_build/src/gsl_external/gsl-2.8/cdf -I.. -I/home/evgeniy/MPI-PI_Monte_Karlo/build/gsl_build/src/gsl_external/gsl-2.8 -g -O2 -MT nbinomial.lo -MD -MP -MF .deps/nbinomial.Tpo -c /home/evgeniy/MPI-PI_Monte_Karlo/build/gsl_build/src/gsl_external/gsl-2.8/cdf/nbinomial.c -o nbinomial.o
libtool: compile:  /usr/bin/cc -DHAVE_CONFIG_H -I. -I/home/evgeniy/MPI-PI_Monte_Karlo/build/gsl_build/src/gsl_external/gsl-2.8/cdf -I.. -I/home/evgeniy/MPI-PI_Monte_Karlo/build/gsl_build/src/gsl_external/gsl-2.8 -g -O2 -MT pascal.lo -MD -MP -MF .deps/pascal.Tpo -c /home/evgeniy/MPI-PI_Monte_Karlo/build/gsl_build/src/gsl_external/gsl-2.8/cdf/pascal.c -o pascal.o
libtool: compile:  /usr/bin/cc -DHAVE_CONFIG_H -I. -I/home/evgeniy/MPI-PI_Monte_Karlo/build/gsl_build/src/gsl_external/gsl-2.8/cdf -I.. -I/home/evgeniy/MPI-PI_Monte_Karlo/build/gsl_build/src/gsl_external/gsl-2.8 -g -O2 -MT hypergeometric.lo -MD -MP -MF .deps/hypergeometric.Tpo -c /home/evgeniy/MPI-PI_Monte_Karlo/build/gsl_build/src/gsl_external/gsl-2.8/cdf/hypergeometric.c -o hypergeometric.o
libtool: link: ar cr .libs/libgslcdf.a  beta.o betainv.o cauchy.o cauchyinv.o chisq.o chisqinv.o exponential.o exponentialinv.o exppow.o fdist.o fdistinv.o flat.o flatinv.o gamma.o gammainv.o gauss.o gaussinv.o gumbel1.o gumbel1inv.o gumbel2.o gumbel2inv.o laplace.o laplaceinv.o logistic.o logisticinv.o lognormal.o lognormalinv.o pareto.o paretoinv.o rayleigh.o rayleighinv.o tdist.o tdistinv.o weibull.o weibullinv.o binomial.o poisson.o geometric.o nbinomial.o pascal.o hypergeometric.o
libtool: link: ranlib .libs/libgslcdf.a
libtool: link: ( cd ".libs" && rm -f "libgslcdf.la" && ln -s "../libgslcdf.la" "libgslcdf.la" )
Making all in wavelet
libtool: compile:  /usr/bin/cc -DHAVE_CONFIG_H -I. -I/home/evgeniy/MPI-PI_Monte_Karlo/build/gsl_build/src/gsl_external/gsl-2.8/wavelet -I.. -I/home/evgeniy/MPI-PI_Monte_Karlo/build/gsl_build/src/gsl_external/gsl-2.8 -g -O2 -MT dwt.lo -MD -MP -MF .deps/dwt.Tpo -c /home/evgeniy/MPI-PI_Monte_Karlo/build/gsl_build/src/gsl_external/gsl-2.8/wavelet/dwt.c -o dwt.o
libtool: compile:  /usr/bin/cc -DHAVE_CONFIG_H -I. -I/home/evgeniy/MPI-PI_Monte_Karlo/build/gsl_build/src/gsl_external/gsl-2.8/wavelet -I.. -I/home/evgeniy/MPI-PI_Monte_Karlo/build/gsl_build/src/gsl_external/gsl-2.8 -g -O2 -MT wavelet.lo -MD -MP -MF .deps/wavelet.Tpo -c /home/evgeniy/MPI-PI_Monte_Karlo/build/gsl_build/src/gsl_external/gsl-2.8/wavelet/wavelet.c -o wavelet.o
libtool: compile:  /usr/bin/cc -DHAVE_CONFIG_H -I. -I/home/evgeniy/MPI-PI_Monte_Karlo/build/gsl_build/src/gsl_external/gsl-2.8/wavelet -I.. -I/home/evgeniy/MPI-PI_Monte_Karlo/build/gsl_build/src/gsl_external/gsl-2.8 -g -O2 -MT bspline.lo -MD -MP -MF .deps/bspline.Tpo -c /home/evgeniy/MPI-PI_Monte_Karlo/build/gsl_build/src/gsl_external/gsl-2.8/wavelet/bspline.c -o bspline.o
libtool: compile:  /usr/bin/cc -DHAVE_CONFIG_H -I. -I/home/evgeniy/MPI-PI_Monte_Karlo/build/gsl_build/src/gsl_external/gsl-2.8/wavelet -I.. -I/home/evgeniy/MPI-PI_Monte_Karlo/build/gsl_build/src/gsl_external/gsl-2.8 -g -O2 -MT daubechies.lo -MD -MP -MF .deps/daubechies.Tpo -c /home/evgeniy/MPI-PI_Monte_Karlo/build/gsl_build/src/gsl_external/gsl-2.8/wavelet/daubechies.c -o daubechies.o
libtool: compile:  /usr/bin/cc -DHAVE_CONFIG_H -I. -I/home/evgeniy/MPI-PI_Monte_Karlo/build/gsl_build/src/gsl_external/gsl-2.8/wavelet -I.. -I/home/evgeniy/MPI-PI_Monte_Karlo/build/gsl_build/src/gsl_external/gsl-2.8 -g -O2 -MT haar.lo -MD -MP -MF .deps/haar.Tpo -c /home/evgeniy/MPI-PI_Monte_Karlo/build/gsl_build/src/gsl_external/gsl-2.8/wavelet/haar.c -o haar.o
libtool: link: ar cr .libs/libgslwavelet.a  dwt.o wavelet.o bspline.o daubechies.o haar.o
libtool: link: ranlib .libs/libgslwavelet.a
libtool: link: ( cd ".libs" && rm -f "libgslwavelet.la" && ln -s "../libgslwavelet.la" "libgslwavelet.la" )
Making all in bspline
libtool: compile:  /usr/bin/cc -DHAVE_CONFIG_H -I. -I/home/evgeniy/MPI-PI_Monte_Karlo/build/gsl_build/src/gsl_external/gsl-2.8/bspline -I.. -I/home/evgeniy/MPI-PI_Monte_Karlo/build/gsl_build/src/gsl_external/gsl-2.8 -g -O2 -MT bspline.lo -MD -MP -MF .deps/bspline.Tpo -c /home/evgeniy/MPI-PI_Monte_Karlo/build/gsl_build/src/gsl_external/gsl-2.8/bspline/bspline.c -o bspline.o
libtool: compile:  /usr/bin/cc -DHAVE_CONFIG_H -I. -I/home/evgeniy/MPI-PI_Monte_Karlo/build/gsl_build/src/gsl_external/gsl-2.8/bspline -I.. -I/home/evgeniy/MPI-PI_Monte_Karlo/build/gsl_build/src/gsl_external/gsl-2.8 -g -O2 -MT eval.lo -MD -MP -MF .deps/eval.Tpo -c /home/evgeniy/MPI-PI_Monte_Karlo/build/gsl_build/src/gsl_external/gsl-2.8/bspline/eval.c -o eval.o
libtool: compile:  /usr/bin/cc -DHAVE_CONFIG_H -I. -I/home/evgeniy/MPI-PI_Monte_Karlo/build/gsl_build/src/gsl_external/gsl-2.8/bspline -I.. -I/home/evgeniy/MPI-PI_Monte_Karlo/build/gsl_build/src/gsl_external/gsl-2.8 -g -O2 -MT gram.lo -MD -MP -MF .deps/gram.Tpo -c /home/evgeniy/MPI-PI_Monte_Karlo/build/gsl_build/src/gsl_external/gsl-2.8/bspline/gram.c -o gram.o
libtool: compile:  /usr/bin/cc -DHAVE_CONFIG_H -I. -I/home/evgeniy/MPI-PI_Monte_Karlo/build/gsl_build/src/gsl_external/gsl-2.8/bspline -I.. -I/home/evgeniy/MPI-PI_Monte_Karlo/build/gsl_build/src/gsl_external/gsl-2.8 -g -O2 -MT greville.lo -MD -MP -MF .deps/greville.Tpo -c /home/evgeniy/MPI-PI_Monte_Karlo/build/gsl_build/src/gsl_external/gsl-2.8/bspline/greville.c -o greville.o
libtool: compile:  /usr/bin/cc -DHAVE_CONFIG_H -I. -I/home/evgeniy/MPI-PI_Monte_Karlo/build/gsl_build/src/gsl_external/gsl-2.8/bspline -I.. -I/home/evgeniy/MPI-PI_Monte_Karlo/build/gsl_build/src/gsl_external/gsl-2.8 -g -O2 -MT integ.lo -MD -MP -MF .deps/integ.Tpo -c /home/evgeniy/MPI-PI_Monte_Karlo/build/gsl_build/src/gsl_external/gsl-2.8/bspline/integ.c -o integ.o
libtool: compile:  /usr/bin/cc -DHAVE_CONFIG_H -I. -I/home/evgeniy/MPI-PI_Monte_Karlo/build/gsl_build/src/gsl_external/gsl-2.8/bspline -I.. -I/home/evgeniy/MPI-PI_Monte_Karlo/build/gsl_build/src/gsl_external/gsl-2.8 -g -O2 -MT interp.lo -MD -MP -MF .deps/interp.Tpo -c /home/evgeniy/MPI-PI_Monte_Karlo/build/gsl_build/src/gsl_external/gsl-2.8/bspline/interp.c -o interp.o
libtool: compile:  /usr/bin/cc -DHAVE_CONFIG_H -I. -I/home/evgeniy/MPI-PI_Monte_Karlo/build/gsl_build/src/gsl_external/gsl-2.8/bspline -I.. -I/home/evgeniy/MPI-PI_Monte_Karlo/build/gsl_build/src/gsl_external/gsl-2.8 -g -O2 -MT ls.lo -MD -MP -MF .deps/ls.Tpo -c /home/evgeniy/MPI-PI_Monte_Karlo/build/gsl_build/src/gsl_external/gsl-2.8/bspline/ls.c -o ls.o
libtool: compile:  /usr/bin/cc -DHAVE_CONFIG_H -I. -I/home/evgeniy/MPI-PI_Monte_Karlo/build/gsl_build/src/gsl_external/gsl-2.8/bspline -I.. -I/home/evgeniy/MPI-PI_Monte_Karlo/build/gsl_build/src/gsl_external/gsl-2.8 -g -O2 -MT old.lo -MD -MP -MF .deps/old.Tpo -c /home/evgeniy/MPI-PI_Monte_Karlo/build/gsl_build/src/gsl_external/gsl-2.8/bspline/old.c -o old.o
libtool: compile:  /usr/bin/cc -DHAVE_CONFIG_H -I. -I/home/evgeniy/MPI-PI_Monte_Karlo/build/gsl_build/src/gsl_external/gsl-2.8/bspline -I.. -I/home/evgeniy/MPI-PI_Monte_Karlo/build/gsl_build/src/gsl_external/gsl-2.8 -g -O2 -MT inline.lo -MD -MP -MF .deps/inline.Tpo -c /home/evgeniy/MPI-PI_Monte_Karlo/build/gsl_build/src/gsl_external/gsl-2.8/bspline/inline.c -o inline.o
libtool: link: ar cr .libs/libgslbspline.a  bspline.o eval.o gram.o greville.o integ.o interp.o ls.o old.o inline.o
libtool: link: ranlib .libs/libgslbspline.a
libtool: link: ( cd ".libs" && rm -f "libgslbspline.la" && ln -s "../libgslbspline.la" "libgslbspline.la" )
Making all in spblas
libtool: compile:  /usr/bin/cc -DHAVE_CONFIG_H -I. -I/home/evgeniy/MPI-PI_Monte_Karlo/build/gsl_build/src/gsl_external/gsl-2.8/spblas -I.. -I/home/evgeniy/MPI-PI_Monte_Karlo/build/gsl_build/src/gsl_external/gsl-2.8 -g -O2 -MT spdgemm.lo -MD -MP -MF .deps/spdgemm.Tpo -c /home/evgeniy/MPI-PI_Monte_Karlo/build/gsl_build/src/gsl_external/gsl-2.8/spblas/spdgemm.c -o spdgemm.o
libtool: compile:  /usr/bin/cc -DHAVE_CONFIG_H -I. -I/home/evgeniy/MPI-PI_Monte_Karlo/build/gsl_build/src/gsl_external/gsl-2.8/spblas -I.. -I/home/evgeniy/MPI-PI_Monte_Karlo/build/gsl_build/src/gsl_external/gsl-2.8 -g -O2 -MT spdgemv.lo -MD -MP -MF .deps/spdgemv.Tpo -c /home/evgeniy/MPI-PI_Monte_Karlo/build/gsl_build/src/gsl_external/gsl-2.8/spblas/spdgemv.c -o spdgemv.o
libtool: link: ar cr .libs/libgslspblas.a  spdgemm.o spdgemv.o
libtool: link: ranlib .libs/libgslspblas.a
libtool: link: ( cd ".libs" && rm -f "libgslspblas.la" && ln -s "../libgslspblas.la" "libgslspblas.la" )
Making all in spmatrix
libtool: compile:  /usr/bin/cc -DHAVE_CONFIG_H -I. -I/home/evgeniy/MPI-PI_Monte_Karlo/build/gsl_build/src/gsl_external/gsl-2.8/spmatrix -I.. -I/home/evgeniy/MPI-PI_Monte_Karlo/build/gsl_build/src/gsl_external/gsl-2.8 -g -O2 -MT compress.lo -MD -MP -MF .deps/compress.Tpo -c /home/evgeniy/MPI-PI_Monte_Karlo/build/gsl_build/src/gsl_external/gsl-2.8/spmatrix/compress.c -o compress.o
libtool: compile:  /usr/bin/cc -DHAVE_CONFIG_H -I. -I/home/evgeniy/MPI-PI_Monte_Karlo/build/gsl_build/src/gsl_external/gsl-2.8/spmatrix -I.. -I/home/evgeniy/MPI-PI_Monte_Karlo/build/gsl_build/src/gsl_external/gsl-2.8 -g -O2 -MT copy.lo -MD -MP -MF .deps/copy.Tpo -c /home/evgeniy/MPI-PI_Monte_Karlo/build/gsl_build/src/gsl_external/gsl-2.8/spmatrix/copy.c -o copy.o
libtool: compile:  /usr/bin/cc -DHAVE_CONFIG_H -I. -I/home/evgeniy/MPI-PI_Monte_Karlo/build/gsl_build/src/gsl_external/gsl-2.8/spmatrix -I.. -I/home/evgeniy/MPI-PI_Monte_Karlo/build/gsl_build/src/gsl_external/gsl-2.8 -g -O2 -MT file.lo -MD -MP -MF .deps/file.Tpo -c /home/evgeniy/MPI-PI_Monte_Karlo/build/gsl_build/src/gsl_external/gsl-2.8/spmatrix/file.c -o file.o
libtool: compile:  /usr/bin/cc -DHAVE_CONFIG_H -I. -I/home/evgeniy/MPI-PI_Monte_Karlo/build/gsl_build/src/gsl_external/gsl-2.8/spmatrix -I.. -I/home/evgeniy/MPI-PI_Monte_Karlo/build/gsl_build/src/gsl_external/gsl-2.8 -g -O2 -MT getset.lo -MD -MP -MF .deps/getset.Tpo -c /home/evgeniy/MPI-PI_Monte_Karlo/build/gsl_build/src/gsl_external/gsl-2.8/spmatrix/getset.c -o getset.o
libtool: compile:  /usr/bin/cc -DHAVE_CONFIG_H -I. -I/home/evgeniy/MPI-PI_Monte_Karlo/build/gsl_build/src/gsl_external/gsl-2.8/spmatrix -I.. -I/home/evgeniy/MPI-PI_Monte_Karlo/build/gsl_build/src/gsl_external/gsl-2.8 -g -O2 -MT init.lo -MD -MP -MF .deps/init.Tpo -c /home/evgeniy/MPI-PI_Monte_Karlo/build/gsl_build/src/gsl_external/gsl-2.8/spmatrix/init.c -o init.o
libtool: compile:  /usr/bin/cc -DHAVE_CONFIG_H -I. -I/home/evgeniy/MPI-PI_Monte_Karlo/build/gsl_build/src/gsl_external/gsl-2.8/spmatrix -I.. -I/home/evgeniy/MPI-PI_Monte_Karlo/build/gsl_build/src/gsl_external/gsl-2.8 -g -O2 -MT minmax.lo -MD -MP -MF .deps/minmax.Tpo -c /home/evgeniy/MPI-PI_Monte_Karlo/build/gsl_build/src/gsl_external/gsl-2.8/spmatrix/minmax.c -o minmax.o
libtool: compile:  /usr/bin/cc -DHAVE_CONFIG_H -I. -I/home/evgeniy/MPI-PI_Monte_Karlo/build/gsl_build/src/gsl_external/gsl-2.8/spmatrix -I.. -I/home/evgeniy/MPI-PI_Monte_Karlo/build/gsl_build/src/gsl_external/gsl-2.8 -g -O2 -MT oper.lo -MD -MP -MF .deps/oper.Tpo -c /home/evgeniy/MPI-PI_Monte_Karlo/build/gsl_build/src/gsl_external/gsl-2.8/spmatrix/oper.c -o oper.o
libtool: compile:  /usr/bin/cc -DHAVE_CONFIG_H -I. -I/home/evgeniy/MPI-PI_Monte_Karlo/build/gsl_build/src/gsl_external/gsl-2.8/spmatrix -I.. -I/home/evgeniy/MPI-PI_Monte_Karlo/build/gsl_build/src/gsl_external/gsl-2.8 -g -O2 -MT prop.lo -MD -MP -MF .deps/prop.Tpo -c /home/evgeniy/MPI-PI_Monte_Karlo/build/gsl_build/src/gsl_external/gsl-2.8/spmatrix/prop.c -o prop.o
libtool: compile:  /usr/bin/cc -DHAVE_CONFIG_H -I. -I/home/evgeniy/MPI-PI_Monte_Karlo/build/gsl_build/src/gsl_external/gsl-2.8/spmatrix -I.. -I/home/evgeniy/MPI-PI_Monte_Karlo/build/gsl_build/src/gsl_external/gsl-2.8 -g -O2 -MT util.lo -MD -MP -MF .deps/util.Tpo -c /home/evgeniy/MPI-PI_Monte_Karlo/build/gsl_build/src/gsl_external/gsl-2.8/spmatrix/util.c -o util.o
libtool: compile:  /usr/bin/cc -DHAVE_CONFIG_H -I. -I/home/evgeniy/MPI-PI_Monte_Karlo/build/gsl_build/src/gsl_external/gsl-2.8/spmatrix -I.. -I/home/evgeniy/MPI-PI_Monte_Karlo/build/gsl_build/src/gsl_external/gsl-2.8 -g -O2 -MT swap.lo -MD -MP -MF .deps/swap.Tpo -c /home/evgeniy/MPI-PI_Monte_Karlo/build/gsl_build/src/gsl_external/gsl-2.8/spmatrix/swap.c -o swap.o
libtool: link: ar cr .libs/libgslspmatrix.a  compress.o copy.o file.o getset.o init.o minmax.o oper.o prop.o util.o swap.o
libtool: link: ranlib .libs/libgslspmatrix.a
libtool: link: ( cd ".libs" && rm -f "libgslspmatrix.la" && ln -s "../libgslspmatrix.la" "libgslspmatrix.la" )
Making all in splinalg
libtool: compile:  /usr/bin/cc -DHAVE_CONFIG_H -I. -I/home/evgeniy/MPI-PI_Monte_Karlo/build/gsl_build/src/gsl_external/gsl-2.8/splinalg -I.. -I/home/evgeniy/MPI-PI_Monte_Karlo/build/gsl_build/src/gsl_external/gsl-2.8 -g -O2 -MT itersolve.lo -MD -MP -MF .deps/itersolve.Tpo -c /home/evgeniy/MPI-PI_Monte_Karlo/build/gsl_build/src/gsl_external/gsl-2.8/splinalg/itersolve.c -o itersolve.o
libtool: compile:  /usr/bin/cc -DHAVE_CONFIG_H -I. -I/home/evgeniy/MPI-PI_Monte_Karlo/build/gsl_build/src/gsl_external/gsl-2.8/splinalg -I.. -I/home/evgeniy/MPI-PI_Monte_Karlo/build/gsl_build/src/gsl_external/gsl-2.8 -g -O2 -MT gmres.lo -MD -MP -MF .deps/gmres.Tpo -c /home/evgeniy/MPI-PI_Monte_Karlo/build/gsl_build/src/gsl_external/gsl-2.8/splinalg/gmres.c -o gmres.o
libtool: link: ar cr .libs/libgslsplinalg.a  itersolve.o gmres.o
libtool: link: ranlib .libs/libgslsplinalg.a
libtool: link: ( cd ".libs" && rm -f "libgslsplinalg.la" && ln -s "../libgslsplinalg.la" "libgslsplinalg.la" )
Making all in doc
Making all in .
Making all in examples
libtool: compile:  /usr/bin/cc -DHAVE_CONFIG_H -I. -I/home/evgeniy/MPI-PI_Monte_Karlo/build/gsl_build/src/gsl_external/gsl-2.8 -g -O2 -MT version.lo -MD -MP -MF .deps/version.Tpo -c /home/evgeniy/MPI-PI_Monte_Karlo/build/gsl_build/src/gsl_external/gsl-2.8/version.c -o version.o
libtool: link: (cd .libs/libgsl.lax/libgslblock.a && ar x "/home/evgeniy/MPI-PI_Monte_Karlo/build/gsl_build/src/gsl_external-build/block/.libs/libgslblock.a")
libtool: link: (cd .libs/libgsl.lax/libgslblas.a && ar x "/home/evgeniy/MPI-PI_Monte_Karlo/build/gsl_build/src/gsl_external-build/blas/.libs/libgslblas.a")
libtool: link: (cd .libs/libgsl.lax/libgslbspline.a && ar x "/home/evgeniy/MPI-PI_Monte_Karlo/build/gsl_build/src/gsl_external-build/bspline/.libs/libgslbspline.a")
libtool: link: (cd .libs/libgsl.lax/libgslbst.a && ar x "/home/evgeniy/MPI-PI_Monte_Karlo/build/gsl_build/src/gsl_external-build/bst/.libs/libgslbst.a")
libtool: link: (cd .libs/libgsl.lax/libgslcomplex.a && ar x "/home/evgeniy/MPI-PI_Monte_Karlo/build/gsl_build/src/gsl_external-build/complex/.libs/libgslcomplex.a")
libtool: link: (cd .libs/libgsl.lax/libgslcheb.a && ar x "/home/evgeniy/MPI-PI_Monte_Karlo/build/gsl_build/src/gsl_external-build/cheb/.libs/libgslcheb.a")
libtool: link: (cd .libs/libgsl.lax/libgsldht.a && ar x "/home/evgeniy/MPI-PI_Monte_Karlo/build/gsl_build/src/gsl_external-build/dht/.libs/libgsldht.a")
libtool: link: (cd .libs/libgsl.lax/libgsldiff.a && ar x "/home/evgeniy/MPI-PI_Monte_Karlo/build/gsl_build/src/gsl_external-build/diff/.libs/libgsldiff.a")
libtool: link: (cd .libs/libgsl.lax/libgslderiv.a && ar x "/home/evgeniy/MPI-PI_Monte_Karlo/build/gsl_build/src/gsl_external-build/deriv/.libs/libgslderiv.a")
libtool: link: (cd .libs/libgsl.lax/libgsleigen.a && ar x "/home/evgeniy/MPI-PI_Monte_Karlo/build/gsl_build/src/gsl_external-build/eigen/.libs/libgsleigen.a")
libtool: link: (cd .libs/libgsl.lax/libgslerr.a && ar x "/home/evgeniy/MPI-PI_Monte_Karlo/build/gsl_build/src/gsl_external-build/err/.libs/libgslerr.a")
libtool: link: (cd .libs/libgsl.lax/libgslfft.a && ar x "/home/evgeniy/MPI-PI_Monte_Karlo/build/gsl_build/src/gsl_external-build/fft/.libs/libgslfft.a")
libtool: link: (cd .libs/libgsl.lax/libgslfilter.a && ar x "/home/evgeniy/MPI-PI_Monte_Karlo/build/gsl_build/src/gsl_external-build/filter/.libs/libgslfilter.a")
libtool: link: (cd .libs/libgsl.lax/libgslfit.a && ar x "/home/evgeniy/MPI-PI_Monte_Karlo/build/gsl_build/src/gsl_external-build/fit/.libs/libgslfit.a")
libtool: link: (cd .libs/libgsl.lax/libgslhistogram.a && ar x "/home/evgeniy/MPI-PI_Monte_Karlo/build/gsl_build/src/gsl_external-build/histogram/.libs/libgslhistogram.a")
libtool: link: (cd .libs/libgsl.lax/libgslieeeutils.a && ar x "/home/evgeniy/MPI-PI_Monte_Karlo/build/gsl_build/src/gsl_external-build/ieee-utils/.libs/libgslieeeutils.a")
libtool: link: (cd .libs/libgsl.lax/libgslintegration.a && ar x "/home/evgeniy/MPI-PI_Monte_Karlo/build/gsl_build/src/gsl_external-build/integration/.libs/libgslintegration.a")
libtool: link: (cd .libs/libgsl.lax/libgslinterpolation.a && ar x "/home/evgeniy/MPI-PI_Monte_Karlo/build/gsl_build/src/gsl_external-build/interpolation/.libs/libgslinterpolation.a")
libtool: link: (cd .libs/libgsl.lax/libgsllinalg.a && ar x "/home/evgeniy/MPI-PI_Monte_Karlo/build/gsl_build/src/gsl_external-build/linalg/.libs/libgsllinalg.a")
libtool: link: (cd .libs/libgsl.lax/libgslmatrix.a && ar x "/home/evgeniy/MPI-PI_Monte_Karlo/build/gsl_build/src/gsl_external-build/matrix/.libs/libgslmatrix.a")
libtool: link: (cd .libs/libgsl.lax/libgslmin.a && ar x "/home/evgeniy/MPI-PI_Monte_Karlo/build/gsl_build/src/gsl_external-build/min/.libs/libgslmin.a")
libtool: link: (cd .libs/libgsl.lax/libgslmonte.a && ar x "/home/evgeniy/MPI-PI_Monte_Karlo/build/gsl_build/src/gsl_external-build/monte/.libs/libgslmonte.a")
libtool: link: (cd .libs/libgsl.lax/libgslmultifit.a && ar x "/home/evgeniy/MPI-PI_Monte_Karlo/build/gsl_build/src/gsl_external-build/multifit/.libs/libgslmultifit.a")
libtool: link: (cd .libs/libgsl.lax/libgslmultifit_nlinear.a && ar x "/home/evgeniy/MPI-PI_Monte_Karlo/build/gsl_build/src/gsl_external-build/multifit_nlinear/.libs/libgslmultifit_nlinear.a")
libtool: link: (cd .libs/libgsl.lax/libgslmultilarge.a && ar x "/home/evgeniy/MPI-PI_Monte_Karlo/build/gsl_build/src/gsl_external-build/multilarge/.libs/libgslmultilarge.a")
libtool: link: (cd .libs/libgsl.lax/libgslmultilarge_nlinear.a && ar x "/home/evgeniy/MPI-PI_Monte_Karlo/build/gsl_build/src/gsl_external-build/multilarge_nlinear/.libs/libgslmultilarge_nlinear.a")
libtool: link: (cd .libs/libgsl.lax/libgslmultimin.a && ar x "/home/evgeniy/MPI-PI_Monte_Karlo/build/gsl_build/src/gsl_external-build/multimin/.libs/libgslmultimin.a")
libtool: link: (cd .libs/libgsl.lax/libgslmultiroots.a && ar x "/home/evgeniy/MPI-PI_Monte_Karlo/build/gsl_build/src/gsl_external-build/multiroots/.libs/libgslmultiroots.a")
libtool: link: (cd .libs/libgsl.lax/libgslntuple.a && ar x "/home/evgeniy/MPI-PI_Monte_Karlo/build/gsl_build/src/gsl_external-build/ntuple/.libs/libgslntuple.a")
libtool: link: (cd .libs/libgsl.lax/libgslodeiv.a && ar x "/home/evgeniy/MPI-PI_Monte_Karlo/build/gsl_build/src/gsl_external-build/ode-initval/.libs/libgslodeiv.a")
libtool: link: (cd .libs/libgsl.lax/libgslodeiv2.a && ar x "/home/evgeniy/MPI-PI_Monte_Karlo/build/gsl_build/src/gsl_external-build/ode-initval2/.libs/libgslodeiv2.a")
libtool: link: (cd .libs/libgsl.lax/libgslpermutation.a && ar x "/home/evgeniy/MPI-PI_Monte_Karlo/build/gsl_build/src/gsl_external-build/permutation/.libs/libgslpermutation.a")
libtool: link: (cd .libs/libgsl.lax/libgslcombination.a && ar x "/home/evgeniy/MPI-PI_Monte_Karlo/build/gsl_build/src/gsl_external-build/combination/.libs/libgslcombination.a")
libtool: link: (cd .libs/libgsl.lax/libgslmultiset.a && ar x "/home/evgeniy/MPI-PI_Monte_Karlo/build/gsl_build/src/gsl_external-build/multiset/.libs/libgslmultiset.a")
libtool: link: (cd .libs/libgsl.lax/libgslpoly.a && ar x "/home/evgeniy/MPI-PI_Monte_Karlo/build/gsl_build/src/gsl_external-build/poly/.libs/libgslpoly.a")
libtool: link: (cd .libs/libgsl.lax/libgslqrng.a && ar x "/home/evgeniy/MPI-PI_Monte_Karlo/build/gsl_build/src/gsl_external-build/qrng/.libs/libgslqrng.a")
libtool: link: (cd .libs/libgsl.lax/libgslrandist.a && ar x "/home/evgeniy/MPI-PI_Monte_Karlo/build/gsl_build/src/gsl_external-build/randist/.libs/libgslrandist.a")
libtool: link: (cd .libs/libgsl.lax/libgslrng.a && ar x "/home/evgeniy/MPI-PI_Monte_Karlo/build/gsl_build/src/gsl_external-build/rng/.libs/libgslrng.a")
libtool: link: (cd .libs/libgsl.lax/libgslroots.a && ar x "/home/evgeniy/MPI-PI_Monte_Karlo/build/gsl_build/src/gsl_external-build/roots/.libs/libgslroots.a")
libtool: link: (cd .libs/libgsl.lax/libgslsiman.a && ar x "/home/evgeniy/MPI-PI_Monte_Karlo/build/gsl_build/src/gsl_external-build/siman/.libs/libgslsiman.a")
libtool: link: (cd .libs/libgsl.lax/libgslsort.a && ar x "/home/evgeniy/MPI-PI_Monte_Karlo/build/gsl_build/src/gsl_external-build/sort/.libs/libgslsort.a")
libtool: link: (cd .libs/libgsl.lax/libgslspecfunc.a && ar x "/home/evgeniy/MPI-PI_Monte_Karlo/build/gsl_build/src/gsl_external-build/specfunc/.libs/libgslspecfunc.a")
libtool: link: (cd .libs/libgsl.lax/libgslmovstat.a && ar x "/home/evgeniy/MPI-PI_Monte_Karlo/build/gsl_build/src/gsl_external-build/movstat/.libs/libgslmovstat.a")
libtool: link: (cd .libs/libgsl.lax/libgslrstat.a && ar x "/home/evgeniy/MPI-PI_Monte_Karlo/build/gsl_build/src/gsl_external-build/rstat/.libs/libgslrstat.a")
libtool: link: (cd .libs/libgsl.lax/libgslstatistics.a && ar x "/home/evgeniy/MPI-PI_Monte_Karlo/build/gsl_build/src/gsl_external-build/statistics/.libs/libgslstatistics.a")
libtool: link: (cd .libs/libgsl.lax/libgslsum.a && ar x "/home/evgeniy/MPI-PI_Monte_Karlo/build/gsl_build/src/gsl_external-build/sum/.libs/libgslsum.a")
libtool: link: (cd .libs/libgsl.lax/libgslsys.a && ar x "/home/evgeniy/MPI-PI_Monte_Karlo/build/gsl_build/src/gsl_external-build/sys/.libs/libgslsys.a")
libtool: link: (cd .libs/libgsl.lax/libgsltest.a && ar x "/home/evgeniy/MPI-PI_Monte_Karlo/build/gsl_build/src/gsl_external-build/test/.libs/libgsltest.a")
libtool: link: (cd .libs/libgsl.lax/libutils.a && ar x "/home/evgeniy/MPI-PI_Monte_Karlo/build/gsl_build/src/gsl_external-build/utils/.libs/libutils.a")
libtool: link: (cd .libs/libgsl.lax/libgslvector.a && ar x "/home/evgeniy/MPI-PI_Monte_Karlo/build/gsl_build/src/gsl_external-build/vector/.libs/libgslvector.a")
libtool: link: (cd .libs/libgsl.lax/libgslcdf.a && ar x "/home/evgeniy/MPI-PI_Monte_Karlo/build/gsl_build/src/gsl_external-build/cdf/.libs/libgslcdf.a")
libtool: link: (cd .libs/libgsl.lax/libgslwavelet.a && ar x "/home/evgeniy/MPI-PI_Monte_Karlo/build/gsl_build/src/gsl_external-build/wavelet/.libs/libgslwavelet.a")
libtool: link: (cd .libs/libgsl.lax/libgslspmatrix.a && ar x "/home/evgeniy/MPI-PI_Monte_Karlo/build/gsl_build/src/gsl_external-build/spmatrix/.libs/libgslspmatrix.a")
libtool: link: (cd .libs/libgsl.lax/libgslspblas.a && ar x "/home/evgeniy/MPI-PI_Monte_Karlo/build/gsl_build/src/gsl_external-build/spblas/.libs/libgslspblas.a")
libtool: link: (cd .libs/libgsl.lax/libgslsplinalg.a && ar x "/home/evgeniy/MPI-PI_Monte_Karlo/build/gsl_build/src/gsl_external-build/splinalg/.libs/libgslsplinalg.a")
copying selected object files to avoid basename conflicts...
libtool: link: ln .libs/libgsl.lax/libgslcomplex.a/inline.o .libs/libgsl.lax/lt1-inline.o || cp .libs/libgsl.lax/libgslcomplex.a/inline.o .libs/libgsl.lax/lt1-inline.o
libtool: link: ln .libs/libgsl.lax/libgslcheb.a/eval.o .libs/libgsl.lax/lt2-eval.o || cp .libs/libgsl.lax/libgslcheb.a/eval.o .libs/libgsl.lax/lt2-eval.o
libtool: link: ln .libs/libgsl.lax/libgslcheb.a/init.o .libs/libgsl.lax/lt3-init.o || cp .libs/libgsl.lax/libgslcheb.a/init.o .libs/libgsl.lax/lt3-init.o
libtool: link: ln .libs/libgsl.lax/libgslcheb.a/integ.o .libs/libgsl.lax/lt4-integ.o || cp .libs/libgsl.lax/libgslcheb.a/integ.o .libs/libgsl.lax/lt4-integ.o
libtool: link: ln .libs/libgsl.lax/libgslderiv.a/deriv.o .libs/libgsl.lax/lt5-deriv.o || cp .libs/libgsl.lax/libgslderiv.a/deriv.o .libs/libgsl.lax/lt5-deriv.o
libtool: link: ln .libs/libgsl.lax/libgslhistogram.a/file.o .libs/libgsl.lax/lt6-file.o || cp .libs/libgsl.lax/libgslhistogram.a/file.o .libs/libgsl.lax/lt6-file.o
libtool: link: ln .libs/libgsl.lax/libgslhistogram.a/init.o .libs/libgsl.lax/lt7-init.o || cp .libs/libgsl.lax/libgslhistogram.a/init.o .libs/libgsl.lax/lt7-init.o
libtool: link: ln .libs/libgsl.lax/libgslintegration.a/jacobi.o .libs/libgsl.lax/lt8-jacobi.o || cp .libs/libgsl.lax/libgslintegration.a/jacobi.o .libs/libgsl.lax/lt8-jacobi.o
libtool: link: ln .libs/libgsl.lax/libgslinterpolation.a/inline.o .libs/libgsl.lax/lt9-inline.o || cp .libs/libgsl.lax/libgslinterpolation.a/inline.o .libs/libgsl.lax/lt9-inline.o
libtool: link: ln .libs/libgsl.lax/libgslinterpolation.a/interp.o .libs/libgsl.lax/lt10-interp.o || cp .libs/libgsl.lax/libgslinterpolation.a/interp.o .libs/libgsl.lax/lt10-interp.o
libtool: link: ln .libs/libgsl.lax/libgslinterpolation.a/linear.o .libs/libgsl.lax/lt11-linear.o || cp .libs/libgsl.lax/libgslinterpolation.a/linear.o .libs/libgsl.lax/lt11-linear.o
libtool: link: ln .libs/libgsl.lax/libgsllinalg.a/exponential.o .libs/libgsl.lax/lt12-exponential.o || cp .libs/libgsl.lax/libgsllinalg.a/exponential.o .libs/libgsl.lax/lt12-exponential.o
libtool: link: ln .libs/libgsl.lax/libgsllinalg.a/inline.o .libs/libgsl.lax/lt13-inline.o || cp .libs/libgsl.lax/libgsllinalg.a/inline.o .libs/libgsl.lax/lt13-inline.o
libtool: link: ln .libs/libgsl.lax/libgslmatrix.a/copy.o .libs/libgsl.lax/lt14-copy.o || cp .libs/libgsl.lax/libgslmatrix.a/copy.o .libs/libgsl.lax/lt14-copy.o
libtool: link: ln .libs/libgsl.lax/libgslmatrix.a/file.o .libs/libgsl.lax/lt15-file.o || cp .libs/libgsl.lax/libgslmatrix.a/file.o .libs/libgsl.lax/lt15-file.o
libtool: link: ln .libs/libgsl.lax/libgslmatrix.a/init.o .libs/libgsl.lax/lt16-init.o || cp .libs/libgsl.lax/libgslmatrix.a/init.o .libs/libgsl.lax/lt16-init.o
libtool: link: ln .libs/libgsl.lax/libgslmatrix.a/oper.o .libs/libgsl.lax/lt17-oper.o || cp .libs/libgsl.lax/libgslmatrix.a/oper.o .libs/libgsl.lax/lt17-oper.o
libtool: link: ln .libs/libgsl.lax/libgslmultifit.a/convergence.o .libs/libgsl.lax/lt18-convergence.o || cp .libs/libgsl.lax/libgslmultifit.a/convergence.o .libs/libgsl.lax/lt18-convergence.o
libtool: link: ln .libs/libgsl.lax/libgslmultifit.a/fsolver.o .libs/libgsl.lax/lt19-fsolver.o || cp .libs/libgsl.lax/libgslmultifit.a/fsolver.o .libs/libgsl.lax/lt19-fsolver.o
libtool: link: ln .libs/libgsl.lax/libgslmultifit_nlinear.a/cholesky.o .libs/libgsl.lax/lt20-cholesky.o || cp .libs/libgsl.lax/libgslmultifit_nlinear.a/cholesky.o .libs/libgsl.lax/lt20-cholesky.o
libtool: link: ln .libs/libgsl.lax/libgslmultifit_nlinear.a/convergence.o .libs/libgsl.lax/lt21-convergence.o || cp .libs/libgsl.lax/libgslmultifit_nlinear.a/convergence.o .libs/libgsl.lax/lt21-convergence.o
libtool: link: ln .libs/libgsl.lax/libgslmultifit_nlinear.a/covar.o .libs/libgsl.lax/lt22-covar.o || cp .libs/libgsl.lax/libgslmultifit_nlinear.a/covar.o .libs/libgsl.lax/lt22-covar.o
libtool: link: ln .libs/libgsl.lax/libgslmultifit_nlinear.a/fdjac.o .libs/libgsl.lax/lt23-fdjac.o || cp .libs/libgsl.lax/libgslmultifit_nlinear.a/fdjac.o .libs/libgsl.lax/lt23-fdjac.o
libtool: link: ln .libs/libgsl.lax/libgslmultifit_nlinear.a/mcholesky.o .libs/libgsl.lax/lt24-mcholesky.o || cp .libs/libgsl.lax/libgslmultifit_nlinear.a/mcholesky.o .libs/libgsl.lax/lt24-mcholesky.o
libtool: link: ln .libs/libgsl.lax/libgslmultifit_nlinear.a/qr.o .libs/libgsl.lax/lt25-qr.o || cp .libs/libgsl.lax/libgslmultifit_nlinear.a/qr.o .libs/libgsl.lax/lt25-qr.o
libtool: link: ln .libs/libgsl.lax/libgslmultifit_nlinear.a/svd.o .libs/libgsl.lax/lt26-svd.o || cp .libs/libgsl.lax/libgslmultifit_nlinear.a/svd.o .libs/libgsl.lax/lt26-svd.o
libtool: link: ln .libs/libgsl.lax/libgslmultilarge_nlinear.a/cholesky.o .libs/libgsl.lax/lt27-cholesky.o || cp .libs/libgsl.lax/libgslmultilarge_nlinear.a/cholesky.o .libs/libgsl.lax/lt27-cholesky.o
libtool: link: ln .libs/libgsl.lax/libgslmultilarge_nlinear.a/convergence.o .libs/libgsl.lax/lt28-convergence.o || cp .libs/libgsl.lax/libgslmultilarge_nlinear.a/convergence.o .libs/libgsl.lax/lt28-convergence.o
libtool: link: ln .libs/libgsl.lax/libgslmultilarge_nlinear.a/dogleg.o .libs/libgsl.lax/lt29-dogleg.o || cp .libs/libgsl.lax/libgslmultilarge_nlinear.a/dogleg.o .libs/libgsl.lax/lt29-dogleg.o
libtool: link: ln .libs/libgsl.lax/libgslmultilarge_nlinear.a/fdf.o .libs/libgsl.lax/lt30-fdf.o || cp .libs/libgsl.lax/libgslmultilarge_nlinear.a/fdf.o .libs/libgsl.lax/lt30-fdf.o
libtool: link: ln .libs/libgsl.lax/libgslmultilarge_nlinear.a/lm.o .libs/libgsl.lax/lt31-lm.o || cp .libs/libgsl.lax/libgslmultilarge_nlinear.a/lm.o .libs/libgsl.lax/lt31-lm.o
libtool: link: ln .libs/libgsl.lax/libgslmultilarge_nlinear.a/mcholesky.o .libs/libgsl.lax/lt32-mcholesky.o || cp .libs/libgsl.lax/libgslmultilarge_nlinear.a/mcholesky.o .libs/libgsl.lax/lt32-mcholesky.o
libtool: link: ln .libs/libgsl.lax/libgslmultilarge_nlinear.a/scaling.o .libs/libgsl.lax/lt33-scaling.o || cp .libs/libgsl.lax/libgslmultilarge_nlinear.a/scaling.o .libs/libgsl.lax/lt33-scaling.o
libtool: link: ln .libs/libgsl.lax/libgslmultilarge_nlinear.a/subspace2D.o .libs/libgsl.lax/lt34-subspace2D.o || cp .libs/libgsl.lax/libgslmultilarge_nlinear.a/subspace2D.o .libs/libgsl.lax/lt34-subspace2D.o
libtool: link: ln .libs/libgsl.lax/libgslmultilarge_nlinear.a/trust.o .libs/libgsl.lax/lt35-trust.o || cp .libs/libgsl.lax/libgslmultilarge_nlinear.a/trust.o .libs/libgsl.lax/lt35-trust.o
libtool: link: ln .libs/libgsl.lax/libgslmultimin.a/convergence.o .libs/libgsl.lax/lt36-convergence.o || cp .libs/libgsl.lax/libgslmultimin.a/convergence.o .libs/libgsl.lax/lt36-convergence.o
libtool: link: ln .libs/libgsl.lax/libgslmultimin.a/diff.o .libs/libgsl.lax/lt37-diff.o || cp .libs/libgsl.lax/libgslmultimin.a/diff.o .libs/libgsl.lax/lt37-diff.o
libtool: link: ln .libs/libgsl.lax/libgslmultiroots.a/convergence.o .libs/libgsl.lax/lt38-convergence.o || cp .libs/libgsl.lax/libgslmultiroots.a/convergence.o .libs/libgsl.lax/lt38-convergence.o
libtool: link: ln .libs/libgsl.lax/libgslmultiroots.a/fdfsolver.o .libs/libgsl.lax/lt39-fdfsolver.o || cp .libs/libgsl.lax/libgslmultiroots.a/fdfsolver.o .libs/libgsl.lax/lt39-fdfsolver.o
libtool: link: ln .libs/libgsl.lax/libgslmultiroots.a/fdjac.o .libs/libgsl.lax/lt40-fdjac.o || cp .libs/libgsl.lax/libgslmultiroots.a/fdjac.o .libs/libgsl.lax/lt40-fdjac.o
libtool: link: ln .libs/libgsl.lax/libgslmultiroots.a/fsolver.o .libs/libgsl.lax/lt41-fsolver.o || cp .libs/libgsl.lax/libgslmultiroots.a/fsolver.o .libs/libgsl.lax/lt41-fsolver.o
libtool: link: ln .libs/libgsl.lax/libgslodeiv2.a/bsimp.o .libs/libgsl.lax/lt42-bsimp.o || cp .libs/libgsl.lax/libgslodeiv2.a/bsimp.o .libs/libgsl.lax/lt42-bsimp.o
libtool: link: ln .libs/libgsl.lax/libgslodeiv2.a/control.o .libs/libgsl.lax/lt43-control.o || cp .libs/libgsl.lax/libgslodeiv2.a/control.o .libs/libgsl.lax/lt43-control.o
libtool: link: ln .libs/libgsl.lax/libgslodeiv2.a/cscal.o .libs/libgsl.lax/lt44-cscal.o || cp .libs/libgsl.lax/libgslodeiv2.a/cscal.o .libs/libgsl.lax/lt44-cscal.o
libtool: link: ln .libs/libgsl.lax/libgslodeiv2.a/cstd.o .libs/libgsl.lax/lt45-cstd.o || cp .libs/libgsl.lax/libgslodeiv2.a/cstd.o .libs/libgsl.lax/lt45-cstd.o
libtool: link: ln .libs/libgsl.lax/libgslodeiv2.a/evolve.o .libs/libgsl.lax/lt46-evolve.o || cp .libs/libgsl.lax/libgslodeiv2.a/evolve.o .libs/libgsl.lax/lt46-evolve.o
libtool: link: ln .libs/libgsl.lax/libgslodeiv2.a/rk2.o .libs/libgsl.lax/lt47-rk2.o || cp .libs/libgsl.lax/libgslodeiv2.a/rk2.o .libs/libgsl.lax/lt47-rk2.o
libtool: link: ln .libs/libgsl.lax/libgslodeiv2.a/rk2imp.o .libs/libgsl.lax/lt48-rk2imp.o || cp .libs/libgsl.lax/libgslodeiv2.a/rk2imp.o .libs/libgsl.lax/lt48-rk2imp.o
libtool: link: ln .libs/libgsl.lax/libgslodeiv2.a/rk4.o .libs/libgsl.lax/lt49-rk4.o || cp .libs/libgsl.lax/libgslodeiv2.a/rk4.o .libs/libgsl.lax/lt49-rk4.o
libtool: link: ln .libs/libgsl.lax/libgslodeiv2.a/rk4imp.o .libs/libgsl.lax/lt50-rk4imp.o || cp .libs/libgsl.lax/libgslodeiv2.a/rk4imp.o .libs/libgsl.lax/lt50-rk4imp.o
libtool: link: ln .libs/libgsl.lax/libgslodeiv2.a/rk8pd.o .libs/libgsl.lax/lt51-rk8pd.o || cp .libs/libgsl.lax/libgslodeiv2.a/rk8pd.o .libs/libgsl.lax/lt51-rk8pd.o
libtool: link: ln .libs/libgsl.lax/libgslodeiv2.a/rkck.o .libs/libgsl.lax/lt52-rkck.o || cp .libs/libgsl.lax/libgslodeiv2.a/rkck.o .libs/libgsl.lax/lt52-rkck.o
libtool: link: ln .libs/libgsl.lax/libgslodeiv2.a/rkf45.o .libs/libgsl.lax/lt53-rkf45.o || cp .libs/libgsl.lax/libgslodeiv2.a/rkf45.o .libs/libgsl.lax/lt53-rkf45.o
libtool: link: ln .libs/libgsl.lax/libgslodeiv2.a/step.o .libs/libgsl.lax/lt54-step.o || cp .libs/libgsl.lax/libgslodeiv2.a/step.o .libs/libgsl.lax/lt54-step.o
libtool: link: ln .libs/libgsl.lax/libgslpermutation.a/file.o .libs/libgsl.lax/lt55-file.o || cp .libs/libgsl.lax/libgslpermutation.a/file.o .libs/libgsl.lax/lt55-file.o
libtool: link: ln .libs/libgsl.lax/libgslpermutation.a/init.o .libs/libgsl.lax/lt56-init.o || cp .libs/libgsl.lax/libgslpermutation.a/init.o .libs/libgsl.lax/lt56-init.o
libtool: link: ln .libs/libgsl.lax/libgslpermutation.a/inline.o .libs/libgsl.lax/lt57-inline.o || cp .libs/libgsl.lax/libgslpermutation.a/inline.o .libs/libgsl.lax/lt57-inline.o
libtool: link: ln .libs/libgsl.lax/libgslcombination.a/file.o .libs/libgsl.lax/lt58-file.o || cp .libs/libgsl.lax/libgslcombination.a/file.o .libs/libgsl.lax/lt58-file.o
libtool: link: ln .libs/libgsl.lax/libgslcombination.a/init.o .libs/libgsl.lax/lt59-init.o || cp .libs/libgsl.lax/libgslcombination.a/init.o .libs/libgsl.lax/lt59-init.o
libtool: link: ln .libs/libgsl.lax/libgslcombination.a/inline.o .libs/libgsl.lax/lt60-inline.o || cp .libs/libgsl.lax/libgslcombination.a/inline.o .libs/libgsl.lax/lt60-inline.o
libtool: link: ln .libs/libgsl.lax/libgslmultiset.a/file.o .libs/libgsl.lax/lt61-file.o || cp .libs/libgsl.lax/libgslmultiset.a/file.o .libs/libgsl.lax/lt61-file.o
libtool: link: ln .libs/libgsl.lax/libgslmultiset.a/init.o .libs/libgsl.lax/lt62-init.o || cp .libs/libgsl.lax/libgslmultiset.a/init.o .libs/libgsl.lax/lt62-init.o
libtool: link: ln .libs/libgsl.lax/libgslmultiset.a/inline.o .libs/libgsl.lax/lt63-inline.o || cp .libs/libgsl.lax/libgslmultiset.a/inline.o .libs/libgsl.lax/lt63-inline.o
libtool: link: ln .libs/libgsl.lax/libgslpoly.a/deriv.o .libs/libgsl.lax/lt64-deriv.o || cp .libs/libgsl.lax/libgslpoly.a/deriv.o .libs/libgsl.lax/lt64-deriv.o
libtool: link: ln .libs/libgsl.lax/libgslpoly.a/eval.o .libs/libgsl.lax/lt65-eval.o || cp .libs/libgsl.lax/libgslpoly.a/eval.o .libs/libgsl.lax/lt65-eval.o
libtool: link: ln .libs/libgsl.lax/libgslqrng.a/inline.o .libs/libgsl.lax/lt66-inline.o || cp .libs/libgsl.lax/libgslqrng.a/inline.o .libs/libgsl.lax/lt66-inline.o
libtool: link: ln .libs/libgsl.lax/libgslrandist.a/exponential.o .libs/libgsl.lax/lt67-exponential.o || cp .libs/libgsl.lax/libgslrandist.a/exponential.o .libs/libgsl.lax/lt67-exponential.o
libtool: link: ln .libs/libgsl.lax/libgslrng.a/file.o .libs/libgsl.lax/lt68-file.o || cp .libs/libgsl.lax/libgslrng.a/file.o .libs/libgsl.lax/lt68-file.o
libtool: link: ln .libs/libgsl.lax/libgslrng.a/inline.o .libs/libgsl.lax/lt69-inline.o || cp .libs/libgsl.lax/libgslrng.a/inline.o .libs/libgsl.lax/lt69-inline.o
libtool: link: ln .libs/libgsl.lax/libgslroots.a/brent.o .libs/libgsl.lax/lt70-brent.o || cp .libs/libgsl.lax/libgslroots.a/brent.o .libs/libgsl.lax/lt70-brent.o
libtool: link: ln .libs/libgsl.lax/libgslroots.a/convergence.o .libs/libgsl.lax/lt71-convergence.o || cp .libs/libgsl.lax/libgslroots.a/convergence.o .libs/libgsl.lax/lt71-convergence.o
libtool: link: ln .libs/libgsl.lax/libgslroots.a/fdfsolver.o .libs/libgsl.lax/lt72-fdfsolver.o || cp .libs/libgsl.lax/libgslroots.a/fdfsolver.o .libs/libgsl.lax/lt72-fdfsolver.o
libtool: link: ln .libs/libgsl.lax/libgslroots.a/fsolver.o .libs/libgsl.lax/lt73-fsolver.o || cp .libs/libgsl.lax/libgslroots.a/fsolver.o .libs/libgsl.lax/lt73-fsolver.o
libtool: link: ln .libs/libgsl.lax/libgslroots.a/newton.o .libs/libgsl.lax/lt74-newton.o || cp .libs/libgsl.lax/libgslroots.a/newton.o .libs/libgsl.lax/lt74-newton.o
libtool: link: ln .libs/libgsl.lax/libgslsort.a/sort.o .libs/libgsl.lax/lt75-sort.o || cp .libs/libgsl.lax/libgslsort.a/sort.o .libs/libgsl.lax/lt75-sort.o
libtool: link: ln .libs/libgsl.lax/libgslspecfunc.a/beta.o .libs/libgsl.lax/lt76-beta.o || cp .libs/libgsl.lax/libgslspecfunc.a/beta.o .libs/libgsl.lax/lt76-beta.o
libtool: link: ln .libs/libgsl.lax/libgslspecfunc.a/gamma.o .libs/libgsl.lax/lt77-gamma.o || cp .libs/libgsl.lax/libgslspecfunc.a/gamma.o .libs/libgsl.lax/lt77-gamma.o
libtool: link: ln .libs/libgsl.lax/libgslspecfunc.a/gegenbauer.o .libs/libgsl.lax/lt78-gegenbauer.o || cp .libs/libgsl.lax/libgslspecfunc.a/gegenbauer.o .libs/libgsl.lax/lt78-gegenbauer.o
libtool: link: ln .libs/libgsl.lax/libgslspecfunc.a/hermite.o .libs/libgsl.lax/lt79-hermite.o || cp .libs/libgsl.lax/libgslspecfunc.a/hermite.o .libs/libgsl.lax/lt79-hermite.o
libtool: link: ln .libs/libgsl.lax/libgslspecfunc.a/hyperg.o .libs/libgsl.lax/lt80-hyperg.o || cp .libs/libgsl.lax/libgslspecfunc.a/hyperg.o .libs/libgsl.lax/lt80-hyperg.o
libtool: link: ln .libs/libgsl.lax/libgslspecfunc.a/inline.o .libs/libgsl.lax/lt81-inline.o || cp .libs/libgsl.lax/libgslspecfunc.a/inline.o .libs/libgsl.lax/lt81-inline.o
libtool: link: ln .libs/libgsl.lax/libgslspecfunc.a/laguerre.o .libs/libgsl.lax/lt82-laguerre.o || cp .libs/libgsl.lax/libgslspecfunc.a/laguerre.o .libs/libgsl.lax/lt82-laguerre.o
libtool: link: ln .libs/libgsl.lax/libgslstatistics.a/median.o .libs/libgsl.lax/lt83-median.o || cp .libs/libgsl.lax/libgslstatistics.a/median.o .libs/libgsl.lax/lt83-median.o
libtool: link: ln .libs/libgsl.lax/libgslstatistics.a/minmax.o .libs/libgsl.lax/lt84-minmax.o || cp .libs/libgsl.lax/libgslstatistics.a/minmax.o .libs/libgsl.lax/lt84-minmax.o
libtool: link: ln .libs/libgsl.lax/libgslsys.a/minmax.o .libs/libgsl.lax/lt85-minmax.o || cp .libs/libgsl.lax/libgslsys.a/minmax.o .libs/libgsl.lax/lt85-minmax.o
libtool: link: ln .libs/libgsl.lax/libgslsys.a/pow_int.o .libs/libgsl.lax/lt86-pow_int.o || cp .libs/libgsl.lax/libgslsys.a/pow_int.o .libs/libgsl.lax/lt86-pow_int.o
libtool: link: ln .libs/libgsl.lax/libgslvector.a/copy.o .libs/libgsl.lax/lt87-copy.o || cp .libs/libgsl.lax/libgslvector.a/copy.o .libs/libgsl.lax/lt87-copy.o
libtool: link: ln .libs/libgsl.lax/libgslvector.a/file.o .libs/libgsl.lax/lt88-file.o || cp .libs/libgsl.lax/libgslvector.a/file.o .libs/libgsl.lax/lt88-file.o
libtool: link: ln .libs/libgsl.lax/libgslvector.a/init.o .libs/libgsl.lax/lt89-init.o || cp .libs/libgsl.lax/libgslvector.a/init.o .libs/libgsl.lax/lt89-init.o
libtool: link: ln .libs/libgsl.lax/libgslvector.a/minmax.o .libs/libgsl.lax/lt90-minmax.o || cp .libs/libgsl.lax/libgslvector.a/minmax.o .libs/libgsl.lax/lt90-minmax.o
libtool: link: ln .libs/libgsl.lax/libgslvector.a/oper.o .libs/libgsl.lax/lt91-oper.o || cp .libs/libgsl.lax/libgslvector.a/oper.o .libs/libgsl.lax/lt91-oper.o
libtool: link: ln .libs/libgsl.lax/libgslvector.a/prop.o .libs/libgsl.lax/lt92-prop.o || cp .libs/libgsl.lax/libgslvector.a/prop.o .libs/libgsl.lax/lt92-prop.o
libtool: link: ln .libs/libgsl.lax/libgslvector.a/swap.o .libs/libgsl.lax/lt93-swap.o || cp .libs/libgsl.lax/libgslvector.a/swap.o .libs/libgsl.lax/lt93-swap.o
libtool: link: ln .libs/libgsl.lax/libgslvector.a/view.o .libs/libgsl.lax/lt94-view.o || cp .libs/libgsl.lax/libgslvector.a/view.o .libs/libgsl.lax/lt94-view.o
libtool: link: ln .libs/libgsl.lax/libgslcdf.a/beta.o .libs/libgsl.lax/lt95-beta.o || cp .libs/libgsl.lax/libgslcdf.a/beta.o .libs/libgsl.lax/lt95-beta.o
libtool: link: ln .libs/libgsl.lax/libgslcdf.a/binomial.o .libs/libgsl.lax/lt96-binomial.o || cp .libs/libgsl.lax/libgslcdf.a/binomial.o .libs/libgsl.lax/lt96-binomial.o
libtool: link: ln .libs/libgsl.lax/libgslcdf.a/cauchy.o .libs/libgsl.lax/lt97-cauchy.o || cp .libs/libgsl.lax/libgslcdf.a/cauchy.o .libs/libgsl.lax/lt97-cauchy.o
libtool: link: ln .libs/libgsl.lax/libgslcdf.a/chisq.o .libs/libgsl.lax/lt98-chisq.o || cp .libs/libgsl.lax/libgslcdf.a/chisq.o .libs/libgsl.lax/lt98-chisq.o
libtool: link: ln .libs/libgsl.lax/libgslcdf.a/exponential.o .libs/libgsl.lax/lt99-exponential.o || cp .libs/libgsl.lax/libgslcdf.a/exponential.o .libs/libgsl.lax/lt99-exponential.o
libtool: link: ln .libs/libgsl.lax/libgslcdf.a/exppow.o .libs/libgsl.lax/lt100-exppow.o || cp .libs/libgsl.lax/libgslcdf.a/exppow.o .libs/libgsl.lax/lt100-exppow.o
libtool: link: ln .libs/libgsl.lax/libgslcdf.a/fdist.o .libs/libgsl.lax/lt101-fdist.o || cp .libs/libgsl.lax/libgslcdf.a/fdist.o .libs/libgsl.lax/lt101-fdist.o
libtool: link: ln .libs/libgsl.lax/libgslcdf.a/flat.o .libs/libgsl.lax/lt102-flat.o || cp .libs/libgsl.lax/libgslcdf.a/flat.o .libs/libgsl.lax/lt102-flat.o
libtool: link: ln .libs/libgsl.lax/libgslcdf.a/gamma.o .libs/libgsl.lax/lt103-gamma.o || cp .libs/libgsl.lax/libgslcdf.a/gamma.o .libs/libgsl.lax/lt103-gamma.o
libtool: link: ln .libs/libgsl.lax/libgslcdf.a/gauss.o .libs/libgsl.lax/lt104-gauss.o || cp .libs/libgsl.lax/libgslcdf.a/gauss.o .libs/libgsl.lax/lt104-gauss.o
libtool: link: ln .libs/libgsl.lax/libgslcdf.a/geometric.o .libs/libgsl.lax/lt105-geometric.o || cp .libs/libgsl.lax/libgslcdf.a/geometric.o .libs/libgsl.lax/lt105-geometric.o
libtool: link: ln .libs/libgsl.lax/libgslcdf.a/laplace.o .libs/libgsl.lax/lt106-laplace.o || cp .libs/libgsl.lax/libgslcdf.a/laplace.o .libs/libgsl.lax/lt106-laplace.o
libtool: link: ln .libs/libgsl.lax/libgslcdf.a/logistic.o .libs/libgsl.lax/lt107-logistic.o || cp .libs/libgsl.lax/libgslcdf.a/logistic.o .libs/libgsl.lax/lt107-logistic.o
libtool: link: ln .libs/libgsl.lax/libgslcdf.a/lognormal.o .libs/libgsl.lax/lt108-lognormal.o || cp .libs/libgsl.lax/libgslcdf.a/lognormal.o .libs/libgsl.lax/lt108-lognormal.o
libtool: link: ln .libs/libgsl.lax/libgslcdf.a/nbinomial.o .libs/libgsl.lax/lt109-nbinomial.o || cp .libs/libgsl.lax/libgslcdf.a/nbinomial.o .libs/libgsl.lax/lt109-nbinomial.o
libtool: link: ln .libs/libgsl.lax/libgslcdf.a/pareto.o .libs/libgsl.lax/lt110-pareto.o || cp .libs/libgsl.lax/libgslcdf.a/pareto.o .libs/libgsl.lax/lt110-pareto.o
libtool: link: ln .libs/libgsl.lax/libgslcdf.a/pascal.o .libs/libgsl.lax/lt111-pascal.o || cp .libs/libgsl.lax/libgslcdf.a/pascal.o .libs/libgsl.lax/lt111-pascal.o
libtool: link: ln .libs/libgsl.lax/libgslcdf.a/poisson.o .libs/libgsl.lax/lt112-poisson.o || cp .libs/libgsl.lax/libgslcdf.a/poisson.o .libs/libgsl.lax/lt112-poisson.o
libtool: link: ln .libs/libgsl.lax/libgslcdf.a/rayleigh.o .libs/libgsl.lax/lt113-rayleigh.o || cp .libs/libgsl.lax/libgslcdf.a/rayleigh.o .libs/libgsl.lax/lt113-rayleigh.o
libtool: link: ln .libs/libgsl.lax/libgslcdf.a/tdist.o .libs/libgsl.lax/lt114-tdist.o || cp .libs/libgsl.lax/libgslcdf.a/tdist.o .libs/libgsl.lax/lt114-tdist.o
libtool: link: ln .libs/libgsl.lax/libgslcdf.a/weibull.o .libs/libgsl.lax/lt115-weibull.o || cp .libs/libgsl.lax/libgslcdf.a/weibull.o .libs/libgsl.lax/lt115-weibull.o
libtool: link: ln .libs/libgsl.lax/libgslwavelet.a/bspline.o .libs/libgsl.lax/lt116-bspline.o || cp .libs/libgsl.lax/libgslwavelet.a/bspline.o .libs/libgsl.lax/lt116-bspline.o
libtool: link: ln .libs/libgsl.lax/libgslspmatrix.a/copy.o .libs/libgsl.lax/lt117-copy.o || cp .libs/libgsl.lax/libgslspmatrix.a/copy.o .libs/libgsl.lax/lt117-copy.o
libtool: link: ln .libs/libgsl.lax/libgslspmatrix.a/file.o .libs/libgsl.lax/lt118-file.o || cp .libs/libgsl.lax/libgslspmatrix.a/file.o .libs/libgsl.lax/lt118-file.o
libtool: link: ln .libs/libgsl.lax/libgslspmatrix.a/getset.o .libs/libgsl.lax/lt119-getset.o || cp .libs/libgsl.lax/libgslspmatrix.a/getset.o .libs/libgsl.lax/lt119-getset.o
libtool: link: ln .libs/libgsl.lax/libgslspmatrix.a/init.o .libs/libgsl.lax/lt120-init.o || cp .libs/libgsl.lax/libgslspmatrix.a/init.o .libs/libgsl.lax/lt120-init.o
libtool: link: ln .libs/libgsl.lax/libgslspmatrix.a/minmax.o .libs/libgsl.lax/lt121-minmax.o || cp .libs/libgsl.lax/libgslspmatrix.a/minmax.o .libs/libgsl.lax/lt121-minmax.o
libtool: link: ln .libs/libgsl.lax/libgslspmatrix.a/oper.o .libs/libgsl.lax/lt122-oper.o || cp .libs/libgsl.lax/libgslspmatrix.a/oper.o .libs/libgsl.lax/lt122-oper.o
libtool: link: ln .libs/libgsl.lax/libgslspmatrix.a/prop.o .libs/libgsl.lax/lt123-prop.o || cp .libs/libgsl.lax/libgslspmatrix.a/prop.o .libs/libgsl.lax/lt123-prop.o
libtool: link: ln .libs/libgsl.lax/libgslspmatrix.a/swap.o .libs/libgsl.lax/lt124-swap.o || cp .libs/libgsl.lax/libgslspmatrix.a/swap.o .libs/libgsl.lax/lt124-swap.o
libtool: link: ar cr .libs/libgsl.a version.o .libs/libgsl.lax/libgslblock.a/block.o .libs/libgsl.lax/libgslblock.a/file.o .libs/libgsl.lax/libgslblock.a/init.o .libs/libgsl.lax/libgslblas.a/blas.o .libs/libgsl.lax/libgslbspline.a/bspline.o .libs/libgsl.lax/libgslbspline.a/eval.o .libs/libgsl.lax/libgslbspline.a/gram.o .libs/libgsl.lax/libgslbspline.a/greville.o .libs/libgsl.lax/libgslbspline.a/inline.o .libs/libgsl.lax/libgslbspline.a/integ.o .libs/libgsl.lax/libgslbspline.a/interp.o .libs/libgsl.lax/libgslbspline.a/ls.o .libs/libgsl.lax/libgslbspline.a/old.o .libs/libgsl.lax/libgslbst.a/avl.o .libs/libgsl.lax/libgslbst.a/bst.o .libs/libgsl.lax/libgslbst.a/rb.o .libs/libgsl.lax/libgslbst.a/trav.o .libs/libgsl.lax/lt1-inline.o .libs/libgsl.lax/libgslcomplex.a/math.o .libs/libgsl.lax/libgslcheb.a/deriv.o .libs/libgsl.lax/lt2-eval.o .libs/libgsl.lax/lt3-init.o .libs/libgsl.lax/lt4-integ.o .libs/libgsl.lax/libgsldht.a/dht.o .libs/libgsl.lax/libgsldiff.a/diff.o .libs/libgsl.lax/lt5-deriv.o .libs/libgsl.lax/libgsleigen.a/francis.o .libs/libgsl.lax/libgsleigen.a/gen.o .libs/libgsl.lax/libgsleigen.a/genherm.o .libs/libgsl.lax/libgsleigen.a/genhermv.o .libs/libgsl.lax/libgsleigen.a/gensymm.o .libs/libgsl.lax/libgsleigen.a/gensymmv.o .libs/libgsl.lax/libgsleigen.a/genv.o .libs/libgsl.lax/libgsleigen.a/herm.o .libs/libgsl.lax/libgsleigen.a/hermv.o .libs/libgsl.lax/libgsleigen.a/jacobi.o .libs/libgsl.lax/libgsleigen.a/nonsymm.o .libs/libgsl.lax/libgsleigen.a/nonsymmv.o .libs/libgsl.lax/libgsleigen.a/schur.o .libs/libgsl.lax/libgsleigen.a/sort.o .libs/libgsl.lax/libgsleigen.a/symm.o .libs/libgsl.lax/libgsleigen.a/symmv.o .libs/libgsl.lax/libgslerr.a/error.o .libs/libgsl.lax/libgslerr.a/message.o .libs/libgsl.lax/libgslerr.a/stream.o .libs/libgsl.lax/libgslerr.a/strerror.o .libs/libgsl.lax/libgslfft.a/dft.o .libs/libgsl.lax/libgslfft.a/fft.o .libs/libgsl.lax/libgslfilter.a/gaussian.o .libs/libgsl.lax/libgslfilter.a/impulse.o .libs/libgsl.lax/libgslfilter.a/median.o .libs/libgsl.lax/libgslfilter.a/rmedian.o .libs/libgsl.lax/libgslfit.a/linear.o .libs/libgsl.lax/libgslhistogram.a/add.o .libs/libgsl.lax/libgslhistogram.a/add2d.o .libs/libgsl.lax/libgslhistogram.a/calloc_range.o .libs/libgsl.lax/libgslhistogram.a/calloc_range2d.o .libs/libgsl.lax/libgslhistogram.a/copy.o .libs/libgsl.lax/libgslhistogram.a/copy2d.o .libs/libgsl.lax/lt6-file.o .libs/libgsl.lax/libgslhistogram.a/file2d.o .libs/libgsl.lax/libgslhistogram.a/get.o .libs/libgsl.lax/libgslhistogram.a/get2d.o .libs/libgsl.lax/lt7-init.o .libs/libgsl.lax/libgslhistogram.a/init2d.o .libs/libgsl.lax/libgslhistogram.a/maxval.o .libs/libgsl.lax/libgslhistogram.a/maxval2d.o .libs/libgsl.lax/libgslhistogram.a/oper.o .libs/libgsl.lax/libgslhistogram.a/oper2d.o .libs/libgsl.lax/libgslhistogram.a/params.o .libs/libgsl.lax/libgslhistogram.a/params2d.o .libs/libgsl.lax/libgslhistogram.a/pdf.o .libs/libgsl.lax/libgslhistogram.a/pdf2d.o .libs/libgsl.lax/libgslhistogram.a/reset.o .libs/libgsl.lax/libgslhistogram.a/reset2d.o .libs/libgsl.lax/libgslhistogram.a/stat.o .libs/libgsl.lax/libgslhistogram.a/stat2d.o .libs/libgsl.lax/libgslieeeutils.a/env.o .libs/libgsl.lax/libgslieeeutils.a/fp.o .libs/libgsl.lax/libgslieeeutils.a/make_rep.o .libs/libgsl.lax/libgslieeeutils.a/print.o .libs/libgsl.lax/libgslieeeutils.a/read.o .libs/libgsl.lax/libgslintegration.a/chebyshev.o .libs/libgsl.lax/libgslintegration.a/chebyshev2.o .libs/libgsl.lax/libgslintegration.a/cquad.o .libs/libgsl.lax/libgslintegration.a/exponential.o .libs/libgsl.lax/libgslintegration.a/fixed.o .libs/libgsl.lax/libgslintegration.a/gegenbauer.o .libs/libgsl.lax/libgslintegration.a/glfixed.o .libs/libgsl.lax/libgslintegration.a/hermite.o .libs/libgsl.lax/lt8-jacobi.o .libs/libgsl.lax/libgslintegration.a/laguerre.o .libs/libgsl.lax/libgslintegration.a/lebedev.o .libs/libgsl.lax/libgslintegration.a/legendre.o .libs/libgsl.lax/libgslintegration.a/qag.o .libs/libgsl.lax/libgslintegration.a/qagp.o .libs/libgsl.lax/libgslintegration.a/qags.o .libs/libgsl.lax/libgslintegration.a/qawc.o .libs/libgsl.lax/libgslintegration.a/qawf.o .libs/libgsl.lax/libgslintegration.a/qawo.o .libs/libgsl.lax/libgslintegration.a/qaws.o .libs/libgsl.lax/libgslintegration.a/qcheb.o .libs/libgsl.lax/libgslintegration.a/qk.o .libs/libgsl.lax/libgslintegration.a/qk15.o .libs/libgsl.lax/libgslintegration.a/qk21.o .libs/libgsl.lax/libgslintegration.a/qk31.o .libs/libgsl.lax/libgslintegration.a/qk41.o .libs/libgsl.lax/libgslintegration.a/qk51.o .libs/libgsl.lax/libgslintegration.a/qk61.o .libs/libgsl.lax/libgslintegration.a/qmomo.o .libs/libgsl.lax/libgslintegration.a/qmomof.o .libs/libgsl.lax/libgslintegration.a/qng.o .libs/libgsl.lax/libgslintegration.a/rational.o .libs/libgsl.lax/libgslintegration.a/romberg.o .libs/libgsl.lax/libgslintegration.a/workspace.o .libs/libgsl.lax/libgslinterpolation.a/accel.o .libs/libgsl.lax/libgslinterpolation.a/akima.o .libs/libgsl.lax/libgslinterpolation.a/bicubic.o .libs/libgsl.lax/libgslinterpolation.a/bilinear.o .libs/libgsl.lax/libgslinterpolation.a/cspline.o .libs/libgsl.lax/lt9-inline.o .libs/libgsl.lax/lt10-interp.o .libs/libgsl.lax/libgslinterpolation.a/interp2d.o .libs/libgsl.lax/lt11-linear.o .libs/libgsl.lax/libgslinterpolation.a/poly.o .libs/libgsl.lax/libgslinterpolation.a/spline.o .libs/libgsl.lax/libgslinterpolation.a/spline2d.o .libs/libgsl.lax/libgslinterpolation.a/steffen.o .libs/libgsl.lax/libgsllinalg.a/balance.o .libs/libgsl.lax/libgsllinalg.a/balancemat.o .libs/libgsl.lax/libgsllinalg.a/bidiag.o .libs/libgsl.lax/libgsllinalg.a/cholesky.o .libs/libgsl.lax/libgsllinalg.a/cholesky_band.o .libs/libgsl.lax/libgsllinalg.a/choleskyc.o .libs/libgsl.lax/libgsllinalg.a/cod.o .libs/libgsl.lax/libgsllinalg.a/condest.o .libs/libgsl.lax/lt12-exponential.o .libs/libgsl.lax/libgsllinalg.a/hermtd.o .libs/libgsl.lax/libgsllinalg.a/hessenberg.o .libs/libgsl.lax/libgsllinalg.a/hesstri.o .libs/libgsl.lax/libgsllinalg.a/hh.o .libs/libgsl.lax/libgsllinalg.a/householder.o .libs/libgsl.lax/libgsllinalg.a/householdercomplex.o .libs/libgsl.lax/lt13-inline.o .libs/libgsl.lax/libgsllinalg.a/invtri.o .libs/libgsl.lax/libgsllinalg.a/invtri_complex.o .libs/libgsl.lax/libgsllinalg.a/ldlt.o .libs/libgsl.lax/libgsllinalg.a/ldlt_band.o .libs/libgsl.lax/libgsllinalg.a/lq.o .libs/libgsl.lax/libgsllinalg.a/lu.o .libs/libgsl.lax/libgsllinalg.a/lu_band.o .libs/libgsl.lax/libgsllinalg.a/luc.o .libs/libgsl.lax/libgsllinalg.a/mcholesky.o .libs/libgsl.lax/libgsllinalg.a/multiply.o .libs/libgsl.lax/libgsllinalg.a/pcholesky.o .libs/libgsl.lax/libgsllinalg.a/ptlq.o .libs/libgsl.lax/libgsllinalg.a/ql.o .libs/libgsl.lax/libgsllinalg.a/qr.o .libs/libgsl.lax/libgsllinalg.a/qr_band.o .libs/libgsl.lax/libgsllinalg.a/qr_ud.o .libs/libgsl.lax/libgsllinalg.a/qr_ur.o .libs/libgsl.lax/libgsllinalg.a/qr_uu.o .libs/libgsl.lax/libgsllinalg.a/qr_uz.o .libs/libgsl.lax/libgsllinalg.a/qrc.o .libs/libgsl.lax/libgsllinalg.a/qrpt.o .libs/libgsl.lax/libgsllinalg.a/rqr.o .libs/libgsl.lax/libgsllinalg.a/rqrc.o .libs/libgsl.lax/libgsllinalg.a/svd.o .libs/libgsl.lax/libgsllinalg.a/symmtd.o .libs/libgsl.lax/libgsllinalg.a/tridiag.o .libs/libgsl.lax/libgsllinalg.a/trimult.o .libs/libgsl.lax/libgsllinalg.a/trimult_complex.o .libs/libgsl.lax/lt14-copy.o .libs/libgsl.lax/lt15-file.o .libs/libgsl.lax/libgslmatrix.a/getset.o .libs/libgsl.lax/lt16-init.o .libs/libgsl.lax/libgslmatrix.a/matrix.o .libs/libgsl.lax/libgslmatrix.a/minmax.o .libs/libgsl.lax/lt17-oper.o .libs/libgsl.lax/libgslmatrix.a/prop.o .libs/libgsl.lax/libgslmatrix.a/rowcol.o .libs/libgsl.lax/libgslmatrix.a/submatrix.o .libs/libgsl.lax/libgslmatrix.a/swap.o .libs/libgsl.lax/libgslmatrix.a/view.o .libs/libgsl.lax/libgslmin.a/bracketing.o .libs/libgsl.lax/libgslmin.a/brent.o .libs/libgsl.lax/libgslmin.a/convergence.o .libs/libgsl.lax/libgslmin.a/fsolver.o .libs/libgsl.lax/libgslmin.a/golden.o .libs/libgsl.lax/libgslmin.a/quad_golden.o .libs/libgsl.lax/libgslmonte.a/miser.o .libs/libgsl.lax/libgslmonte.a/plain.o .libs/libgsl.lax/libgslmonte.a/vegas.o .libs/libgsl.lax/lt18-convergence.o .libs/libgsl.lax/libgslmultifit.a/covar.o .libs/libgsl.lax/libgslmultifit.a/fdfridge.o .libs/libgsl.lax/libgslmultifit.a/fdfsolver.o .libs/libgsl.lax/libgslmultifit.a/fdjac.o .libs/libgsl.lax/lt19-fsolver.o .libs/libgsl.lax/libgslmultifit.a/gcv.o .libs/libgsl.lax/libgslmultifit.a/gradient.o .libs/libgsl.lax/libgslmultifit.a/lmder.o .libs/libgsl.lax/libgslmultifit.a/lmniel.o .libs/libgsl.lax/libgslmultifit.a/multilinear.o .libs/libgsl.lax/libgslmultifit.a/multireg.o .libs/libgsl.lax/libgslmultifit.a/multirobust.o .libs/libgsl.lax/libgslmultifit.a/multiwlinear.o .libs/libgsl.lax/libgslmultifit.a/robust_wfun.o .libs/libgsl.lax/libgslmultifit.a/work.o .libs/libgsl.lax/lt20-cholesky.o .libs/libgsl.lax/lt21-convergence.o .libs/libgsl.lax/lt22-covar.o .libs/libgsl.lax/libgslmultifit_nlinear.a/dogleg.o .libs/libgsl.lax/libgslmultifit_nlinear.a/fdf.o .libs/libgsl.lax/libgslmultifit_nlinear.a/fdfvv.o .libs/libgsl.lax/lt23-fdjac.o .libs/libgsl.lax/libgslmultifit_nlinear.a/lm.o .libs/libgsl.lax/lt24-mcholesky.o .libs/libgsl.lax/lt25-qr.o .libs/libgsl.lax/libgslmultifit_nlinear.a/scaling.o .libs/libgsl.lax/libgslmultifit_nlinear.a/subspace2D.o .libs/libgsl.lax/lt26-svd.o .libs/libgsl.lax/libgslmultifit_nlinear.a/trust.o .libs/libgsl.lax/libgslmultilarge.a/multilarge.o .libs/libgsl.lax/libgslmultilarge.a/normal.o .libs/libgsl.lax/libgslmultilarge.a/tsqr.o .libs/libgsl.lax/libgslmultilarge_nlinear.a/cgst.o .libs/libgsl.lax/lt27-cholesky.o .libs/libgsl.lax/lt28-convergence.o .libs/libgsl.lax/lt29-dogleg.o .libs/libgsl.lax/libgslmultilarge_nlinear.a/dummy.o .libs/libgsl.lax/lt30-fdf.o .libs/libgsl.lax/lt31-lm.o .libs/libgsl.lax/lt32-mcholesky.o .libs/libgsl.lax/lt33-scaling.o .libs/libgsl.lax/lt34-subspace2D.o .libs/libgsl.lax/lt35-trust.o .libs/libgsl.lax/libgslmultimin.a/conjugate_fr.o .libs/libgsl.lax/libgslmultimin.a/conjugate_pr.o .libs/libgsl.lax/lt36-convergence.o .libs/libgsl.lax/lt37-diff.o .libs/libgsl.lax/libgslmultimin.a/fdfminimizer.o .libs/libgsl.lax/libgslmultimin.a/fminimizer.o .libs/libgsl.lax/libgslmultimin.a/simplex.o .libs/libgsl.lax/libgslmultimin.a/simplex2.o .libs/libgsl.lax/libgslmultimin.a/steepest_descent.o .libs/libgsl.lax/libgslmultimin.a/vector_bfgs.o .libs/libgsl.lax/libgslmultimin.a/vector_bfgs2.o .libs/libgsl.lax/libgslmultiroots.a/broyden.o .libs/libgsl.lax/lt38-convergence.o .libs/libgsl.lax/libgslmultiroots.a/dnewton.o .libs/libgsl.lax/lt39-fdfsolver.o .libs/libgsl.lax/lt40-fdjac.o .libs/libgsl.lax/lt41-fsolver.o .libs/libgsl.lax/libgslmultiroots.a/gnewton.o .libs/libgsl.lax/libgslmultiroots.a/hybrid.o .libs/libgsl.lax/libgslmultiroots.a/hybridj.o .libs/libgsl.lax/libgslmultiroots.a/newton.o .libs/libgsl.lax/libgslntuple.a/ntuple.o .libs/libgsl.lax/libgslodeiv.a/bsimp.o .libs/libgsl.lax/libgslodeiv.a/control.o .libs/libgsl.lax/libgslodeiv.a/cscal.o .libs/libgsl.lax/libgslodeiv.a/cstd.o .libs/libgsl.lax/libgslodeiv.a/evolve.o .libs/libgsl.lax/libgslodeiv.a/gear1.o .libs/libgsl.lax/libgslodeiv.a/gear2.o .libs/libgsl.lax/libgslodeiv.a/rk2.o .libs/libgsl.lax/libgslodeiv.a/rk2imp.o .libs/libgsl.lax/libgslodeiv.a/rk2simp.o .libs/libgsl.lax/libgslodeiv.a/rk4.o .libs/libgsl.lax/libgslodeiv.a/rk4imp.o .libs/libgsl.lax/libgslodeiv.a/rk8pd.o .libs/libgsl.lax/libgslodeiv.a/rkck.o .libs/libgsl.lax/libgslodeiv.a/rkf45.o .libs/libgsl.lax/libgslodeiv.a/step.o .libs/libgsl.lax/lt42-bsimp.o .libs/libgsl.lax/lt43-control.o .libs/libgsl.lax/lt44-cscal.o .libs/libgsl.lax/lt45-cstd.o .libs/libgsl.lax/libgslodeiv2.a/driver.o .libs/libgsl.lax/lt46-evolve.o .libs/libgsl.lax/libgslodeiv2.a/msadams.o .libs/libgsl.lax/libgslodeiv2.a/msbdf.o .libs/libgsl.lax/libgslodeiv2.a/rk1imp.o .libs/libgsl.lax/lt47-rk2.o .libs/libgsl.lax/lt48-rk2imp.o .libs/libgsl.lax/lt49-rk4.o .libs/libgsl.lax/lt50-rk4imp.o .libs/libgsl.lax/lt51-rk8pd.o .libs/libgsl.lax/lt52-rkck.o .libs/libgsl.lax/lt53-rkf45.o .libs/libgsl.lax/lt54-step.o .libs/libgsl.lax/libgslpermutation.a/canonical.o .libs/libgsl.lax/lt55-file.o .libs/libgsl.lax/lt56-init.o .libs/libgsl.lax/lt57-inline.o .libs/libgsl.lax/libgslpermutation.a/permutation.o .libs/libgsl.lax/libgslpermutation.a/permute.o .libs/libgsl.lax/libgslcombination.a/combination.o .libs/libgsl.lax/lt58-file.o .libs/libgsl.lax/lt59-init.o .libs/libgsl.lax/lt60-inline.o .libs/libgsl.lax/lt61-file.o .libs/libgsl.lax/lt62-init.o .libs/libgsl.lax/lt63-inline.o .libs/libgsl.lax/libgslmultiset.a/multiset.o .libs/libgsl.lax/libgslpoly.a/dd.o .libs/libgsl.lax/lt64-deriv.o .libs/libgsl.lax/lt65-eval.o .libs/libgsl.lax/libgslpoly.a/solve_cubic.o .libs/libgsl.lax/libgslpoly.a/solve_quadratic.o .libs/libgsl.lax/libgslpoly.a/zsolve.o .libs/libgsl.lax/libgslpoly.a/zsolve_cubic.o .libs/libgsl.lax/libgslpoly.a/zsolve_init.o .libs/libgsl.lax/libgslpoly.a/zsolve_quadratic.o .libs/libgsl.lax/libgslqrng.a/halton.o .libs/libgsl.lax/lt66-inline.o .libs/libgsl.lax/libgslqrng.a/niederreiter-2.o .libs/libgsl.lax/libgslqrng.a/qrng.o .libs/libgsl.lax/libgslqrng.a/reversehalton.o .libs/libgsl.lax/libgslqrng.a/sobol.o .libs/libgsl.lax/libgslrandist.a/bernoulli.o .libs/libgsl.lax/libgslrandist.a/beta.o .libs/libgsl.lax/libgslrandist.a/bigauss.o .libs/libgsl.lax/libgslrandist.a/binomial.o .libs/libgsl.lax/libgslrandist.a/binomial_tpe.o .libs/libgsl.lax/libgslrandist.a/cauchy.o .libs/libgsl.lax/libgslrandist.a/chisq.o .libs/libgsl.lax/libgslrandist.a/dirichlet.o .libs/libgsl.lax/libgslrandist.a/discrete.o .libs/libgsl.lax/libgslrandist.a/erlang.o .libs/libgsl.lax/lt67-exponential.o .libs/libgsl.lax/libgslrandist.a/exppow.o .libs/libgsl.lax/libgslrandist.a/fdist.o .libs/libgsl.lax/libgslrandist.a/flat.o .libs/libgsl.lax/libgslrandist.a/gamma.o .libs/libgsl.lax/libgslrandist.a/gauss.o .libs/libgsl.lax/libgslrandist.a/gausstail.o .libs/libgsl.lax/libgslrandist.a/gausszig.o .libs/libgsl.lax/libgslrandist.a/geometric.o .libs/libgsl.lax/libgslrandist.a/gumbel.o .libs/libgsl.lax/libgslrandist.a/hyperg.o .libs/libgsl.lax/libgslrandist.a/landau.o .libs/libgsl.lax/libgslrandist.a/laplace.o .libs/libgsl.lax/libgslrandist.a/levy.o .libs/libgsl.lax/libgslrandist.a/logarithmic.o .libs/libgsl.lax/libgslrandist.a/logistic.o .libs/libgsl.lax/libgslrandist.a/lognormal.o .libs/libgsl.lax/libgslrandist.a/multinomial.o .libs/libgsl.lax/libgslrandist.a/mvgauss.o .libs/libgsl.lax/libgslrandist.a/nbinomial.o .libs/libgsl.lax/libgslrandist.a/pareto.o .libs/libgsl.lax/libgslrandist.a/pascal.o .libs/libgsl.lax/libgslrandist.a/poisson.o .libs/libgsl.lax/libgslrandist.a/rayleigh.o .libs/libgsl.lax/libgslrandist.a/shuffle.o .libs/libgsl.lax/libgslrandist.a/sphere.o .libs/libgsl.lax/libgslrandist.a/tdist.o .libs/libgsl.lax/libgslrandist.a/weibull.o .libs/libgsl.lax/libgslrandist.a/wishart.o .libs/libgsl.lax/libgslrng.a/borosh13.o .libs/libgsl.lax/libgslrng.a/cmrg.o .libs/libgsl.lax/libgslrng.a/coveyou.o .libs/libgsl.lax/libgslrng.a/default.o .libs/libgsl.lax/lt68-file.o .libs/libgsl.lax/libgslrng.a/fishman18.o .libs/libgsl.lax/libgslrng.a/fishman20.o .libs/libgsl.lax/libgslrng.a/fishman2x.o .libs/libgsl.lax/libgslrng.a/gfsr4.o .libs/libgsl.lax/lt69-inline.o .libs/libgsl.lax/libgslrng.a/knuthran.o .libs/libgsl.lax/libgslrng.a/knuthran2.o .libs/libgsl.lax/libgslrng.a/knuthran2002.o .libs/libgsl.lax/libgslrng.a/lecuyer21.o .libs/libgsl.lax/libgslrng.a/minstd.o .libs/libgsl.lax/libgslrng.a/mrg.o .libs/libgsl.lax/libgslrng.a/mt.o .libs/libgsl.lax/libgslrng.a/r250.o .libs/libgsl.lax/libgslrng.a/ran0.o .libs/libgsl.lax/libgslrng.a/ran1.o .libs/libgsl.lax/libgslrng.a/ran2.o .libs/libgsl.lax/libgslrng.a/ran3.o .libs/libgsl.lax/libgslrng.a/rand.o .libs/libgsl.lax/libgslrng.a/rand48.o .libs/libgsl.lax/libgslrng.a/random.o .libs/libgsl.lax/libgslrng.a/randu.o .libs/libgsl.lax/libgslrng.a/ranf.o .libs/libgsl.lax/libgslrng.a/ranlux.o .libs/libgsl.lax/libgslrng.a/ranlxd.o .libs/libgsl.lax/libgslrng.a/ranlxs.o .libs/libgsl.lax/libgslrng.a/ranmar.o .libs/libgsl.lax/libgslrng.a/rng.o .libs/libgsl.lax/libgslrng.a/slatec.o .libs/libgsl.lax/libgslrng.a/taus.o .libs/libgsl.lax/libgslrng.a/taus113.o .libs/libgsl.lax/libgslrng.a/transputer.o .libs/libgsl.lax/libgslrng.a/tt.o .libs/libgsl.lax/libgslrng.a/types.o .libs/libgsl.lax/libgslrng.a/uni.o .libs/libgsl.lax/libgslrng.a/uni32.o .libs/libgsl.lax/libgslrng.a/vax.o .libs/libgsl.lax/libgslrng.a/waterman14.o .libs/libgsl.lax/libgslrng.a/zuf.o .libs/libgsl.lax/libgslroots.a/bisection.o .libs/libgsl.lax/lt70-brent.o .libs/libgsl.lax/lt71-convergence.o .libs/libgsl.lax/libgslroots.a/falsepos.o .libs/libgsl.lax/lt72-fdfsolver.o .libs/libgsl.lax/lt73-fsolver.o .libs/libgsl.lax/lt74-newton.o .libs/libgsl.lax/libgslroots.a/secant.o .libs/libgsl.lax/libgslroots.a/steffenson.o .libs/libgsl.lax/libgslsiman.a/siman.o .libs/libgsl.lax/lt75-sort.o .libs/libgsl.lax/libgslsort.a/sortind.o .libs/libgsl.lax/libgslsort.a/sortvec.o .libs/libgsl.lax/libgslsort.a/sortvecind.o .libs/libgsl.lax/libgslsort.a/subset.o .libs/libgsl.lax/libgslsort.a/subsetind.o .libs/libgsl.lax/libgslspecfunc.a/airy.o .libs/libgsl.lax/libgslspecfunc.a/airy_der.o .libs/libgsl.lax/libgslspecfunc.a/airy_zero.o .libs/libgsl.lax/libgslspecfunc.a/alf_P.o .libs/libgsl.lax/libgslspecfunc.a/atanint.o .libs/libgsl.lax/libgslspecfunc.a/bessel.o .libs/libgsl.lax/libgslspecfunc.a/bessel_I0.o .libs/libgsl.lax/libgslspecfunc.a/bessel_I1.o .libs/libgsl.lax/libgslspecfunc.a/bessel_In.o .libs/libgsl.lax/libgslspecfunc.a/bessel_Inu.o .libs/libgsl.lax/libgslspecfunc.a/bessel_J0.o .libs/libgsl.lax/libgslspecfunc.a/bessel_J1.o .libs/libgsl.lax/libgslspecfunc.a/bessel_Jn.o .libs/libgsl.lax/libgslspecfunc.a/bessel_Jnu.o .libs/libgsl.lax/libgslspecfunc.a/bessel_K0.o .libs/libgsl.lax/libgslspecfunc.a/bessel_K1.o .libs/libgsl.lax/libgslspecfunc.a/bessel_Kn.o .libs/libgsl.lax/libgslspecfunc.a/bessel_Knu.o .libs/libgsl.lax/libgslspecfunc.a/bessel_Y0.o .libs/libgsl.lax/libgslspecfunc.a/bessel_Y1.o .libs/libgsl.lax/libgslspecfunc.a/bessel_Yn.o .libs/libgsl.lax/libgslspecfunc.a/bessel_Ynu.o .libs/libgsl.lax/libgslspecfunc.a/bessel_amp_phase.o .libs/libgsl.lax/libgslspecfunc.a/bessel_i.o .libs/libgsl.lax/libgslspecfunc.a/bessel_j.o .libs/libgsl.lax/libgslspecfunc.a/bessel_k.o .libs/libgsl.lax/libgslspecfunc.a/bessel_olver.o .libs/libgsl.lax/libgslspecfunc.a/bessel_sequence.o .libs/libgsl.lax/libgslspecfunc.a/bessel_temme.o .libs/libgsl.lax/libgslspecfunc.a/bessel_y.o .libs/libgsl.lax/libgslspecfunc.a/bessel_zero.o .libs/libgsl.lax/lt76-beta.o .libs/libgsl.lax/libgslspecfunc.a/beta_inc.o .libs/libgsl.lax/libgslspecfunc.a/clausen.o .libs/libgsl.lax/libgslspecfunc.a/coulomb.o .libs/libgsl.lax/libgslspecfunc.a/coulomb_bound.o .libs/libgsl.lax/libgslspecfunc.a/coupling.o .libs/libgsl.lax/libgslspecfunc.a/dawson.o .libs/libgsl.lax/libgslspecfunc.a/debye.o .libs/libgsl.lax/libgslspecfunc.a/dilog.o .libs/libgsl.lax/libgslspecfunc.a/elementary.o .libs/libgsl.lax/libgslspecfunc.a/ellint.o .libs/libgsl.lax/libgslspecfunc.a/elljac.o .libs/libgsl.lax/libgslspecfunc.a/erfc.o .libs/libgsl.lax/libgslspecfunc.a/exp.o .libs/libgsl.lax/libgslspecfunc.a/expint.o .libs/libgsl.lax/libgslspecfunc.a/expint3.o .libs/libgsl.lax/libgslspecfunc.a/fermi_dirac.o .libs/libgsl.lax/lt77-gamma.o .libs/libgsl.lax/libgslspecfunc.a/gamma_inc.o .libs/libgsl.lax/lt78-gegenbauer.o .libs/libgsl.lax/lt79-hermite.o .libs/libgsl.lax/lt80-hyperg.o .libs/libgsl.lax/libgslspecfunc.a/hyperg_0F1.o .libs/libgsl.lax/libgslspecfunc.a/hyperg_1F1.o .libs/libgsl.lax/libgslspecfunc.a/hyperg_2F0.o .libs/libgsl.lax/libgslspecfunc.a/hyperg_2F1.o .libs/libgsl.lax/libgslspecfunc.a/hyperg_U.o .libs/libgsl.lax/lt81-inline.o .libs/libgsl.lax/lt82-laguerre.o .libs/libgsl.lax/libgslspecfunc.a/lambert.o .libs/libgsl.lax/libgslspecfunc.a/legendre_H3d.o .libs/libgsl.lax/libgslspecfunc.a/legendre_P.o .libs/libgsl.lax/libgslspecfunc.a/legendre_Qn.o .libs/libgsl.lax/libgslspecfunc.a/legendre_con.o .libs/libgsl.lax/libgslspecfunc.a/legendre_poly.o .libs/libgsl.lax/libgslspecfunc.a/log.o .libs/libgsl.lax/libgslspecfunc.a/mathieu_angfunc.o .libs/libgsl.lax/libgslspecfunc.a/mathieu_charv.o .libs/libgsl.lax/libgslspecfunc.a/mathieu_coeff.o .libs/libgsl.lax/libgslspecfunc.a/mathieu_radfunc.o .libs/libgsl.lax/libgslspecfunc.a/mathieu_workspace.o .libs/libgsl.lax/libgslspecfunc.a/poch.o .libs/libgsl.lax/libgslspecfunc.a/pow_int.o .libs/libgsl.lax/libgslspecfunc.a/psi.o .libs/libgsl.lax/libgslspecfunc.a/result.o .libs/libgsl.lax/libgslspecfunc.a/shint.o .libs/libgsl.lax/libgslspecfunc.a/sincos_pi.o .libs/libgsl.lax/libgslspecfunc.a/sinint.o .libs/libgsl.lax/libgslspecfunc.a/synchrotron.o .libs/libgsl.lax/libgslspecfunc.a/transport.o .libs/libgsl.lax/libgslspecfunc.a/trig.o .libs/libgsl.lax/libgslspecfunc.a/zeta.o .libs/libgsl.lax/libgslmovstat.a/alloc.o .libs/libgsl.lax/libgslmovstat.a/apply.o .libs/libgsl.lax/libgslmovstat.a/fill.o .libs/libgsl.lax/libgslmovstat.a/funcacc.o .libs/libgsl.lax/libgslmovstat.a/madacc.o .libs/libgsl.lax/libgslmovstat.a/medacc.o .libs/libgsl.lax/libgslmovstat.a/mmacc.o .libs/libgsl.lax/libgslmovstat.a/movQn.o .libs/libgsl.lax/libgslmovstat.a/movSn.o .libs/libgsl.lax/libgslmovstat.a/movmad.o .libs/libgsl.lax/libgslmovstat.a/movmean.o .libs/libgsl.lax/libgslmovstat.a/movmedian.o .libs/libgsl.lax/libgslmovstat.a/movminmax.o .libs/libgsl.lax/libgslmovstat.a/movqqr.o .libs/libgsl.lax/libgslmovstat.a/movsum.o .libs/libgsl.lax/libgslmovstat.a/movvariance.o .libs/libgsl.lax/libgslmovstat.a/mvacc.o .libs/libgsl.lax/libgslmovstat.a/qnacc.o .libs/libgsl.lax/libgslmovstat.a/qqracc.o .libs/libgsl.lax/libgslmovstat.a/snacc.o .libs/libgsl.lax/libgslmovstat.a/sumacc.o .libs/libgsl.lax/libgslrstat.a/rquantile.o .libs/libgsl.lax/libgslrstat.a/rstat.o .libs/libgsl.lax/libgslstatistics.a/Qn.o .libs/libgsl.lax/libgslstatistics.a/Sn.o .libs/libgsl.lax/libgslstatistics.a/absdev.o .libs/libgsl.lax/libgslstatistics.a/covariance.o .libs/libgsl.lax/libgslstatistics.a/gastwirth.o .libs/libgsl.lax/libgslstatistics.a/kurtosis.o .libs/libgsl.lax/libgslstatistics.a/lag1.o .libs/libgsl.lax/libgslstatistics.a/mad.o .libs/libgsl.lax/libgslstatistics.a/mean.o .libs/libgsl.lax/lt83-median.o .libs/libgsl.lax/lt84-minmax.o .libs/libgsl.lax/libgslstatistics.a/p_variance.o .libs/libgsl.lax/libgslstatistics.a/quantiles.o .libs/libgsl.lax/libgslstatistics.a/select.o .libs/libgsl.lax/libgslstatistics.a/skew.o .libs/libgsl.lax/libgslstatistics.a/trmean.o .libs/libgsl.lax/libgslstatistics.a/ttest.o .libs/libgsl.lax/libgslstatistics.a/variance.o .libs/libgsl.lax/libgslstatistics.a/wabsdev.o .libs/libgsl.lax/libgslstatistics.a/wkurtosis.o .libs/libgsl.lax/libgslstatistics.a/wmean.o .libs/libgsl.lax/libgslstatistics.a/wskew.o .libs/libgsl.lax/libgslstatistics.a/wvariance.o .libs/libgsl.lax/libgslsum.a/levin_u.o .libs/libgsl.lax/libgslsum.a/levin_utrunc.o .libs/libgsl.lax/libgslsum.a/work_u.o .libs/libgsl.lax/libgslsum.a/work_utrunc.o .libs/libgsl.lax/libgslsys.a/coerce.o .libs/libgsl.lax/libgslsys.a/expm1.o .libs/libgsl.lax/libgslsys.a/fcmp.o .libs/libgsl.lax/libgslsys.a/fdiv.o .libs/libgsl.lax/libgslsys.a/hypot.o .libs/libgsl.lax/libgslsys.a/infnan.o .libs/libgsl.lax/libgslsys.a/invhyp.o .libs/libgsl.lax/libgslsys.a/ldfrexp.o .libs/libgsl.lax/libgslsys.a/log1p.o .libs/libgsl.lax/lt85-minmax.o .libs/libgsl.lax/lt86-pow_int.o .libs/libgsl.lax/libgslsys.a/prec.o .libs/libgsl.lax/libgsltest.a/results.o .libs/libgsl.lax/libutils.a/placeholder.o .libs/libgsl.lax/lt87-copy.o .libs/libgsl.lax/lt88-file.o .libs/libgsl.lax/lt89-init.o .libs/libgsl.lax/lt90-minmax.o .libs/libgsl.lax/lt91-oper.o .libs/libgsl.lax/lt92-prop.o .libs/libgsl.lax/libgslvector.a/reim.o .libs/libgsl.lax/libgslvector.a/subvector.o .libs/libgsl.lax/lt93-swap.o .libs/libgsl.lax/libgslvector.a/vector.o .libs/libgsl.lax/lt94-view.o .libs/libgsl.lax/lt95-beta.o .libs/libgsl.lax/libgslcdf.a/betainv.o .libs/libgsl.lax/lt96-binomial.o .libs/libgsl.lax/lt97-cauchy.o .libs/libgsl.lax/libgslcdf.a/cauchyinv.o .libs/libgsl.lax/lt98-chisq.o .libs/libgsl.lax/libgslcdf.a/chisqinv.o .libs/libgsl.lax/lt99-exponential.o .libs/libgsl.lax/libgslcdf.a/exponentialinv.o .libs/libgsl.lax/lt100-exppow.o .libs/libgsl.lax/lt101-fdist.o .libs/libgsl.lax/libgslcdf.a/fdistinv.o .libs/libgsl.lax/lt102-flat.o .libs/libgsl.lax/libgslcdf.a/flatinv.o .libs/libgsl.lax/lt103-gamma.o .libs/libgsl.lax/libgslcdf.a/gammainv.o .libs/libgsl.lax/lt104-gauss.o .libs/libgsl.lax/libgslcdf.a/gaussinv.o .libs/libgsl.lax/lt105-geometric.o .libs/libgsl.lax/libgslcdf.a/gumbel1.o .libs/libgsl.lax/libgslcdf.a/gumbel1inv.o .libs/libgsl.lax/libgslcdf.a/gumbel2.o .libs/libgsl.lax/libgslcdf.a/gumbel2inv.o .libs/libgsl.lax/libgslcdf.a/hypergeometric.o .libs/libgsl.lax/lt106-laplace.o .libs/libgsl.lax/libgslcdf.a/laplaceinv.o .libs/libgsl.lax/lt107-logistic.o .libs/libgsl.lax/libgslcdf.a/logisticinv.o .libs/libgsl.lax/lt108-lognormal.o .libs/libgsl.lax/libgslcdf.a/lognormalinv.o .libs/libgsl.lax/lt109-nbinomial.o .libs/libgsl.lax/lt110-pareto.o .libs/libgsl.lax/libgslcdf.a/paretoinv.o .libs/libgsl.lax/lt111-pascal.o .libs/libgsl.lax/lt112-poisson.o .libs/libgsl.lax/lt113-rayleigh.o .libs/libgsl.lax/libgslcdf.a/rayleighinv.o .libs/libgsl.lax/lt114-tdist.o .libs/libgsl.lax/libgslcdf.a/tdistinv.o .libs/libgsl.lax/lt115-weibull.o .libs/libgsl.lax/libgslcdf.a/weibullinv.o .libs/libgsl.lax/lt116-bspline.o .libs/libgsl.lax/libgslwavelet.a/daubechies.o .libs/libgsl.lax/libgslwavelet.a/dwt.o .libs/libgsl.lax/libgslwavelet.a/haar.o .libs/libgsl.lax/libgslwavelet.a/wavelet.o .libs/libgsl.lax/libgslspmatrix.a/compress.o .libs/libgsl.lax/lt117-copy.o .libs/libgsl.lax/lt118-file.o .libs/libgsl.lax/lt119-getset.o .libs/libgsl.lax/lt120-init.o .libs/libgsl.lax/lt121-minmax.o .libs/libgsl.lax/lt122-oper.o .libs/libgsl.lax/lt123-prop.o .libs/libgsl.lax/lt124-swap.o .libs/libgsl.lax/libgslspmatrix.a/util.o .libs/libgsl.lax/libgslspblas.a/spdgemm.o .libs/libgsl.lax/libgslspblas.a/spdgemv.o .libs/libgsl.lax/libgslsplinalg.a/gmres.o .libs/libgsl.lax/libgslsplinalg.a/itersolve.o
libtool: link: ranlib .libs/libgsl.a
libtool: link: rm -fr .libs/libgsl.lax .libs/libgsl.lax
libtool: link: ( cd ".libs" && rm -f "libgsl.la" && ln -s "../libgsl.la" "libgsl.la" )
libtool: link: /usr/bin/cc -g -O2 -o gsl-randist gsl-randist.o  ./.libs/libgsl.a cblas/.libs/libgslcblas.a -lm
libtool: link: /usr/bin/cc -g -O2 -o gsl-histogram gsl-histogram.o  ./.libs/libgsl.a cblas/.libs/libgslcblas.a -lm
creating gsl-config
creating gsl.pc
